transaction_amount,transaction_frequency,avg_transaction_size,num_counterparties,cross_border_ratio,cash_ratio,night_transaction_ratio,round_amount_ratio,account_age_months,num_accounts_linked,transaction_type,origin_country,account_type,industry,structuring_flag,rapid_movement_flag,dormant_reactivation,pep_connection,prior_sar_flag,geographic_dispersion,risk_label,timestamp
7039.021349652887,51,442.1764283487158,9,0.10246959386463932,0.38147907775876716,0.19887129782890325,0.19450498968318206,63,1,transfer,Unknown,investment,finance,0,1,1,0,0,2,suspicious,2023-05-25 00:00:00
45151.82146376282,57,8853.727902760169,41,0.14249870539349824,0.31087201205299675,0.18653231841109782,0.02655972958071931,17,7,exchange,Jordan,personal,retail,0,0,0,0,0,9,clean,2023-11-08 13:00:00
19751.185403181742,37,2104.2271340956186,18,0.1455360437230922,0.4484283186190939,0.05024111238530361,0.03478469313296199,36,8,withdrawal,UAE,charity,finance,0,0,0,0,0,9,clean,2023-08-07 06:00:00
13694.1383066393,8,2233.174158584534,29,0.30623653769709575,0.2609656654755728,0.050190969648512926,0.2597648909704132,19,2,transfer,Offshore,personal,retail,1,0,0,0,0,16,suspicious,2023-07-07 15:00:00
2544.373056935194,7,2922.810269204622,39,0.2968453133705178,0.2053974707852865,0.028475719162149353,0.16290520172548276,5,4,payment,Iran,personal,finance,0,0,0,0,0,8,suspicious,2023-04-20 16:00:00
2543.9443787190776,14,526.4245787857806,27,0.25498084245918684,0.5699352276837383,0.14885603827275784,0.029873861245051325,23,2,withdrawal,Offshore,charity,unknown,0,0,0,0,0,5,clean,2023-08-23 13:00:00
897.5815291302101,56,1559.6286314994588,36,0.3689786626996466,0.6014474406116745,0.12663939124755544,0.1375203657264708,108,13,payment,Russia,business,NGO,0,0,0,0,1,10,high_risk,2023-05-09 09:00:00
30168.46296719909,55,100.0,45,0.09950511311096245,0.18492035989333136,0.19403380336924186,0.3259847821806525,19,14,transfer,Saudi Arabia,investment,construction,0,0,0,0,0,6,clean,2023-08-15 21:00:00
13786.232304408968,3,4716.202507730968,17,0.1367668398832889,0.691492369382922,0.23814406392192786,0.1720180755442999,1,6,deposit,Unknown,business,unknown,0,1,0,0,0,4,suspicious,2023-02-13 02:00:00
18468.750925568853,50,704.1419958940097,34,0.06880165709924974,0.21071209104297103,0.10275236869302369,0.003620817757379031,27,5,payment,Iran,personal,real_estate,0,1,0,0,0,1,suspicious,2023-06-19 10:00:00
311.9896199870793,16,9182.065776040916,46,0.28864324066537744,0.365240680515043,0.21558930340289154,0.19069219968737083,43,11,payment,Russia,business,construction,0,1,0,0,0,9,suspicious,2023-08-01 06:00:00
52553.36212737468,55,2149.5516907849315,3,0.036823532537390305,0.46173656603534535,0.07788948064721705,0.22468561179420246,25,11,withdrawal,Iran,personal,unknown,0,1,0,0,0,8,suspicious,2023-03-21 20:00:00
26796.443150320127,19,22998.622291492924,5,0.3598319895039463,0.24035305341040822,0.015287627758350887,0.20843389408230878,54,5,exchange,Unknown,personal,retail,1,0,0,0,0,3,suspicious,2023-11-18 04:00:00
3580.3143787342046,51,16399.16303606169,14,0.2454526047718947,0.32797815963415383,0.029398497337735936,0.3169574857965009,6,12,deposit,Iran,charity,construction,1,0,0,0,0,1,suspicious,2023-07-27 06:00:00
3010.1848312449506,18,2733.6251757145037,3,0.4667269078428315,0.14877663330444954,0.2889812099359423,0.12118612236183764,100,14,withdrawal,Iran,charity,retail,0,0,0,0,0,13,suspicious,2023-05-15 13:00:00
3039.171342483856,52,12230.810378194788,23,0.4848976836619624,0.28314182374255065,0.005657197790205868,0.16220577463464086,81,8,withdrawal,Saudi Arabia,business,unknown,0,0,0,0,1,18,suspicious,2023-08-13 01:00:00
5441.305941907157,16,13006.363956075556,39,0.20728173763152624,0.18017954000806852,0.14104366200570334,0.030783651617898592,76,12,transfer,Iran,charity,construction,0,0,0,0,0,12,clean,2023-07-20 22:00:00
11158.917462912817,8,34478.013405408994,30,0.4906330004339166,0.38009431925656934,0.5019652880459162,0.02130177684497612,25,13,exchange,Offshore,personal,unknown,0,0,0,0,0,11,suspicious,2023-08-16 17:00:00
8483.05600170505,33,7287.241815109277,45,0.0803358637236154,0.6577197080413855,0.10903518529657504,0.18063906916946945,74,1,exchange,Iran,business,real_estate,0,0,0,0,1,15,high_risk,2023-02-06 20:00:00
5163.344888309122,49,684.1645036961554,23,0.34422726525803293,0.6852913436353288,0.1676912177833544,0.28880225547433935,119,10,deposit,Iran,charity,unknown,0,0,0,1,0,18,high_risk,2023-11-05 11:00:00
14195.563108496981,12,8326.609763752973,27,0.5498252104976015,0.6021519419459788,0.0172751198438571,0.14517644395587476,46,2,deposit,Unknown,business,NGO,0,0,0,0,0,12,suspicious,2023-08-09 04:00:00
2253.51793091008,53,7846.202001114679,10,0.1958924485800157,0.3416670701332304,0.02627812487362244,0.11014874238743531,103,1,exchange,Russia,investment,real_estate,0,0,0,0,0,5,clean,2023-10-16 20:00:00
5182.732680036034,11,8136.639858527108,25,0.2687289902050597,0.26194727874524987,0.10083279073449428,0.1364941672244174,59,4,payment,Kuwait,business,unknown,0,0,0,1,0,5,clean,2023-02-15 14:00:00
6844.158273312706,5,2935.483778445441,13,0.21128519918629296,0.18452401377823324,0.05405998209814196,0.28318175890606123,119,2,payment,Saudi Arabia,investment,construction,0,0,0,1,0,16,clean,2023-08-07 10:00:00
9134.020317896626,27,15710.614347275827,16,0.25670463739155636,0.3600983415838055,0.1280065363185581,0.26592893162477554,55,10,withdrawal,Russia,personal,retail,0,0,0,0,0,17,suspicious,2023-11-20 15:00:00
23069.04016546368,12,25646.133600236724,41,0.4253659357385407,0.2163167047598238,0.13369090664535238,0.15383858378902504,24,11,exchange,UAE,business,construction,0,0,0,0,0,19,clean,2023-06-17 18:00:00
3341.0379319303543,17,1964.2638042690019,34,0.7051345474409769,0.3520458130413247,0.03364255090985723,0.40566550949784547,75,7,withdrawal,Kuwait,personal,unknown,0,0,0,0,0,7,clean,2023-06-02 03:00:00
10830.437325496916,6,738.2571431141376,37,0.19636104165803467,0.09979009534407651,0.13919108712585257,0.0801775134160724,24,12,payment,Jordan,personal,NGO,0,0,0,0,0,7,clean,2023-02-27 00:00:00
13462.570819646407,33,1730.6845580875463,22,0.5521913957259339,0.10400191952567202,0.137066262925113,0.22687961841605683,3,5,deposit,Iran,business,unknown,0,0,1,0,0,18,suspicious,2023-08-14 20:00:00
713.4577463461281,5,13742.964661115193,17,0.19154538336398233,0.33560871261694397,0.21407356135582264,0.10724488747807918,40,5,exchange,Russia,charity,unknown,1,0,0,0,0,3,suspicious,2023-06-10 01:00:00
14029.995309744152,57,9032.02686993435,23,0.4550721190795117,0.19207115177940598,0.09143559553823669,0.030864919935396758,20,1,transfer,Kuwait,charity,finance,0,0,0,0,0,10,clean,2023-03-03 00:00:00
2804.4187796612464,28,8085.851849402696,36,0.3892436750129584,0.35225292802993197,0.05781612144664204,0.23071833591750865,87,2,withdrawal,UAE,business,real_estate,1,0,0,0,0,18,suspicious,2023-01-05 05:00:00
1008.9589631895636,14,4110.549255520868,49,0.20192282728632285,0.06090477273608398,0.19463356614122215,0.14649250235688907,69,5,exchange,UAE,investment,retail,1,0,0,0,0,12,clean,2023-07-23 00:00:00
44605.31690260396,5,6898.739180529278,9,0.347894271512641,0.20802412969922343,0.022812320204347074,0.08508862967930003,100,7,transfer,Russia,personal,real_estate,0,0,0,0,0,5,clean,2023-04-13 20:00:00
50559.45513691759,54,2943.899520109715,2,0.5434896229692638,0.3594329830749379,0.03227972119956966,0.06147832125177626,77,1,withdrawal,Iran,investment,unknown,0,0,0,0,0,6,suspicious,2023-01-20 10:00:00
24784.97359219315,56,5188.451593127676,32,0.42095433932295606,0.3867053617471576,0.15693210123064164,0.17093080668565414,100,7,payment,UAE,personal,unknown,0,0,0,0,1,13,suspicious,2023-04-22 23:00:00
5449.317899531375,59,12602.72813571278,22,0.4315786388223158,0.14994632662312476,0.3143224652376187,0.11759520891299874,70,11,withdrawal,Iran,business,real_estate,0,0,0,0,1,3,suspicious,2023-04-25 10:00:00
1541.6597250375935,33,31808.907929918787,43,0.2976152237685171,0.5148729004971211,0.05572514385265517,0.00011026528003935334,66,12,deposit,Jordan,business,real_estate,0,0,0,0,0,6,clean,2023-10-06 05:00:00
17291.261446479926,50,21563.708796798885,13,0.23438949426212505,0.2479509546038111,0.18316846143012547,0.5029258420736435,93,2,withdrawal,Unknown,charity,NGO,0,0,0,1,0,9,suspicious,2023-06-15 05:00:00
8701.362638780975,48,21728.571423953435,8,0.42326070502252183,0.12208148647665364,0.032346960715729435,0.09148069978293802,69,2,withdrawal,Egypt,personal,real_estate,0,0,0,0,1,3,suspicious,2023-02-16 20:00:00
1952.2835093167296,41,4116.309868632903,1,0.5120158103910301,0.23774469999747827,0.21167367250004177,0.013805897157855459,79,9,exchange,Egypt,personal,finance,1,0,0,0,0,2,suspicious,2023-12-09 16:00:00
10253.208422012252,19,5060.781046004773,17,0.04244818725240515,0.43486520932701733,0.011091831646286483,0.08637721778073688,8,8,exchange,Offshore,investment,real_estate,0,0,0,0,0,17,clean,2023-08-03 18:00:00
524.9058216521863,22,9783.489052699879,12,0.21593485298186443,0.1513264748200158,0.0001824534581065551,0.09312428078080162,98,10,payment,Iran,business,unknown,0,1,0,0,0,17,suspicious,2023-06-02 10:00:00
36006.343310895354,5,20428.080805004225,4,0.43965848687574594,0.16765791324961588,0.10287561551112331,0.2836630085147737,117,4,deposit,Egypt,personal,retail,0,0,0,0,0,11,clean,2023-01-15 22:00:00
4491.866652610292,59,1225.1559102777724,13,0.2116603880972175,0.46380243354720885,0.05599012842882407,0.5376941221929952,55,5,deposit,Jordan,business,construction,1,0,0,0,1,8,suspicious,2023-02-05 08:00:00
16293.836978474705,2,2902.025476324717,31,0.36458218620511906,0.4984588697346153,0.08182589494353887,0.10467879739467437,37,9,payment,UAE,personal,NGO,0,0,0,0,0,2,clean,2023-11-26 15:00:00
5603.198724864355,30,1199.5800871247554,41,0.2354897748023317,0.36374000370338555,0.03804719936337683,0.02006220254360426,90,4,transfer,Egypt,investment,real_estate,0,0,0,0,0,17,clean,2023-05-28 19:00:00
11011.663438638428,47,7574.175392256885,7,0.2883124305418487,0.33754554672042236,0.13672914457119079,0.05895061848040748,73,10,withdrawal,Iran,charity,real_estate,0,1,0,0,0,9,suspicious,2023-04-05 06:00:00
11868.356969726963,39,2925.7370052039587,23,0.12267675066149945,0.3784446004270377,0.3925636435040861,0.029806813568625235,72,13,exchange,Saudi Arabia,personal,real_estate,0,0,0,0,0,13,clean,2023-09-09 10:00:00
3065.828992618586,4,3157.4815955105246,24,0.24186025471507314,0.4197495043913267,0.17867846864964324,0.08292613537078673,14,12,payment,Unknown,business,NGO,0,0,0,0,0,4,clean,2023-11-22 09:00:00
52392.106991043394,33,588.44864676336,5,0.6387251188917304,0.1590130851715415,0.04008483011076887,0.07767306507796533,48,8,payment,UAE,investment,retail,0,0,0,0,0,4,clean,2023-03-31 03:00:00
22383.680657072113,13,3443.75371389427,5,0.4234033205550953,0.36050203757785226,0.18332884926887774,0.27592024723941255,89,13,exchange,UAE,business,real_estate,0,0,0,0,1,8,suspicious,2023-11-25 17:00:00
42076.41628937374,20,15872.847691858888,17,0.46989720879685115,0.36595982838439356,0.13329960993736725,0.23943805986502,98,5,exchange,Iran,personal,real_estate,0,0,0,0,0,9,clean,2023-11-08 20:00:00
33782.27996301295,54,2122.9073030269756,30,0.5004585656402142,0.18248656705316213,0.12208658772912202,0.4143513823276771,67,1,transfer,Unknown,charity,NGO,0,0,0,0,0,3,suspicious,2023-11-30 13:00:00
13665.816185749125,7,9504.466677256427,9,0.15116799251290555,0.42685551104392044,0.14172208744494882,0.09592750962925473,32,7,deposit,Unknown,investment,real_estate,0,0,1,0,0,7,clean,2023-08-01 16:00:00
38241.53068904108,15,7945.986434803995,6,0.6753832817615126,0.5818892653626133,0.06981319864490607,0.12411105126668837,36,10,exchange,Unknown,charity,retail,0,0,0,0,0,18,suspicious,2023-04-08 12:00:00
1389.8318842967344,23,15930.543292106746,25,0.4023981640383866,0.07581456031984925,0.47836143102108597,0.02705548240590925,111,11,payment,Russia,charity,construction,0,0,0,0,0,13,suspicious,2023-05-02 00:00:00
3272.020419469012,14,1135.1628502704966,19,0.033235459652887,0.3925089300669941,0.1857141124485928,0.4135097352517248,5,11,withdrawal,Kuwait,business,NGO,0,0,0,0,0,2,clean,2023-07-30 12:00:00
694.2294853024794,23,30385.96977320208,16,0.3742229375461284,0.27212933063338274,0.04161844194190437,0.09745767737178941,79,3,transfer,UAE,business,NGO,0,1,1,0,1,14,suspicious,2023-07-30 06:00:00
5902.9813020463025,19,6990.231331222026,21,0.254568975173603,0.30916329986134594,0.18285557204087222,0.3904402076885924,92,7,withdrawal,Egypt,investment,unknown,0,0,0,0,0,14,clean,2023-06-26 11:00:00
7381.954376913279,54,43183.6031416227,2,0.4967410774715025,0.10826599293927291,0.3808662421613205,0.021343672472306473,18,8,withdrawal,Unknown,charity,retail,1,1,0,0,0,17,high_risk,2023-05-02 04:00:00
4748.406648132385,29,19399.353078221444,10,0.5780430036334041,0.1545560450662455,0.09656356892897813,0.08410787140287265,109,4,deposit,Russia,personal,real_estate,0,0,0,1,0,2,suspicious,2023-10-09 07:00:00
26468.36797861401,56,2003.2677948408998,16,0.33643457975975005,0.048811035696093255,0.13397036717349878,0.16713223606427097,11,11,withdrawal,Russia,personal,finance,0,0,0,0,1,19,high_risk,2023-02-23 01:00:00
6618.4049929480525,20,462.40598580349086,37,0.22414918402968134,0.0628671364567116,0.10610767126951152,0.3861512009133443,74,14,payment,UAE,personal,retail,0,0,0,0,0,10,clean,2023-08-31 23:00:00
4947.042602013738,29,2361.83418225554,15,0.08851827173084843,0.4627346288934583,0.058422177851427504,0.11469534991152855,4,6,payment,Russia,personal,real_estate,0,0,0,0,0,19,suspicious,2023-05-28 07:00:00
11736.10624811619,24,5998.817983993639,13,0.3126128920035,0.5336177719809133,0.012888952831425425,0.40722332071565753,20,10,exchange,Russia,business,NGO,0,0,0,1,0,19,suspicious,2023-07-05 10:00:00
2278.472217309433,18,1506.0381118919029,13,0.4630354318255933,0.47254457554139856,0.3158906264593714,0.1597869689891045,5,7,deposit,Unknown,charity,real_estate,0,0,0,0,0,13,suspicious,2023-12-18 14:00:00
24307.253936620968,10,1466.189626906025,32,0.14266101057651753,0.09813009938088267,0.034866689767684644,0.45283189831660414,63,8,exchange,Saudi Arabia,charity,unknown,0,0,0,0,1,16,suspicious,2023-12-20 20:00:00
1162.1380321696352,41,4968.004602024797,45,0.3091835574236958,0.6049479303093,0.00746139827945323,0.2627711521406883,54,3,withdrawal,Iran,investment,retail,0,0,0,0,0,12,suspicious,2023-05-14 17:00:00
65012.195093809794,57,270.671503438752,47,0.7716138605256216,0.6345082706067937,0.16366826796346587,0.3439160824819275,65,7,payment,Iran,personal,retail,0,0,0,0,0,4,suspicious,2023-03-28 18:00:00
22192.25664362267,8,1039.8497986271716,46,0.15066358183922243,0.4621249653899417,0.2872196633510411,0.00338745573565727,77,5,exchange,Iran,charity,NGO,1,0,0,0,1,12,high_risk,2023-01-19 02:00:00
3323.091607588289,26,4300.935134527299,8,0.6172240025400446,0.08747246875481392,0.3456957906902927,0.02158763693256442,110,7,payment,Iran,business,unknown,0,0,0,0,0,13,suspicious,2023-04-15 21:00:00
100.0,29,521.6852009665795,43,0.2215718560998294,0.71585771503596,0.06449985949082747,0.21963839872141586,86,6,exchange,Egypt,investment,NGO,0,1,0,0,1,2,suspicious,2023-06-13 02:00:00
25348.45166229189,10,4043.455652283052,18,0.22156081709149714,0.38332861470326113,0.09117815939560396,0.39554216985053586,112,13,transfer,UAE,personal,finance,0,0,0,1,0,2,clean,2023-01-20 01:00:00
18406.43861080567,17,5139.727830119171,36,0.40119679057083396,0.390511796694874,0.07246193871989848,0.0709237316361653,13,5,deposit,Russia,investment,finance,0,1,0,0,0,9,suspicious,2023-12-05 07:00:00
19584.943631819984,2,4801.14073013066,26,0.08903842557883551,0.3615448048663677,0.22921166767542742,0.06037272335809013,79,3,exchange,Unknown,charity,construction,0,0,0,0,0,18,clean,2023-12-22 05:00:00
22128.2178906527,6,16271.149093938604,10,0.367220011601928,0.3221478951995503,0.20602712041154703,0.3222406155286247,73,10,withdrawal,Kuwait,business,construction,0,0,0,0,0,16,clean,2023-07-30 12:00:00
1153.9389827069454,58,6041.243809572521,31,0.1266942456311641,0.1783987404106602,0.05719096690559017,0.07400438254072106,3,2,payment,Saudi Arabia,charity,unknown,1,0,0,0,0,14,suspicious,2023-11-20 08:00:00
6658.3900862434875,5,5048.600525195958,33,0.10026682873550272,0.4043157939615162,0.07608651366498093,0.17879101966137234,2,3,payment,Egypt,investment,NGO,0,0,0,0,0,1,clean,2023-11-05 04:00:00
1847.2515690667449,28,4230.684608243999,29,0.6342739303480931,0.3605938749466305,0.1204256977304338,0.3423114726406153,12,2,deposit,Jordan,business,retail,1,1,0,0,0,14,suspicious,2023-07-24 07:00:00
29827.94357487334,41,13613.45104068345,5,0.20233990497933269,0.33746196293789804,0.07040131544699876,0.10994782864195829,88,14,deposit,Jordan,charity,real_estate,0,1,0,0,1,7,suspicious,2023-10-15 12:00:00
14644.517875685611,5,18034.673279170045,13,0.2936803961348274,0.08040563083804571,0.4284950752683244,0.051449132648921,82,3,transfer,Russia,charity,finance,1,1,0,0,0,6,high_risk,2023-07-30 00:00:00
6027.282018769515,18,15351.788034918722,1,0.7060939868330507,0.5563575478529897,0.12289804599919078,0.05850938004320498,56,2,exchange,Unknown,business,NGO,0,0,0,0,0,4,clean,2023-01-02 02:00:00
985.0209870717433,26,8955.743994752454,23,0.38224026869343836,0.2694401721759126,0.08513213813770328,0.23742635925307773,58,1,transfer,Iran,charity,retail,0,0,0,0,0,11,clean,2023-05-05 21:00:00
5587.325256155305,20,1182.0787871467535,40,0.48483521797746565,0.045136788998909265,0.035083408328454316,0.18391718349032482,100,9,exchange,Russia,personal,NGO,0,0,0,0,0,6,suspicious,2023-05-07 11:00:00
5899.71319776197,41,2593.3297954833574,3,0.3001248020923905,0.14346032666908662,0.08351375576337121,0.11995410211760976,89,10,exchange,Saudi Arabia,charity,construction,0,0,0,0,0,7,clean,2023-07-10 05:00:00
19618.136759366113,49,377.2617136583557,3,0.4721094604514186,0.5586525214457604,0.12202589984357241,0.28807812095705293,52,5,deposit,Offshore,investment,finance,0,0,0,0,0,18,clean,2023-03-18 11:00:00
15223.3403838903,27,21368.81905098188,7,0.12031519845481507,0.5337009887610445,0.07100143827901531,0.2800522891867206,15,14,deposit,Offshore,charity,real_estate,0,0,0,0,1,7,suspicious,2023-05-06 11:00:00
32733.77868602272,49,8649.288323489098,36,0.3367312113313589,0.2765929291135009,0.036194745196763224,0.05801753386860419,1,9,exchange,Russia,business,NGO,0,0,0,0,1,13,high_risk,2023-05-19 22:00:00
9585.992000644646,12,10974.805695170005,35,0.32523858519385423,0.2889912197399742,0.1306870007308084,0.558717162041749,72,8,deposit,Saudi Arabia,personal,construction,0,0,0,0,0,10,clean,2023-07-25 21:00:00
1910.5859042325285,7,2986.7533053310713,15,0.20458725627448507,0.12044737495120787,0.03971786535899721,0.3597366548100778,113,14,exchange,UAE,charity,real_estate,0,0,0,0,0,6,clean,2023-09-24 15:00:00
18736.895164748992,59,14948.442786890851,40,0.34919088325478376,0.5527940805017313,0.17438586732176806,0.22132460334473336,101,7,deposit,Unknown,charity,construction,1,0,0,0,0,3,suspicious,2023-04-07 06:00:00
21455.89129615296,3,2404.553066713575,3,0.3235952475791394,0.08482287739375409,0.03579816213227262,0.00357529368727423,71,12,withdrawal,Jordan,investment,real_estate,0,0,0,0,0,1,clean,2023-06-18 09:00:00
12358.312423287432,10,100.0,29,0.24948831642106276,0.5187200018286219,0.1349830416027529,0.08698064813162147,99,6,exchange,Egypt,investment,NGO,1,0,0,0,0,16,clean,2023-01-30 10:00:00
22108.349500820466,34,3778.1610869243727,30,0.07173918942677221,0.2812234832951653,0.10460424940216738,0.038020421480441914,102,11,payment,Egypt,charity,finance,0,0,0,0,0,2,clean,2023-07-07 04:00:00
10212.22097265417,25,6765.940208944311,39,0.4122089785672231,0.31378062592304656,0.23607604345193942,0.3035620382428201,45,4,withdrawal,Saudi Arabia,investment,NGO,0,0,0,0,0,17,clean,2023-05-22 20:00:00
11095.182581659006,35,5211.511249564223,18,0.1757420100433962,0.3535581607662735,0.006873848015760894,0.10419087729242835,16,10,transfer,Saudi Arabia,charity,unknown,0,0,0,0,0,14,clean,2023-04-24 03:00:00
8367.21290862641,16,15848.428031205687,11,0.18079567742298294,0.1575646582545246,0.08150454841987914,0.145608277665572,17,10,deposit,Offshore,business,real_estate,0,0,0,0,0,10,clean,2023-02-23 23:00:00
386.2166098517059,2,891.0759739031857,43,0.20003027927350697,0.20655742852669245,0.08076765165681675,0.0262438255419982,102,7,transfer,Kuwait,charity,finance,0,1,0,0,0,9,clean,2023-05-21 20:00:00
1712.5115278779876,24,6456.324258244561,49,0.4528044986443689,0.03817415719310462,0.3351310901409323,0.15373460366805167,30,13,payment,Egypt,business,retail,0,0,0,0,0,12,clean,2023-04-24 16:00:00
479.00521939580733,10,5755.590031733677,38,0.544905706778155,0.1511697705643446,0.023949817867985383,0.3020845612377765,37,7,deposit,Iran,personal,retail,0,0,0,0,1,11,suspicious,2023-10-16 16:00:00
15175.943263913241,38,2643.5251070232607,40,0.16633829620745705,0.511890964993379,0.12779478165704583,0.3047927978587679,18,1,transfer,Egypt,business,construction,0,0,0,1,0,16,suspicious,2023-11-21 20:00:00
5660.950631926497,22,13818.032655080691,1,0.36814805603343614,0.2636302201492131,0.07458447881239764,0.08677277365394263,100,14,withdrawal,Russia,personal,NGO,0,0,0,0,0,4,clean,2023-08-31 10:00:00
10656.55765701285,26,11182.03520619382,29,0.16061553062352807,0.13355576815901535,0.11814114553652487,0.09864608390023495,76,9,transfer,Jordan,personal,NGO,0,0,0,0,0,11,clean,2023-01-20 18:00:00
35718.982947689634,43,10559.834970655273,10,0.22498750163245196,0.13223274262078688,0.03207665275684942,0.061973606715205146,92,14,deposit,Offshore,personal,unknown,0,0,0,0,0,13,suspicious,2023-12-29 23:00:00
4301.082344749475,55,16712.217307723637,28,0.07203607733119874,0.2142364931457141,0.10043882073654402,0.4949053798164558,112,4,withdrawal,Iran,investment,construction,0,0,0,0,0,8,clean,2023-10-28 01:00:00
7924.229623240089,39,10263.68367916801,31,0.05061740377237979,0.4407400566225271,0.08325252582433991,0.2756459164880005,11,7,payment,Offshore,charity,NGO,1,0,0,0,0,17,suspicious,2023-02-19 23:00:00
21131.23721307875,27,2110.071326166483,19,0.3458663848808894,0.3673435673014143,0.12465897203088998,0.025536733709654733,60,9,transfer,Jordan,business,NGO,0,1,0,0,1,11,suspicious,2023-01-15 09:00:00
3897.0773537609107,29,9781.513930794885,3,0.1798821323473924,0.28398740313609416,0.03600798154745407,0.01819218381257587,59,2,exchange,Iran,personal,real_estate,0,0,0,0,0,4,clean,2023-08-20 00:00:00
1201.5641782526454,47,2941.919641095187,36,0.2309096372121508,0.25752321413877466,0.01680530147345078,0.1946760193183621,107,13,deposit,Jordan,business,unknown,0,0,0,0,0,12,clean,2023-02-22 19:00:00
5132.104558305856,38,2218.418634539814,43,0.34323539326432584,0.22823438073057692,0.04905459248800719,0.04544429903267736,119,8,exchange,Iran,personal,real_estate,1,1,0,0,0,12,suspicious,2023-03-10 02:00:00
2637.1253775009427,20,606.4447140753691,15,0.2557664253106571,0.17977873170811787,0.0964673725364522,0.3421316473683165,70,11,exchange,Iran,investment,NGO,0,0,0,0,0,19,suspicious,2023-12-20 11:00:00
39824.25128820937,27,10901.515861744934,33,0.22208484371677747,0.26017184114668324,0.17502150742118822,0.30509536161772877,26,4,transfer,Jordan,personal,finance,1,0,0,0,0,18,suspicious,2023-10-27 18:00:00
24763.306207268542,41,9930.655355370433,41,0.39795638625623786,0.24769124271203083,0.09501984204957892,0.13790199589521682,80,14,exchange,Egypt,personal,unknown,0,0,1,0,0,10,suspicious,2023-11-19 15:00:00
15052.412857807965,54,2137.803052413106,43,0.06566233304888135,0.10943592386499575,0.3884807305370296,0.05507808179386305,38,4,withdrawal,Egypt,charity,retail,0,1,0,0,0,7,suspicious,2023-05-16 09:00:00
30772.795957812195,20,11070.508063034275,45,0.4583800499647827,0.10460167715459627,0.026182412593668686,0.0867571037421989,9,3,payment,Egypt,business,finance,0,1,0,0,0,19,suspicious,2023-01-07 09:00:00
24419.534111108347,44,19992.779695044534,26,0.20209424263739356,0.3766785077059424,0.12610127266791613,0.18346342387277387,82,10,payment,Kuwait,charity,finance,0,0,0,1,1,6,suspicious,2023-03-26 17:00:00
3097.432145379586,19,914.5728838772994,16,0.2811443452768494,0.29682843898835165,0.1873598101349408,0.022995379751640958,97,4,exchange,UAE,investment,real_estate,0,0,0,0,1,19,suspicious,2023-11-13 04:00:00
33462.20107853341,20,2118.358766731667,36,0.3835733044372991,0.17919070035272883,0.014026784640319152,0.3069650129140571,114,9,deposit,Saudi Arabia,business,construction,0,0,1,1,0,18,suspicious,2023-07-29 19:00:00
11626.49852949258,35,11098.70465565038,33,0.18499550845028062,0.29912696523232296,0.07029716900573786,0.15396060903760156,83,1,exchange,Kuwait,investment,NGO,0,0,0,0,0,12,clean,2023-03-10 18:00:00
24710.224369553493,47,2567.2272415500925,20,0.3705060992898164,0.27826388474813935,0.006397399005213587,0.08746201700701857,73,9,deposit,Russia,personal,real_estate,0,0,0,0,0,11,suspicious,2023-12-25 12:00:00
33963.63973929347,2,7839.468685317998,13,0.23608876249401511,0.30557695056537276,0.043979785572443295,0.38933217777960477,46,13,payment,Offshore,investment,finance,0,0,0,0,0,15,suspicious,2023-02-20 04:00:00
5740.960746274777,30,677.1829734803177,33,0.02933936311879185,0.6565326402633581,0.08367209289710724,0.16768822654984164,44,11,withdrawal,UAE,business,unknown,0,0,0,0,0,5,suspicious,2023-09-15 04:00:00
1748.8824018577625,53,4814.796381813057,5,0.05414831573406099,0.7519924737451944,0.15070725094433687,0.1610207984551523,42,10,deposit,Iran,business,retail,0,0,0,0,0,10,suspicious,2023-02-10 21:00:00
3880.3011920907206,34,10748.68167084338,37,0.3334325980588561,0.340217776974123,0.3678939627748355,0.39083821969774946,73,9,payment,Iran,business,finance,0,0,1,0,0,18,suspicious,2023-11-27 03:00:00
8355.865391229216,22,9280.003162522366,14,0.11328021659513836,0.03949520659385452,0.10403351529743862,0.29545451873892287,108,1,transfer,Offshore,charity,construction,0,0,0,0,1,15,suspicious,2023-05-20 14:00:00
25557.445899584174,3,13502.314106018759,27,0.23182735149125464,0.3579362923584815,0.1605202261769695,0.08008302175744561,69,13,exchange,Unknown,personal,NGO,0,0,0,0,0,13,suspicious,2023-12-04 10:00:00
29570.1745781975,6,16794.028176812913,23,0.14721255001246822,0.29065633434648014,0.1945867614668302,0.13527410104341955,23,9,deposit,UAE,business,construction,0,0,0,0,0,2,clean,2023-06-01 00:00:00
104.64613772475971,15,11868.911712013716,14,0.4006279976404403,0.25707837802551853,0.0789259002279679,0.23673647199370124,115,6,withdrawal,Jordan,investment,NGO,0,1,0,0,0,2,clean,2023-04-15 23:00:00
10723.142390078336,27,8907.884628226257,40,0.42084780422709994,0.24243983057427285,0.2013951495935185,0.007805155652861621,106,8,exchange,Saudi Arabia,investment,NGO,0,0,0,0,1,18,suspicious,2023-04-30 09:00:00
8104.09981378007,10,257.89240626210045,4,0.1100924074025664,0.10146814458912908,0.16534493876258885,0.1538707067394565,34,13,payment,Offshore,investment,unknown,0,0,0,0,0,3,suspicious,2023-06-11 01:00:00
3767.510074137367,9,6125.169647005933,39,0.1595391384134686,0.13158247408956816,0.44592683647133624,0.10435897032356747,102,8,payment,UAE,business,construction,0,0,0,0,0,16,clean,2023-12-16 17:00:00
1915.205873184702,33,307.41329925186164,19,0.20449896580838245,0.33842060629878706,0.027986065458691797,0.05256805348788448,22,14,payment,Unknown,business,unknown,0,1,1,0,0,2,suspicious,2023-12-14 14:00:00
6178.628697936487,32,13204.905467960927,47,0.247752264535516,0.6521073148419838,0.09534395259101143,0.06712694400041766,69,8,deposit,Russia,investment,construction,0,0,0,0,1,9,high_risk,2023-10-11 02:00:00
42946.816840367246,48,3093.8282078661623,4,0.021379702724627483,0.2130674089555036,0.268235646367851,0.03204108509540909,65,11,transfer,Egypt,investment,real_estate,1,0,0,0,0,10,suspicious,2023-04-09 23:00:00
5855.7570432221155,6,6612.137245002991,30,0.31496524530816405,0.43575994594888523,0.03864451933792567,0.2189142594033604,26,8,transfer,Egypt,personal,NGO,0,0,0,0,0,5,clean,2023-07-14 14:00:00
10971.792086402278,41,2621.8716566501594,19,0.03283461589008803,0.18200591620866866,0.11574118153043042,0.006735739897381436,82,12,payment,Jordan,business,retail,0,0,0,0,0,13,clean,2023-05-03 11:00:00
18211.304653212825,59,12204.456738168483,31,0.17542144343105673,0.3368675750259526,0.07801389509441597,0.15334754227411856,55,1,exchange,Saudi Arabia,investment,NGO,0,0,0,0,0,7,clean,2023-09-03 22:00:00
6779.617484504435,36,17407.7976277648,31,0.20138763640480165,0.45442397353965475,0.005777488325591777,0.3636294857058412,90,1,withdrawal,Jordan,business,retail,0,0,0,0,0,2,clean,2023-03-19 10:00:00
53516.972074375495,59,4068.5253579362006,9,0.058918171565168306,0.32008312855735677,0.009669248301166158,0.04873114719389101,15,7,exchange,Russia,personal,finance,0,0,0,0,0,10,clean,2023-09-04 00:00:00
49230.14796812097,2,15897.664342522225,13,0.16677178971284154,0.5374255127356612,0.10410964547365417,0.041164807618475616,66,11,deposit,Russia,charity,finance,0,1,1,0,0,7,suspicious,2023-10-20 11:00:00
4350.919424883079,29,2485.6952939189027,14,0.18000579251074067,0.30907328707191833,0.09445964853128369,0.005324278704688501,53,12,transfer,Offshore,business,real_estate,0,0,0,1,0,5,suspicious,2023-12-12 10:00:00
10314.889176957708,4,6119.911531545552,46,0.45304032115717074,0.2567710139301185,0.26396629333350907,0.06344162575945163,79,13,withdrawal,Jordan,business,NGO,0,0,0,0,0,6,clean,2023-04-13 18:00:00
5368.956901185702,1,15658.43865153429,10,0.4257829911888244,0.20310508431650673,0.03194839615706155,0.021616064081460624,11,12,payment,Russia,personal,real_estate,1,0,1,0,0,9,suspicious,2023-08-03 02:00:00
5028.745145716226,19,3154.7930722660954,48,0.05992465100845593,0.3454719439363623,0.14198673186617983,0.2931139520977067,58,9,payment,Egypt,business,retail,0,1,0,0,0,8,clean,2023-11-28 04:00:00
563.767166482838,26,24640.264887195128,31,0.4321365165290487,0.25319148970241717,0.16172575267406705,0.03837428477621315,109,11,deposit,UAE,investment,finance,0,1,0,0,0,18,suspicious,2023-10-05 11:00:00
14107.381064738896,25,1039.771624455596,37,0.08352747792682545,0.14748358571501424,0.2899132507014419,0.11568843728499494,84,14,deposit,Russia,personal,finance,0,0,0,0,0,1,suspicious,2023-08-23 21:00:00
10477.794492444576,10,147.55297280817732,23,0.13076543185743542,0.0805061837833892,0.2429166501978939,0.13571247468684997,111,10,deposit,Unknown,charity,NGO,0,1,1,0,0,15,suspicious,2023-12-07 14:00:00
792.7663107058872,53,18758.544040640194,27,0.11813329674910349,0.33806614693681836,0.33256294933230673,0.18451589014047626,42,8,deposit,Egypt,personal,retail,0,0,0,0,0,17,clean,2023-08-23 08:00:00
4899.38881515554,15,568.94960266807,6,0.6071916407611678,0.17347034772589728,0.1939915082158808,0.2187266374715944,81,11,payment,Iran,investment,unknown,0,0,0,0,0,18,suspicious,2023-08-23 12:00:00
35832.91426634011,59,38516.46617941291,26,0.26149566329909946,0.3873918457661389,0.05928507973355063,0.019270900902068473,69,13,payment,UAE,business,real_estate,1,1,0,0,0,18,suspicious,2023-12-15 22:00:00
4107.908282131156,22,24192.53745463187,2,0.24850005005129458,0.4403731107972937,0.07743630781952252,0.10807305959821158,33,5,deposit,Egypt,personal,finance,0,1,0,0,0,5,clean,2023-02-27 06:00:00
2347.9629147820465,51,1178.9185413323785,45,0.29260379207901616,0.3246141417298632,0.05096041974702821,0.13713474888657495,115,8,payment,Iran,investment,retail,0,0,0,0,0,7,suspicious,2023-11-16 14:00:00
10084.081642104544,48,6170.3337059355235,13,0.17952743109912536,0.11859353825446141,0.027458420908532264,0.2883697729851349,44,9,deposit,Jordan,investment,real_estate,0,0,1,0,0,5,clean,2023-11-19 12:00:00
63660.55473922889,21,1635.755008032042,19,0.15893682110587526,0.4037958153663946,0.03002237313110582,0.2444744128199955,89,7,withdrawal,Russia,investment,NGO,0,0,0,0,0,14,clean,2023-10-14 18:00:00
4157.172203395893,59,4471.100847416126,1,0.06591577641137601,0.333834178603223,0.0782510670307726,0.02623860396406315,7,11,deposit,Offshore,personal,retail,0,0,0,0,0,3,clean,2023-01-06 00:00:00
16727.3251544594,56,507.1411928819364,40,0.47375047399389114,0.1680840613734827,0.3372322693607516,0.14613912337180743,98,10,deposit,Offshore,personal,NGO,0,0,0,0,0,13,suspicious,2023-05-13 09:00:00
21508.314393591943,22,2028.0446627692488,32,0.580847327316781,0.6092249428836455,0.3268981851427697,0.16510706355040253,117,11,withdrawal,Russia,personal,unknown,0,0,0,0,0,4,suspicious,2023-08-24 21:00:00
4069.9975850370865,36,3611.311735516609,22,0.2029599347054169,0.24655850372601792,0.0356437890522534,0.2099725689387415,79,13,transfer,Kuwait,charity,NGO,1,0,1,0,0,17,suspicious,2023-08-09 23:00:00
19541.233927384743,34,4619.249831808893,48,0.34734706892468964,0.20507857570874383,0.47305349400299657,0.04517296124064927,52,3,exchange,Kuwait,investment,construction,0,0,0,0,0,1,clean,2023-06-18 14:00:00
6877.84198896456,30,30352.589454171273,29,0.6795020205777257,0.4802980523300629,0.033639545514346,0.024128273946476885,13,9,deposit,Offshore,personal,finance,0,0,0,0,0,13,suspicious,2023-09-25 03:00:00
15007.55621597657,25,13196.483116888583,2,0.14506481556097342,0.27051959069581205,0.13653107439843068,0.030004875864803555,32,5,withdrawal,UAE,personal,NGO,0,0,1,0,0,8,clean,2023-05-15 03:00:00
15057.567407064575,45,10697.289491979573,40,0.16599399979432444,0.21617050048051886,0.16639032631768733,0.3578221779842978,39,11,withdrawal,Kuwait,business,NGO,0,0,0,0,0,6,clean,2023-09-25 08:00:00
11510.778749285231,28,6160.939692651405,38,0.49157165181170925,0.18956265438084005,0.14254427903648298,0.025288969141002458,78,8,payment,Unknown,business,real_estate,0,0,0,1,0,14,suspicious,2023-05-18 20:00:00
1419.4373821743143,1,14660.53974098722,48,0.039152253439208605,0.5703803414532471,0.0027172938141023454,0.13494291538663242,63,11,deposit,Russia,personal,retail,0,1,0,0,0,9,suspicious,2023-04-17 13:00:00
27054.671913694456,49,3315.9197069153442,11,0.27882825567538483,0.06398296357391793,0.062466557743411706,0.06532160399917987,20,1,withdrawal,Jordan,personal,retail,0,0,0,0,0,12,clean,2023-03-01 20:00:00
5802.154405010949,45,9872.683043148994,17,0.46208591081135186,0.5197379436651657,0.09197594971705465,0.25120044710817363,16,1,transfer,Egypt,charity,real_estate,0,1,0,0,0,1,clean,2023-07-18 03:00:00
3096.4815991133482,4,40644.99763907288,43,0.09016820476995652,0.36601503537820396,0.06544559582957253,0.03454354224448093,30,3,transfer,Unknown,business,finance,1,0,0,0,0,15,suspicious,2023-04-05 23:00:00
624.4463969151781,7,3022.3587890132653,8,0.23859980234893077,0.4353377149416606,0.03138830164855728,0.0760464633057087,105,2,exchange,Kuwait,charity,NGO,0,0,0,0,0,7,clean,2023-06-01 03:00:00
13406.676068918752,49,8967.293496397479,22,0.5010996535265029,0.09883716271089613,0.004941660651427742,0.007335099963495439,19,5,payment,UAE,personal,finance,0,1,0,0,0,17,suspicious,2023-03-09 01:00:00
16977.776014010233,9,14879.357370537231,4,0.1551028471289579,0.4286581939785852,0.1480049515893928,0.050629748156813634,86,11,payment,Jordan,charity,NGO,0,0,0,0,0,12,clean,2023-02-21 04:00:00
250.90421337705928,36,19797.203402695977,11,0.09641786723511976,0.3135461070972504,0.3081062550391465,0.14910449019496355,101,9,payment,Unknown,investment,retail,0,0,0,0,0,14,suspicious,2023-05-04 17:00:00
10764.458768242326,19,10124.87641532076,8,0.2550784322319104,0.18962598192274768,0.05206361911453712,0.046958948022588404,74,13,deposit,Jordan,charity,finance,1,0,1,0,0,13,suspicious,2023-01-19 07:00:00
3852.362205824365,1,2668.2213512239755,9,0.37639723139949033,0.5801682126876629,0.11239269315284503,0.291397229491336,72,9,transfer,Iran,business,NGO,0,0,0,0,0,10,suspicious,2023-02-08 19:00:00
15541.865123215379,10,3159.551025780384,26,0.323465553603216,0.2472069268291446,0.030479720017515963,0.08952582697216746,93,8,deposit,Russia,business,construction,0,0,0,0,1,13,suspicious,2023-04-02 03:00:00
2874.0633380870063,36,167.81207033587515,2,0.31803818971260006,0.38131897663646835,0.1308378132805846,0.12828874734460768,78,5,withdrawal,Iran,business,unknown,0,0,0,0,0,7,clean,2023-08-31 09:00:00
17613.187913515787,9,11446.51807956143,16,0.7042478666331666,0.33678859242118925,0.08386866446508788,0.057050516819674775,75,3,exchange,Offshore,business,unknown,1,0,0,0,0,13,suspicious,2023-08-22 21:00:00
7334.380514716527,45,349.4386444870712,31,0.13973764187517435,0.1004318025129438,0.18262195575839751,0.31611204627892514,30,6,exchange,UAE,personal,construction,0,1,0,1,0,7,suspicious,2023-02-17 15:00:00
41405.157267064606,46,15999.269275785504,6,0.206372099964111,0.41804536582664675,0.08858318159672261,0.06108014504828456,97,8,deposit,UAE,business,finance,0,0,0,0,0,3,clean,2023-05-14 06:00:00
2219.1662015891843,42,1010.4999969269608,21,0.4067976444095466,0.32582883694914694,0.041846108543425,0.03227065849813168,106,6,exchange,Egypt,personal,NGO,1,0,0,0,0,6,suspicious,2023-09-18 05:00:00
6256.986509927577,32,1508.7439662773825,26,0.22285386991052658,0.13898056746897794,0.06591199608052195,0.33486169539722754,34,7,deposit,Jordan,investment,retail,0,0,0,0,0,14,clean,2023-05-18 13:00:00
1806.6642755549462,32,5178.15052043651,19,0.414978878604744,0.19671816676324566,0.20946601470169635,0.0912696396708941,39,12,payment,Jordan,business,finance,0,0,0,0,0,18,clean,2023-01-09 23:00:00
38792.85595726086,6,10711.635589601367,28,0.6996032858341671,0.060116447541826414,0.14922486574570612,0.060011242029376244,49,14,withdrawal,Jordan,investment,real_estate,0,0,0,0,0,16,clean,2023-02-18 09:00:00
31475.00560741491,48,1197.306686116102,8,0.1736169932828987,0.41530702710375944,0.024562041395708785,0.059176073589949155,101,12,payment,Offshore,investment,real_estate,1,0,0,0,0,7,suspicious,2023-03-21 01:00:00
4474.910550922334,38,4639.563384556328,14,0.27024798260082544,0.19011151361631637,0.0019890241329385515,0.14897571499217094,106,13,exchange,Kuwait,personal,finance,0,0,0,0,0,5,clean,2023-11-23 01:00:00
16181.441085658718,17,5275.398203650044,24,0.35337540101836956,0.15938206223715023,0.10704076842314142,0.30441435357292845,101,7,withdrawal,UAE,charity,construction,0,0,0,0,0,18,clean,2023-02-27 19:00:00
25492.26108958832,10,1908.9579541326227,48,0.1660290045739577,0.26928529406428453,0.06992978818461996,0.13405275548742898,5,7,transfer,Egypt,business,real_estate,0,0,0,0,1,13,suspicious,2023-10-28 18:00:00
12151.98541029762,50,982.390137594376,44,0.11675467175673986,0.2657799039624761,0.06465685138984119,0.055854917936747725,105,9,deposit,Unknown,business,NGO,1,0,0,0,1,4,high_risk,2023-03-18 06:00:00
11314.19115290919,27,14483.670032820175,37,0.3593788427327753,0.19839914286250462,0.018556261194251456,0.06951216467299653,43,9,withdrawal,Iran,charity,unknown,0,0,0,0,0,11,suspicious,2023-06-22 03:00:00
4153.155681568547,54,5584.725432512404,26,0.3215150819062752,0.13731058070331606,0.03603210128353067,0.1759226878528854,47,1,deposit,Kuwait,business,retail,0,0,1,0,0,17,clean,2023-05-17 15:00:00
1465.892107124111,50,115.88518574940868,31,0.25940007461251785,0.1501574884632958,0.20712815038672464,0.06669254841445706,59,3,withdrawal,Jordan,personal,construction,0,1,1,0,0,12,suspicious,2023-09-22 15:00:00
34126.84837791784,35,12995.65310028665,32,0.2790982086138345,0.16799173012866728,0.5590683902486837,0.09154869825121897,69,5,exchange,Jordan,charity,real_estate,0,0,0,0,1,5,suspicious,2023-06-01 10:00:00
34601.6164147264,52,31620.17933861384,41,0.09001566453357565,0.055915857247098896,0.2126304770167327,0.0839273741294246,17,11,payment,Jordan,business,retail,0,0,1,0,0,17,suspicious,2023-01-12 02:00:00
15040.048792243271,59,7449.736527544063,2,0.5262539810243907,0.24186635219123867,0.09444635055038983,0.07112163478536325,19,4,exchange,Offshore,business,NGO,0,0,0,0,0,5,suspicious,2023-02-14 13:00:00
6210.697647169859,21,5604.73276603138,25,0.17890724061036392,0.27121693008843323,0.026065384455614522,0.26227005265477815,46,12,transfer,Jordan,personal,unknown,0,0,1,1,0,3,suspicious,2023-06-01 22:00:00
6443.514237174659,25,16857.19016505714,44,0.22103672291926751,0.40847797888206255,0.16739160962788496,0.25137134064252337,117,1,exchange,Offshore,business,real_estate,0,0,0,0,0,13,suspicious,2023-10-22 19:00:00
19416.98144590677,28,24379.03277975939,2,0.7697158596261303,0.2368823073140049,0.15495231443967947,0.019933131766796397,56,1,withdrawal,Jordan,personal,real_estate,1,0,1,0,0,19,suspicious,2023-09-09 10:00:00
34111.460236608786,47,11236.869706632748,42,0.07127561884457646,0.21228450106584437,0.009674148724039,0.05873582519401323,26,13,transfer,Iran,investment,retail,0,1,0,0,0,13,high_risk,2023-11-25 11:00:00
32716.988540949198,15,4716.828704235539,1,0.1698547058315872,0.5967018594444785,0.19700670852284136,0.15782868480140905,66,4,withdrawal,Egypt,business,retail,1,0,0,1,1,9,suspicious,2023-08-04 20:00:00
22703.432878963547,4,7176.247178267868,36,0.08436149928098763,0.2412823592332556,0.03378922248014558,0.16679085470917057,14,5,payment,UAE,charity,finance,0,0,0,0,0,16,clean,2023-11-13 04:00:00
15409.660403515574,29,9656.764467556517,12,0.31300402077444045,0.24740026557992284,0.14096457444363222,0.03270610477875503,52,4,deposit,Russia,personal,real_estate,0,0,0,0,0,15,clean,2023-10-13 17:00:00
1318.3758929412609,59,1728.0880976580327,9,0.26698610790878985,0.23578041486639398,0.07337616864132847,0.38664480511471566,92,2,payment,Russia,personal,unknown,0,0,0,0,0,8,clean,2023-02-14 02:00:00
2644.4132202511723,9,4742.086990252595,36,0.05947916558579895,0.17156838123105944,0.30180838603234805,0.3143142310574467,4,5,payment,Saudi Arabia,business,retail,0,0,1,0,0,16,clean,2023-12-19 18:00:00
34323.45750266258,27,14167.248081863854,41,0.38804576144280434,0.2985378294857333,0.04303363023494451,0.3154608204721965,3,10,payment,Egypt,personal,construction,0,0,0,0,0,17,suspicious,2023-03-19 02:00:00
13987.409204483843,26,8507.320698836204,28,0.30883695655102705,0.22594302910874353,0.01223610708371485,0.11529073119916695,79,3,withdrawal,Kuwait,investment,real_estate,1,0,0,0,0,18,clean,2023-07-10 20:00:00
138.59408416491613,19,4237.404953761253,38,0.19570496298363663,0.2646871947308926,0.019204058869842514,0.3787698369338446,22,7,deposit,Egypt,personal,construction,0,1,0,0,0,19,suspicious,2023-11-19 18:00:00
1604.9535215392398,56,8709.989570189491,33,0.37202977272267873,0.11323175970164559,0.08775553042884592,0.047709361083240184,112,4,withdrawal,Jordan,investment,real_estate,0,0,0,0,0,11,clean,2023-08-29 17:00:00
16337.435809353614,28,1006.5233812609587,42,0.2540592717558794,0.3470956865513862,0.01586052649192592,0.1488685665209579,106,2,transfer,Kuwait,charity,retail,0,0,0,0,0,5,clean,2023-03-09 12:00:00
100.0,17,4106.598092954191,46,0.3103418333867732,0.09994073224219169,0.17297756556860772,0.19790265299720977,50,11,withdrawal,Offshore,personal,finance,0,0,1,0,0,13,suspicious,2023-02-10 13:00:00
2629.7372415629857,43,12605.261079466189,22,0.6097111715402401,0.24996189578759334,0.07176610026806583,0.020615781849670004,64,8,payment,Egypt,charity,real_estate,0,0,0,0,0,15,clean,2023-02-03 10:00:00
11935.467692083976,57,1992.9109066703531,25,0.42471139487152837,0.48528589959829893,0.007893791328654972,0.2579578310293809,83,13,exchange,Saudi Arabia,investment,NGO,1,0,0,0,0,5,suspicious,2023-10-20 06:00:00
17659.72929982219,41,1645.9810086771138,18,0.47380408031168797,0.7290331733371734,0.08225213071815579,0.11613613877994354,98,10,exchange,Jordan,personal,retail,0,1,0,0,0,15,suspicious,2023-06-14 17:00:00
15831.62223202873,42,24097.927952142196,6,0.7020292977002541,0.3443895535598424,0.05852037707632132,0.3879248900316108,10,2,withdrawal,Saudi Arabia,investment,retail,0,0,0,0,0,6,clean,2023-04-20 00:00:00
3809.248009620367,50,1884.742072911651,18,0.26215796758848164,0.016812178640380503,0.11438747913624533,0.5973592149400699,56,11,payment,Kuwait,investment,retail,0,0,0,0,0,9,clean,2023-04-08 17:00:00
18681.259333478083,20,2418.7775017290046,16,0.3464757536328679,0.36958744376206626,0.08088452726910172,0.03853629165579583,98,7,payment,Egypt,charity,construction,0,0,0,0,0,15,clean,2023-11-07 18:00:00
4062.356385792089,45,27950.696913041567,15,0.4159878514177539,0.5684863172109961,0.2012707893154141,0.5077899703394843,16,8,exchange,Unknown,charity,retail,0,0,1,0,1,12,high_risk,2023-10-13 16:00:00
5904.523633771267,40,10615.410579298748,48,0.25589928270015644,0.40167442802428155,0.0006942078836833797,0.32270866650271324,37,10,deposit,Saudi Arabia,charity,construction,0,1,0,0,0,13,suspicious,2023-07-25 23:00:00
20585.36327498686,39,9621.030543670271,8,0.31192029465923876,0.4515175064219146,0.2280975767185679,0.2232101815628419,100,3,deposit,Russia,investment,unknown,0,0,0,0,0,6,clean,2023-11-20 10:00:00
15731.60721454152,49,15334.576219616221,13,0.08150328234668917,0.1634135097568441,0.08370262417972753,0.03257468271703582,113,6,payment,Russia,investment,NGO,0,0,0,0,0,7,clean,2023-08-26 10:00:00
28379.341161951015,53,984.7848252174246,43,0.15073793352665726,0.24646921598933297,0.030621807695231963,0.053406240459332184,109,12,transfer,Saudi Arabia,charity,NGO,0,0,0,0,0,16,suspicious,2023-12-26 19:00:00
16077.199322546436,23,9792.213340409946,7,0.6255967178910212,0.2502695226355492,0.16951005929961802,0.05334698486468173,55,4,transfer,Offshore,investment,NGO,1,0,0,0,0,19,suspicious,2023-03-09 01:00:00
12600.66458380886,47,5604.413963758761,17,0.06328809400911994,0.24648152513049246,0.0893305436523996,0.10146761555352998,22,12,transfer,Jordan,charity,finance,0,0,0,0,0,1,clean,2023-09-18 07:00:00
1475.3559217261572,32,14135.784384535653,32,0.39607699815274006,0.28841682159692106,0.14350493928774358,0.2501552910519601,32,2,transfer,UAE,business,NGO,0,0,0,0,0,18,clean,2023-07-04 22:00:00
6876.2446081053,52,5676.51720040427,22,0.36391572442793685,0.06146989297034005,0.011546420405795125,0.05025968116141067,44,8,transfer,UAE,personal,retail,0,0,0,0,0,4,clean,2023-07-02 05:00:00
4622.402217882467,47,7745.75496690621,13,0.5478411899651155,0.423802989472945,0.00283685710096379,0.24924045557737398,81,2,exchange,Unknown,business,unknown,0,0,0,1,0,9,suspicious,2023-01-19 16:00:00
4195.503054936319,33,5196.750418830142,47,0.7450512030237014,0.49348846267566,0.01705665093317512,0.043138710977579146,73,9,payment,Unknown,investment,retail,0,0,0,0,1,1,high_risk,2023-11-14 12:00:00
54184.64109244388,57,5203.137509684777,23,0.30836993471523627,0.09446812590813851,0.22230727791514554,0.03558855668320312,52,9,withdrawal,Egypt,personal,unknown,1,1,0,0,0,13,suspicious,2023-03-17 17:00:00
7490.812455600357,46,11687.108086256168,29,0.06649036024292806,0.215139485659341,0.22844651140270225,0.03354789090904823,33,11,exchange,Kuwait,investment,NGO,0,0,0,0,0,6,clean,2023-07-30 04:00:00
33390.82816872784,5,7923.081339205156,22,0.1635508022622571,0.3723541719950011,0.08916136624561195,0.051363594783372005,97,8,exchange,Offshore,investment,retail,0,0,0,0,0,6,clean,2023-11-15 14:00:00
14960.015786047246,43,8024.886870522158,1,0.1479769227856492,0.10620777065584751,0.29656405191133905,0.28477410855290436,2,10,payment,Kuwait,personal,finance,1,1,0,0,0,2,suspicious,2023-11-22 07:00:00
23757.378790325998,48,4786.805917306146,29,0.3335577472522925,0.07261687261659854,0.04194116969159708,0.14862680893565303,14,3,deposit,Offshore,investment,retail,0,0,0,0,0,18,suspicious,2023-11-09 14:00:00
10476.529865831557,34,6059.0880437144915,48,0.06141850969094424,0.3209711565208997,0.168817093167742,0.01692646572026524,101,8,exchange,UAE,investment,construction,0,0,1,0,0,7,clean,2023-07-22 18:00:00
12902.338539623775,40,10954.480631227654,5,0.42203373607792616,0.25451423756298364,0.22132443391176304,0.10051232168985887,61,5,exchange,Iran,investment,retail,0,0,0,0,0,5,clean,2023-03-15 01:00:00
10174.401500125401,11,13986.883936530208,35,0.12471255332435516,0.47711217998047684,0.2543132160844507,0.12355298956823772,97,10,withdrawal,UAE,charity,real_estate,0,1,0,0,0,16,suspicious,2023-03-19 13:00:00
3258.2234298785775,50,9540.6080195213,10,0.13155692940353766,0.15891485924912582,0.03894026521519916,0.24982064181711566,65,14,transfer,UAE,investment,construction,1,1,0,0,0,14,suspicious,2023-04-01 21:00:00
19226.427045987057,3,20623.86223763345,19,0.36943990573888197,0.2877567270456129,0.018419576213764464,0.2806094200153982,111,5,exchange,Jordan,personal,unknown,0,1,0,0,0,14,clean,2023-08-15 20:00:00
4943.660525493944,58,13732.80432502727,37,0.12779610265241664,0.3086855530236859,0.19573731830533928,0.303319264989396,86,2,transfer,Saudi Arabia,business,NGO,0,1,0,0,0,4,suspicious,2023-01-15 11:00:00
369.2472162103292,33,6601.803478244593,7,0.4361252030699675,0.17206663284954016,0.10059033485195763,0.09235439787677488,30,12,payment,Offshore,personal,NGO,0,0,0,0,0,14,suspicious,2023-01-04 10:00:00
15554.53179442911,11,8903.460431215562,46,0.09412873752621526,0.32332392950316824,0.058468264754138626,0.30892978230806933,27,3,exchange,UAE,personal,retail,0,0,0,0,0,1,clean,2023-09-04 07:00:00
2924.0035533723403,16,20862.91833338329,35,0.09899450184144958,0.1963848867000335,0.04958815779180422,0.4504181978294216,64,8,withdrawal,Unknown,business,NGO,0,0,0,0,1,1,suspicious,2023-10-14 09:00:00
42316.24720909954,18,7723.176497254832,45,0.5305086338605003,0.3338565287262994,0.289857953373126,0.06325109546669941,33,14,withdrawal,Egypt,investment,NGO,0,0,0,0,0,8,clean,2023-12-16 22:00:00
46163.43619182035,30,13934.934069482777,13,0.20328987309668342,0.36271845543912823,0.23235982609393693,0.007870650005598175,53,1,payment,Egypt,business,NGO,0,0,0,0,1,1,clean,2023-03-26 08:00:00
36952.64826950762,48,9338.825913146831,10,0.2921946933268253,0.15004908377017223,0.07089082304376333,0.06667439569330443,80,4,transfer,Jordan,business,retail,0,0,1,0,0,6,clean,2023-01-26 06:00:00
6934.310947460501,55,6422.5600436092245,2,0.1998947329805721,0.41111509912397215,0.1585928325116358,0.08915488814727703,10,6,deposit,Egypt,charity,retail,0,0,0,0,0,1,clean,2023-08-07 03:00:00
233.65973057916574,10,2214.8676288553525,6,0.5400660052191115,0.11769451526466755,0.023774333034773377,0.20955333636451778,27,9,payment,Russia,charity,real_estate,0,0,0,0,1,9,suspicious,2023-12-23 13:00:00
39532.85185997835,18,4440.972489506668,8,0.4951312514809156,0.24701133743819756,0.08217168141178278,0.010800300578306906,37,8,deposit,Saudi Arabia,personal,finance,0,0,0,0,0,1,clean,2023-07-30 01:00:00
8384.074155795919,38,27472.118197683096,36,0.3152929587500346,0.3475570683222924,0.09208248549156729,0.5030644815653466,2,10,withdrawal,UAE,personal,finance,0,0,0,0,0,18,suspicious,2023-01-12 20:00:00
51012.63024183084,19,8578.070106373174,25,0.6936362792806481,0.2713752700647844,0.02939894234450868,0.03180116008005784,94,5,withdrawal,Offshore,charity,construction,1,1,0,0,0,5,suspicious,2023-06-09 10:00:00
49706.03214195308,36,6648.162261577395,44,0.35034441007182787,0.12736967687235462,0.1350547390437818,0.05617171115569958,110,13,exchange,Russia,business,construction,0,0,0,0,1,19,high_risk,2023-03-04 05:00:00
28760.805257691285,59,21619.32391100488,47,0.2149747483385461,0.3291428224282874,0.02494691073269718,0.16791896483331206,43,14,withdrawal,Kuwait,business,real_estate,0,0,0,0,0,1,clean,2023-05-21 22:00:00
5231.641022582404,13,7065.010047567274,40,0.19136420022472678,0.2722808854627822,0.15105700032509883,0.026622769180738606,83,7,transfer,Unknown,business,NGO,0,0,0,0,0,5,clean,2023-07-08 06:00:00
7294.378981480404,56,5973.77649544469,7,0.037332105875348603,0.2738444740614324,0.20779831717908326,0.07239293258499263,19,8,withdrawal,Egypt,investment,real_estate,0,0,0,0,0,12,clean,2023-08-31 08:00:00
28570.899787171194,46,11393.992267728077,46,0.4401585421890969,0.4662168079761833,0.20982918043914311,0.37921994340403675,115,12,exchange,Russia,charity,real_estate,0,0,0,0,0,1,suspicious,2023-08-03 02:00:00
5717.193471460756,3,9976.869206197425,23,0.283207841337715,0.2548060193503494,0.10042108013972438,0.008536491616547282,99,9,payment,Russia,investment,unknown,0,1,1,0,0,6,suspicious,2023-06-06 17:00:00
2785.7792444363217,10,1717.0392477635419,19,0.18012714484191852,0.26648594007624626,0.008061492074436061,0.02621543045777596,11,14,exchange,Kuwait,business,NGO,0,1,1,0,0,17,suspicious,2023-03-07 10:00:00
12206.054880903417,38,5098.798133247573,46,0.18502876838103435,0.2602776905047551,0.0019421348934110989,0.02597839054465008,52,3,payment,UAE,investment,NGO,0,0,0,0,0,8,clean,2023-06-04 05:00:00
41269.402062105626,1,5117.085516382531,22,0.15586011116484394,0.53914906704903,0.029620933701559625,0.34884597290604347,32,11,exchange,Jordan,personal,real_estate,0,1,0,0,0,5,clean,2023-01-22 07:00:00
17862.383966369056,55,3801.4096670918348,13,0.18114917708663794,0.23361926666270197,0.010841438065040397,0.159501888753664,80,8,withdrawal,Russia,charity,real_estate,0,1,0,0,0,3,suspicious,2023-04-28 06:00:00
12661.685046534833,56,5826.77146808935,21,0.10398292180034517,0.3166828526923155,0.008499043669344593,0.09958856976728522,81,3,deposit,Kuwait,business,real_estate,0,1,0,0,1,15,suspicious,2023-10-23 02:00:00
1533.4229602398432,27,4263.307489969712,1,0.38052971910315986,0.004957049541510035,0.04927236489090124,0.05023476001844134,29,1,transfer,Jordan,personal,real_estate,0,0,1,0,0,8,clean,2023-09-24 00:00:00
14317.960732765767,46,1778.6059811662847,19,0.5095565437277113,0.008597616963000007,0.008255113953733942,0.2410979029199423,84,13,deposit,UAE,investment,NGO,0,1,0,0,0,3,suspicious,2023-09-16 07:00:00
69158.54621769476,8,4253.214424638545,33,0.32176728810143607,0.5491727190846108,0.25635288786432797,0.00335356665633539,36,13,transfer,Saudi Arabia,personal,finance,1,0,0,0,1,16,high_risk,2023-08-14 11:00:00
2263.8087996339623,51,600.1762049710173,4,0.30198854442435547,0.1492028164253689,0.09610635783943967,0.021860201490059652,47,4,withdrawal,Egypt,business,retail,0,1,0,0,0,7,clean,2023-10-26 04:00:00
10957.429874722555,46,6860.135284911083,42,0.2798639932703283,0.5482411324688362,0.06956079212276306,0.20926161464278806,88,7,exchange,Jordan,charity,retail,0,0,0,1,0,17,suspicious,2023-03-06 14:00:00
31479.129568511915,42,15374.282791560765,3,0.052751817365947334,0.32603677481527354,0.03966601212899318,0.03566617755625285,43,9,exchange,UAE,charity,finance,0,0,0,0,0,19,clean,2023-10-17 12:00:00
20250.51372530505,17,10336.229357689424,27,0.2805019222585956,0.12257644380309994,0.19633418835897976,0.07166600348040383,112,10,payment,Unknown,business,real_estate,0,1,0,0,0,3,suspicious,2023-11-03 05:00:00
17911.116379525098,9,3575.223838611213,41,0.22839967382559093,0.14805099700694865,0.11086430717503741,0.04935071077250033,52,7,deposit,Egypt,charity,NGO,0,0,1,0,1,7,suspicious,2023-03-14 16:00:00
18184.31334336735,6,728.7791376265196,35,0.42818333259311087,0.36019087522658166,0.014570041116458684,0.2951848841011522,53,10,transfer,Saudi Arabia,personal,unknown,0,0,0,0,0,19,clean,2023-04-22 20:00:00
6682.385134724236,43,1806.6713290712519,28,0.2180722390576183,0.45533086855303667,0.28042603383535575,0.15068355546836418,68,11,exchange,Kuwait,business,unknown,0,0,0,0,0,3,clean,2023-12-08 15:00:00
5213.431264006427,25,6308.288900430248,6,0.3726605477501752,0.12706970415310964,0.0406451665074946,0.2971721645941646,5,14,withdrawal,Jordan,investment,construction,0,0,0,0,0,18,clean,2023-08-24 04:00:00
24860.617608895685,39,1856.0323522227427,6,0.29059651295362526,0.24072311060682347,0.039868237426952696,0.046406843698654276,83,14,exchange,Saudi Arabia,charity,retail,0,0,0,0,0,17,clean,2023-06-18 15:00:00
24919.92298630543,49,6281.628037806969,44,0.2053721912937987,0.17583770082099076,0.038812004038337476,0.2095566280912859,48,14,payment,Iran,investment,construction,0,0,0,0,0,11,suspicious,2023-04-25 02:00:00
30269.25071051872,28,2107.5486312871813,23,0.3761069475141626,0.23020514787459495,0.09726807624028382,0.09381225850256518,115,5,exchange,Kuwait,charity,real_estate,0,0,0,0,0,12,clean,2023-04-23 23:00:00
36669.239427549546,33,15119.771148527265,33,0.5855278225342417,0.09225863607184333,0.07949557722493586,0.08158102853339473,24,13,withdrawal,Egypt,charity,construction,0,0,0,0,0,14,suspicious,2023-10-03 17:00:00
10741.398553993557,54,4050.3070987407427,16,0.053013490989924944,0.2188701331444194,0.08272208960061894,0.03419089105548078,112,1,exchange,Kuwait,business,real_estate,0,0,0,0,0,4,clean,2023-07-15 10:00:00
10442.765663267988,37,2254.136813542138,24,0.32391005230396597,0.32689650665541325,0.0013733564873101831,0.07500421095966275,1,1,transfer,Jordan,business,construction,0,0,0,0,0,12,clean,2023-04-17 23:00:00
24014.248984627313,9,13384.39859459449,5,0.5246098688418803,0.35528287474469755,0.30927026493520937,0.520116487908511,99,12,transfer,Russia,personal,finance,1,0,0,0,0,12,suspicious,2023-08-03 09:00:00
15745.786123317004,18,3358.6094695222564,41,0.1143948987735138,0.5679069580573859,0.03466887847188553,0.006664563044978599,2,9,exchange,Kuwait,investment,NGO,0,0,0,0,0,10,clean,2023-01-24 05:00:00
18158.259727672754,56,945.6541939162177,42,0.08272098476258856,0.11373111327717937,0.32107390160732063,0.06475449686754543,10,4,withdrawal,Iran,investment,real_estate,1,0,0,0,0,3,suspicious,2023-01-31 12:00:00
23829.292124313073,59,6759.382636923558,13,0.13591462938027812,0.3773452240014264,0.09615112713045945,0.40897239705291355,63,3,withdrawal,Unknown,business,unknown,0,0,0,0,0,5,clean,2023-12-15 14:00:00
33109.852145201505,21,6969.854531555373,47,0.4107760349660084,0.1777566628989337,0.00029840613420646216,0.007762229656306379,59,11,exchange,Unknown,business,real_estate,0,0,0,0,0,8,suspicious,2023-12-14 11:00:00
6187.236107064813,2,10033.590897780752,12,0.08918747218441397,0.2598191166497743,0.15122147857535767,0.08648167606671683,6,5,withdrawal,Saudi Arabia,investment,unknown,0,0,0,0,0,11,clean,2023-02-10 21:00:00
7064.051830913345,58,2197.8049223796593,5,0.6220236197707895,0.4664624638790102,0.02408794556586832,0.03186743820488259,104,7,transfer,Offshore,investment,NGO,1,0,0,0,0,15,high_risk,2023-10-27 02:00:00
1480.4405878104083,43,4692.606469204545,37,0.041449616369012746,0.15759189317928282,0.35873468332328196,0.4195376484976285,102,7,transfer,Jordan,charity,unknown,0,0,0,0,0,10,clean,2023-03-06 00:00:00
12951.21039914152,59,2654.386106655578,31,0.3988642673523584,0.21928044527426405,0.09926635440156464,0.2130631086467847,84,5,transfer,Iran,charity,construction,0,0,0,0,0,1,suspicious,2023-04-26 09:00:00
549.061563162855,38,675.3505307495487,28,0.12858227927008523,0.436890567164764,0.0009568956613438863,0.4122797809318303,83,8,payment,Russia,business,retail,0,1,0,0,0,11,suspicious,2023-02-14 22:00:00
9399.104222731645,58,16739.48979328684,28,0.28882987151403294,0.18860219001172185,0.19071085819586775,0.021544632194680394,48,5,deposit,UAE,investment,retail,0,1,0,0,1,13,suspicious,2023-09-12 11:00:00
11734.418785306889,40,10441.249177823125,30,0.1954727587144261,0.3803427904050579,0.20302447816265198,0.021792556876081167,36,10,transfer,Iran,charity,retail,0,0,0,0,1,9,suspicious,2023-01-23 07:00:00
5064.459904717837,36,2870.137729245331,18,0.12374689549003934,0.10092443815128241,0.013796145349262337,0.11931576516007533,48,4,exchange,Iran,charity,unknown,0,0,1,0,0,4,clean,2023-09-23 12:00:00
13404.487952192629,50,7317.795530622646,44,0.15331801911858728,0.2314587502505509,0.10918135481391945,0.04590775941977761,29,14,payment,Unknown,investment,retail,0,0,0,0,0,15,suspicious,2023-02-24 13:00:00
464.62593152211815,43,1797.7962846365563,27,0.1467138160780115,0.4091035118727309,0.1112288884495956,0.1540651782863969,41,6,exchange,Kuwait,investment,real_estate,1,0,1,0,0,2,clean,2023-01-02 15:00:00
570.9524892418408,37,17675.426699027543,35,0.4182911896582163,0.7094718109791813,0.020777177358378328,0.1482806392030517,88,3,withdrawal,Egypt,business,real_estate,0,0,0,0,0,9,suspicious,2023-09-27 02:00:00
25940.270543072038,15,976.494502910023,26,0.4370903206149548,0.4199980935460665,0.007777090172192291,0.046147487032029096,73,4,deposit,UAE,investment,NGO,0,1,0,0,1,9,suspicious,2023-12-21 04:00:00
6698.77536311617,28,100.0,39,0.35726668316608595,0.6557531250324516,0.07202848767347345,0.1651725699626609,32,8,payment,Unknown,business,real_estate,1,0,0,1,0,11,high_risk,2023-06-24 04:00:00
2038.3356194614198,18,5577.373307333058,49,0.12297107789087026,0.07798468877221296,0.0053793968622514055,0.26357046010158375,104,10,withdrawal,Kuwait,charity,NGO,0,0,0,0,0,11,clean,2023-07-22 01:00:00
11079.803824185234,34,6999.80508188497,18,0.3854333723480915,0.11791058308499093,0.028830215096748987,0.011176635435996948,5,10,withdrawal,Jordan,personal,unknown,0,0,0,0,0,7,clean,2023-04-28 10:00:00
22044.71910668603,22,6920.320592784539,33,0.312126054881861,0.20605836228986513,0.15325509839023665,0.029128025680416395,85,3,transfer,Russia,personal,unknown,0,0,0,0,0,15,suspicious,2023-09-02 22:00:00
3646.7700514485505,11,448.4320473275623,25,0.4358911348486975,0.37306022760385404,0.09061850694483047,0.023415975801517,17,11,exchange,Egypt,investment,retail,0,0,0,0,0,3,clean,2023-01-22 13:00:00
14628.294279847392,58,3015.532094215772,31,0.08617850350055599,0.4280801195575965,0.2585634491740729,0.015585411765770036,24,13,withdrawal,Offshore,business,NGO,0,0,0,0,0,17,suspicious,2023-10-12 22:00:00
1338.1654348484592,57,5532.370849966778,37,0.4248963788133191,0.1499203759433796,0.0006664887799427978,0.11552439480605654,91,10,withdrawal,Russia,personal,construction,0,0,0,0,0,4,suspicious,2023-04-06 03:00:00
795.976438654641,13,1952.6823105990868,2,0.24468516611160457,0.17563947032937224,0.22273116420566583,0.04311842806088542,112,13,withdrawal,Egypt,charity,unknown,0,1,0,0,0,5,clean,2023-03-10 21:00:00
11368.634109382814,4,16485.01391413062,33,0.24509392907780714,0.4627755757362544,0.19014631816942285,0.08028991059468771,82,3,deposit,Saudi Arabia,charity,finance,0,0,0,0,0,9,clean,2023-01-12 09:00:00
11668.656640421133,22,729.1128738717762,39,0.22295148455596359,0.36086771806510165,0.1185407056044012,0.532211702692996,86,6,payment,UAE,business,real_estate,0,0,1,0,0,5,clean,2023-08-16 15:00:00
15218.061723069239,7,5345.832909775889,43,0.7776135440450838,0.05111766224771456,0.3202706298388148,0.46315997546717447,6,8,transfer,Kuwait,personal,real_estate,0,1,0,0,1,14,high_risk,2023-05-14 01:00:00
19424.408443750264,43,9406.090990608156,43,0.06803400454621342,0.3073677327892807,0.08281549358999683,0.033212491404716604,28,10,payment,Kuwait,charity,retail,0,0,0,0,0,12,clean,2023-04-27 14:00:00
55853.35513049989,54,2427.7939884123066,32,0.18365117736418254,0.06593940951837851,0.13587413085947114,0.13760153590827792,106,2,withdrawal,Saudi Arabia,charity,construction,0,0,0,0,0,18,clean,2023-11-18 09:00:00
10894.366788455343,24,7830.452788936238,18,0.3369130681116563,0.2297445952788225,0.004212343764096236,0.1737451723868229,20,1,deposit,Russia,investment,real_estate,0,0,0,0,0,17,clean,2023-05-17 07:00:00
5850.295711589682,4,14146.772822610495,17,0.20535891679991966,0.15390969660021261,0.042675571558509075,0.0619630083209912,80,10,withdrawal,Russia,personal,unknown,0,0,0,0,1,17,high_risk,2023-01-26 05:00:00
23784.809695990294,28,1689.097092090194,34,0.46728138666076396,0.24461586670050542,0.08919674968581444,0.00963738163201839,19,13,exchange,Jordan,investment,construction,0,0,0,0,1,17,suspicious,2023-07-06 11:00:00
4737.77198154206,15,19932.607536458236,39,0.050259966950896934,0.12173083544099249,0.027582289391231935,0.055625985860276096,8,1,payment,Russia,charity,real_estate,0,0,0,0,0,6,clean,2023-08-13 01:00:00
8669.75146909952,1,6451.575835582777,7,0.0936674080039428,0.48875546034389705,0.20602946546442305,0.030000862646887547,18,7,transfer,Jordan,charity,retail,0,1,0,1,0,14,suspicious,2023-07-17 23:00:00
1225.5775287550484,55,2844.6272691247664,42,0.040851016838594184,0.4189714341528884,0.472472130630173,0.13291486542960415,37,2,deposit,Iran,personal,retail,1,0,0,0,0,10,suspicious,2023-05-05 02:00:00
385.1641431221157,3,4509.006393707432,35,0.3758968404899572,0.32692755257603445,0.11216544246889898,0.0013209974639934383,61,9,payment,Kuwait,personal,retail,0,1,0,0,0,10,suspicious,2023-12-26 17:00:00
49310.69884902903,14,2993.9630464094175,30,0.036854233396468136,0.30375280054552956,0.09482069361203505,0.056659226165703194,45,10,withdrawal,Russia,business,unknown,0,1,0,0,0,12,suspicious,2023-08-13 07:00:00
27116.51463172594,38,10331.107847783922,12,0.7096650640246506,0.05569054067648995,0.13872647767228785,0.002238194487363205,111,4,transfer,Jordan,personal,retail,0,1,0,0,0,5,clean,2023-07-08 21:00:00
17859.640991990123,50,12728.881700632717,35,0.5223074649468074,0.17331125040775905,0.06478544177028549,0.06781613589135384,95,14,deposit,Iran,business,finance,0,0,0,0,0,13,suspicious,2023-11-01 06:00:00
7887.8946669771285,57,14315.093124207973,11,0.051911287249867176,0.4673138090182624,0.008788735224339206,0.0021411127060583144,38,7,withdrawal,UAE,investment,unknown,1,0,0,1,0,1,suspicious,2023-02-09 17:00:00
2854.5980421316312,1,34018.23892570525,44,0.1991563086530683,0.4753105647744007,0.007508994993140256,0.35309088562691293,2,5,withdrawal,Offshore,personal,finance,0,1,1,0,0,9,suspicious,2023-11-08 19:00:00
2551.8111235928122,38,12534.257633432588,4,0.3198500492575564,0.30426083778669544,0.18201196379598164,0.4023022714182572,55,5,payment,UAE,investment,retail,0,0,0,0,0,4,clean,2023-07-20 02:00:00
4320.089836898754,38,7358.055270818662,25,0.028630511454772283,0.14095005599809254,0.0309443713087643,0.03022616031406663,96,7,withdrawal,Egypt,investment,construction,0,0,0,0,0,5,clean,2023-07-27 01:00:00
11951.85972469972,21,3314.6782012193207,48,0.34617086892004206,0.16751610218974164,0.15369673008279833,0.12952280916521836,15,9,withdrawal,Russia,business,unknown,1,0,0,0,0,13,high_risk,2023-05-17 00:00:00
18807.739316651638,48,6292.5530508391685,32,0.3183797301165994,0.2706629683791487,0.01281825280003616,0.00031278844283016516,59,4,deposit,Egypt,charity,finance,0,0,0,0,0,16,clean,2023-04-20 02:00:00
16190.855245451978,29,335.4823519856911,20,0.14945871396662233,0.10540212632762581,0.04630286118718664,0.02828832980396052,75,9,withdrawal,Jordan,business,unknown,0,0,1,0,0,6,clean,2023-01-21 02:00:00
4926.183920834939,5,10926.447925481792,31,0.29453805317833354,0.04207237516714904,0.06440945722928611,0.47993241056265534,5,9,exchange,Iran,business,finance,0,0,0,0,0,1,suspicious,2023-12-20 21:00:00
46471.552478344594,49,4724.082815505041,4,0.48477008395408705,0.39940411278279664,0.18859773645351763,0.025829789997304255,106,11,exchange,Egypt,investment,NGO,1,1,0,0,0,4,suspicious,2023-08-05 06:00:00
20085.261073128397,10,161.81129125451093,38,0.2996787663852169,0.7000481190814254,0.02546053254020973,0.03891546543232696,93,8,transfer,Russia,charity,unknown,1,0,0,0,0,10,suspicious,2023-03-04 19:00:00
12123.45722896997,28,516.3674035420361,47,0.32939141594503535,0.5053375076555636,0.46778667901731175,0.005055894788400773,84,1,exchange,Russia,personal,real_estate,0,0,0,0,0,3,suspicious,2023-08-29 06:00:00
14190.457080561526,21,3921.2126809445754,1,0.2769694737820914,0.13918888504557417,0.3462012683732065,0.2146004050582053,20,10,exchange,UAE,personal,finance,0,0,0,0,0,3,clean,2023-09-11 04:00:00
8160.5679829807705,50,7005.443243185953,3,0.21149392636336567,0.555326213974418,0.2044801317435631,0.007126969816991038,82,11,payment,Russia,investment,finance,0,0,0,0,0,12,clean,2023-04-30 19:00:00
4269.919384110953,7,4992.013536774882,37,0.2521549332428678,0.07974117212272422,0.016761644009444243,0.11305264983627981,12,11,exchange,Iran,business,unknown,0,0,0,0,0,8,clean,2023-04-01 01:00:00
6600.211939846686,3,7723.938508448585,22,0.105107936033062,0.3751384456289334,0.0033793027348124507,0.03472034041761395,57,9,withdrawal,Offshore,personal,construction,0,0,0,0,0,5,clean,2023-09-14 22:00:00
21272.7277163507,45,5235.94007895636,17,0.04013902731341422,0.2769204879113555,0.05022817451953719,0.10181234110158613,113,3,payment,Unknown,business,real_estate,1,1,0,0,0,2,high_risk,2023-12-03 00:00:00
217.47119581206414,47,8670.668562677665,14,0.33199293405559144,0.13036429036884634,0.06558945414953478,0.17052998212832096,81,8,exchange,Jordan,charity,finance,1,0,0,0,1,14,suspicious,2023-02-14 03:00:00
1850.7058835996406,20,1978.7324528192444,41,0.07874365916152397,0.23499630387816267,0.2845287154476348,0.0023396184714533793,68,5,withdrawal,Offshore,personal,retail,0,0,0,0,0,6,clean,2023-05-16 16:00:00
706.4156542878079,19,957.868177605619,35,0.103069235599335,0.0489442901949488,0.45350851546999904,0.08857243987730205,19,6,transfer,Unknown,personal,retail,0,0,0,0,1,1,suspicious,2023-10-06 18:00:00
623.7217787593864,35,7259.320987530507,13,0.42176007017628586,0.21527249511513108,0.4179634601298005,0.00712331943643141,87,3,payment,Iran,personal,NGO,0,0,0,0,0,17,suspicious,2023-01-03 01:00:00
29013.04550423488,4,5303.885441936436,35,0.28337773243815584,0.24383876771329066,0.23693804893690598,0.0033305027747929936,27,11,withdrawal,Saudi Arabia,investment,unknown,0,0,0,0,1,1,suspicious,2023-07-27 06:00:00
18243.609175510326,5,217.88150073999327,43,0.3502973896485699,0.21469574371393596,0.045995750205651414,0.06046319117696132,114,7,payment,Kuwait,charity,construction,0,0,0,0,0,12,clean,2023-10-18 04:00:00
9641.768916193385,1,3830.5067025011895,2,0.07012403282427777,0.028219842058209314,0.10048711970633888,0.1048574131922389,116,2,transfer,Iran,business,real_estate,0,1,0,0,0,12,suspicious,2023-04-06 13:00:00
1544.3537767171988,4,897.5199169360226,47,0.24418711832417198,0.10860330179582339,0.04243223592388355,0.02631409583194654,53,13,transfer,UAE,business,finance,0,1,0,0,0,15,suspicious,2023-12-15 09:00:00
10147.769486958498,12,6063.30908329212,13,0.4348358208852604,0.25271511285988374,0.07743725633545305,0.04202028455360999,42,3,payment,Russia,charity,retail,0,0,0,0,0,3,clean,2023-04-02 21:00:00
9621.754981415568,27,4030.504549918076,16,0.6871629760349924,0.7878607248858412,0.0089609965192004,0.21263149121099328,110,2,withdrawal,UAE,business,finance,0,0,0,0,1,14,suspicious,2023-04-28 04:00:00
2852.920692003375,56,7597.78558531489,18,0.2638556932146614,0.16838583866169732,0.04628756086095584,0.04342997688140949,116,13,deposit,Russia,investment,retail,0,0,0,0,0,1,suspicious,2023-10-09 05:00:00
8533.486969534857,42,13102.79040358467,7,0.14404084611442153,0.5389674064923121,0.3040244800511459,0.10084897245832293,45,11,payment,Offshore,business,unknown,0,0,1,0,0,14,suspicious,2023-07-22 21:00:00
7625.049218748103,23,2849.61397692912,45,0.36624062742063435,0.5560718185135545,0.013861828860836844,0.0425722588221965,78,9,deposit,Jordan,investment,unknown,0,0,0,0,0,14,clean,2023-08-21 22:00:00
14350.836493697017,25,26182.877498409172,36,0.16791228724404159,0.2909925075790811,0.09001635945917023,0.1530402764008114,68,11,withdrawal,Kuwait,investment,finance,0,0,0,0,0,6,clean,2023-03-22 06:00:00
15121.718040613681,21,6136.66658071206,41,0.1812963768737185,0.0643194297860542,0.20019345113671352,0.2765169433756319,68,14,exchange,Iran,charity,unknown,0,0,1,0,0,13,suspicious,2023-07-27 22:00:00
695.4348603080209,58,7704.7697084861065,30,0.5062075234851777,0.4120552541055972,0.18986656856574277,0.05263741210246714,24,13,payment,Offshore,investment,real_estate,0,0,0,0,0,5,suspicious,2023-06-24 12:00:00
7040.760069825923,52,9132.301280526355,42,0.0906463585220678,0.14641789680010786,0.03827979791992625,0.1900780391543702,87,14,transfer,Saudi Arabia,personal,NGO,0,0,0,0,0,12,suspicious,2023-01-17 19:00:00
14746.874921740928,24,8790.455177407091,41,0.1731667807204571,0.1994706058089606,0.003943830309965122,0.30281910191249134,36,3,exchange,Offshore,investment,unknown,0,0,0,0,0,3,clean,2023-01-20 02:00:00
10491.591789116846,25,5722.6636889865695,7,0.24409531125922718,0.6299585054939555,0.09390667730562109,0.012282084361893668,75,8,withdrawal,Saudi Arabia,business,real_estate,1,1,0,0,0,2,suspicious,2023-01-06 13:00:00
29120.24179763158,45,4479.626834842018,15,0.14379920560771994,0.1650756716085899,0.1688853644128327,0.12848414633282326,97,6,transfer,Saudi Arabia,charity,unknown,0,0,0,0,0,1,clean,2023-07-19 09:00:00
16124.621460824967,55,442.2580371601824,40,0.199901860459942,0.43393358999132803,0.02762748117721622,0.0007509338755709338,102,13,payment,Egypt,business,finance,0,0,0,0,1,18,suspicious,2023-11-04 21:00:00
2667.79303150961,46,178.66711345172894,19,0.17369749980588667,0.21289304153775646,7.946348007471152e-05,0.1284309534124077,5,1,withdrawal,Egypt,personal,real_estate,0,0,0,0,0,15,clean,2023-10-26 07:00:00
1097.7365438436125,32,3544.8522597269257,43,0.41883744157141983,0.3075168538725271,0.0009767117676237939,0.12774868901570155,27,11,payment,UAE,investment,NGO,1,0,1,0,1,16,high_risk,2023-11-13 00:00:00
15425.912206633366,55,3247.652518430112,37,0.5987785409229255,0.3683046874095416,0.002280412747857531,0.13045689312057512,37,13,exchange,Offshore,personal,NGO,0,0,0,0,0,5,suspicious,2023-04-04 22:00:00
403.03609001091644,32,3924.2000598300415,2,0.24836081012497344,0.03669315464779878,0.13315276197454026,0.17386636629377902,27,6,payment,Kuwait,investment,NGO,0,0,0,0,0,16,clean,2023-08-01 02:00:00
13220.21066710936,5,1191.4179741909868,42,0.19917319537334527,0.5188121673918433,0.05309957203672759,0.08550457085331062,95,8,transfer,Saudi Arabia,personal,construction,0,0,0,0,0,12,clean,2023-06-17 13:00:00
42258.83183080728,36,10720.425884095055,48,0.1814622442458785,0.19153571686875387,0.03239251813046673,0.08787457456361474,76,10,payment,Offshore,personal,NGO,0,0,0,0,0,16,suspicious,2023-10-30 23:00:00
12851.736683663166,46,15557.294655688633,13,0.10947551503206264,0.09072986024466041,0.07043578540063382,0.0782911560442462,47,14,exchange,Jordan,personal,finance,0,0,0,0,0,11,clean,2023-08-07 03:00:00
7369.510383358609,42,22337.713716236347,40,0.3567569616352524,0.2235089226445963,0.0019552653063832606,0.03280096800601984,64,3,exchange,Jordan,personal,real_estate,0,0,0,0,0,8,clean,2023-11-15 10:00:00
15462.407367674728,49,5423.898254028932,41,0.6003292688989977,0.3695529751223185,0.13073782342395357,0.008423121741529626,6,14,transfer,Kuwait,personal,retail,1,0,0,0,0,3,suspicious,2023-11-21 21:00:00
9194.339610766368,42,9654.901117056614,43,0.285356410086136,0.3155228668355421,0.307787167735929,0.08770973278540194,76,7,deposit,Offshore,personal,NGO,1,0,0,0,0,16,high_risk,2023-03-09 08:00:00
11832.215408644803,58,15478.637035471773,43,0.36407561708451747,0.23158773572100513,0.04772802343426084,0.0456805637633915,56,14,deposit,UAE,investment,retail,0,1,0,0,0,7,suspicious,2023-12-26 23:00:00
42571.90719349499,39,4334.281178161335,31,0.41596965649480033,0.32385095115232343,0.1872761308819299,0.05917625237936969,118,6,payment,Offshore,business,construction,0,0,0,0,0,2,clean,2023-11-28 06:00:00
7318.912910252807,16,2961.704171022266,16,0.33387520769372303,0.2190768139206639,0.011378715828042058,0.027247384617417863,14,1,exchange,Iran,charity,retail,0,0,0,0,0,19,clean,2023-09-02 14:00:00
48736.37792260131,33,22082.063626166444,42,0.452368737856345,0.31763364489108814,0.09503411635536052,0.1057400442760741,22,2,withdrawal,UAE,charity,finance,1,1,0,0,0,3,suspicious,2023-07-18 05:00:00
35363.64275654879,49,5800.018500547813,44,0.41593776888189715,0.0751044866086777,0.10898519146381365,0.23695286203380578,55,14,withdrawal,Iran,business,NGO,0,0,0,0,0,11,suspicious,2023-11-16 19:00:00
3268.44391410675,21,5501.3598481789295,6,0.06810375805667367,0.2746128993302883,0.1290463822212632,0.4094838433178696,75,11,exchange,Offshore,investment,real_estate,1,0,1,0,0,9,suspicious,2023-11-23 04:00:00
1078.2623295473552,9,1572.1696982994417,28,0.31347934008013933,0.6797476659712198,0.03969934932147677,0.015991402357846705,104,5,withdrawal,Iran,investment,NGO,0,0,0,0,0,11,suspicious,2023-08-09 09:00:00
1593.380032224453,6,915.7035572652563,32,0.2606442803010103,0.15210999147561835,0.022059058476638357,0.39916513302395845,52,7,transfer,Kuwait,charity,finance,1,0,0,0,0,1,clean,2023-01-01 10:00:00
275.84831770850553,51,14766.694556894963,44,0.12676124422928214,0.5062232504595878,0.06449586806592544,0.05464795256384574,103,4,payment,Unknown,charity,unknown,0,0,0,0,0,1,suspicious,2023-06-09 09:00:00
1488.075174836312,45,7618.103880630955,10,0.13970307450314767,0.5225628182759965,0.27066140547963996,0.23477675269425963,56,6,exchange,Saudi Arabia,personal,unknown,0,0,0,1,0,12,clean,2023-01-12 00:00:00
17233.123088657507,35,3154.11952666507,18,0.31389536231946313,0.37638271671009416,0.06932448828267708,0.245475447391219,102,2,payment,Offshore,business,retail,0,1,0,0,0,10,suspicious,2023-03-15 15:00:00
1107.7444041964054,39,1702.9344809023057,4,0.18393917034814242,0.4761997572971516,0.08940465406681629,0.08684132359599712,77,5,transfer,Jordan,personal,construction,0,0,0,1,0,12,clean,2023-02-18 00:00:00
5762.3578244230275,22,6486.392841547402,9,0.24961874692510655,0.49632230172586267,0.10359314099747594,0.0034076859137740193,6,10,withdrawal,Jordan,personal,construction,0,0,0,0,0,14,clean,2023-09-19 12:00:00
27952.890601459156,41,7015.008170723108,7,0.42247535562903055,0.7127414265296306,0.2102663559214656,0.029324915932612432,20,3,exchange,Russia,personal,NGO,0,1,0,1,0,11,high_risk,2023-06-25 07:00:00
353.2050477106726,54,1855.3919066559815,8,0.0958799130081746,0.28833546203568544,0.3112209738628519,0.03727431295897909,54,1,transfer,Offshore,business,unknown,0,0,0,1,0,4,suspicious,2023-11-25 13:00:00
25267.95759278938,5,15252.286621913096,43,0.2420272352711839,0.05212354377688137,0.24435925318228194,0.11938135380131318,2,6,transfer,Iran,business,construction,0,1,0,0,0,10,suspicious,2023-10-18 13:00:00
4966.252002594442,42,704.2205224331702,7,0.1497279019297048,0.16041534381421682,0.02629789970183581,0.289739881425982,75,9,payment,Unknown,business,construction,0,0,0,0,0,17,suspicious,2023-07-10 17:00:00
1886.2517974366147,23,3521.60884407117,41,0.4263543711003709,0.10053318931426612,0.06011648516555414,0.16764501938760926,72,14,exchange,UAE,personal,retail,0,0,0,1,0,1,suspicious,2023-01-15 21:00:00
17897.3311265987,17,9125.090386616615,40,0.16872541851816797,0.2174499568287979,0.12568357040959338,0.1277739812772101,30,14,payment,Kuwait,investment,NGO,1,0,0,0,0,6,suspicious,2023-02-19 10:00:00
14870.987646498304,12,2562.9685462932794,3,0.4758552539590433,0.22371028715605212,0.038769688875389986,0.25568111257595894,91,10,payment,Jordan,business,finance,0,1,0,0,0,5,clean,2023-06-07 07:00:00
31491.2372113042,23,14066.993444196387,17,0.3388894966701369,0.48252765549509263,0.09439705457866426,0.11097210926639062,54,8,transfer,UAE,personal,finance,0,0,0,0,0,18,clean,2023-08-06 22:00:00
19924.403681466007,16,10772.52334326536,2,0.3844100078762435,0.372897437415432,0.2533794758631568,0.0028817680161606287,4,4,payment,Saudi Arabia,investment,real_estate,0,0,0,0,1,18,suspicious,2023-04-13 17:00:00
24404.937089909672,3,12448.043354944877,15,0.43043937055127596,0.11662870220189706,0.045067665151052705,0.05288748351866712,71,8,withdrawal,Russia,charity,finance,0,0,0,1,0,4,suspicious,2023-12-23 19:00:00
4970.007934601078,30,1014.5486915069893,46,0.24131314181959582,0.15711141579611027,0.10552642032377994,0.05777045730994102,47,11,withdrawal,UAE,personal,finance,1,0,0,0,0,18,suspicious,2023-12-24 05:00:00
2929.9994406067044,57,1211.674300290952,29,0.08618670955004212,0.06555790098330892,0.10359693168904406,0.0006679114274660644,88,5,transfer,Egypt,charity,retail,0,1,0,1,0,16,suspicious,2023-09-24 02:00:00
20831.34594008137,22,2700.2882807730975,48,0.10747401323318224,0.2370053964534055,0.10984437482226424,0.11931751848865428,96,3,payment,Offshore,charity,NGO,0,1,0,0,0,15,suspicious,2023-09-29 15:00:00
24663.137748651294,9,5839.770172150288,22,0.4454267506006086,0.24912655687476093,0.009352940090464777,0.2003977165489424,19,4,withdrawal,UAE,business,retail,0,0,0,0,1,13,suspicious,2023-11-10 13:00:00
69855.07335210346,29,11027.119919455938,4,0.15744845222770792,0.1826929270131495,0.08377409954318575,0.06587081401504238,42,7,deposit,Unknown,personal,NGO,0,0,0,0,0,3,clean,2023-09-22 04:00:00
7981.190312289074,47,14489.049926500944,6,0.30802224748873863,0.4415713706117097,0.11229474155396012,0.5114911264292701,99,5,deposit,Iran,business,finance,0,0,0,0,0,18,suspicious,2023-04-28 21:00:00
6978.65867942599,37,9748.234327744354,38,0.5081245777247855,0.24697119815776308,0.1190082163950726,0.06649771606428036,42,4,payment,Offshore,investment,real_estate,1,0,0,0,0,1,suspicious,2023-07-07 21:00:00
22469.317550153806,23,21115.30987639111,26,0.22551222366921234,0.05705810095244107,0.24526278131631052,0.0036932285149735983,51,3,transfer,Unknown,business,finance,0,0,0,0,0,5,clean,2023-02-26 11:00:00
6251.005063961297,13,10738.02105949061,11,0.21791828022495258,0.2223956530921493,0.10705818823669465,0.1321245579383372,3,3,withdrawal,Iran,charity,NGO,0,0,0,0,0,4,clean,2023-03-24 16:00:00
40052.068865989895,32,2925.355178588774,26,0.3274421531264742,0.6108096429951307,0.09345419042813363,4.0988096604138474e-05,82,10,exchange,UAE,charity,finance,1,1,0,0,0,9,suspicious,2023-01-30 04:00:00
29322.587357493736,46,2463.963014574099,17,0.1745372124789055,0.48994205169000676,0.1493767581765282,0.04627337599577949,37,6,exchange,Jordan,personal,unknown,0,0,0,0,0,1,clean,2023-06-03 03:00:00
8405.334141632395,52,9530.886705952702,24,0.6030264703096446,0.20148487076601254,0.015969378172684498,0.04731524210913344,22,8,withdrawal,Jordan,investment,NGO,1,1,1,0,0,10,suspicious,2023-07-30 04:00:00
20846.770747431918,47,1714.1699024803986,28,0.09507879208487217,0.07934867562411628,0.02460044426522809,0.08117731942886046,33,4,payment,Offshore,charity,real_estate,1,0,0,0,0,12,suspicious,2023-01-02 02:00:00
21069.49480282526,48,778.3875759157384,35,0.5913257101533421,0.2686502775306358,0.22953756123925168,0.13660341105968804,102,1,deposit,Offshore,personal,NGO,1,0,1,0,0,12,high_risk,2023-07-08 01:00:00
1632.5627821007704,23,6078.106598579316,31,0.0882306574138235,0.415686351399328,0.1741512453794723,0.11851132677943346,103,4,deposit,Kuwait,personal,finance,0,0,0,0,0,15,clean,2023-04-11 09:00:00
34926.685213014476,45,13791.680803554735,13,0.7067802077840867,0.4483844168936572,0.3248176325685192,0.17687906107635265,98,12,withdrawal,Jordan,business,retail,0,0,0,0,0,2,clean,2023-11-12 14:00:00
10555.612346351316,17,855.1588035800912,35,0.09737656920736468,0.32941590694532885,0.04814292775803279,0.1177326796750693,49,5,deposit,Saudi Arabia,charity,NGO,0,0,0,0,0,15,clean,2023-02-20 01:00:00
26269.988362849952,55,12557.558831804661,16,0.3748698505567744,0.22036678819254674,0.09196897636924586,0.08797835166510616,87,8,withdrawal,Iran,business,finance,0,0,0,0,0,3,clean,2023-04-18 15:00:00
5786.031392467625,40,13352.314648153168,15,0.18822047887634036,0.2170328006444042,0.0626966317243649,0.14438867127634683,54,14,transfer,Jordan,charity,construction,0,0,0,1,0,10,clean,2023-06-20 14:00:00
33881.85771818889,21,5266.473074852012,43,0.1473834413528037,0.3741934462199451,0.05133059187094698,0.1500810125464571,62,13,deposit,Egypt,charity,unknown,0,0,0,0,0,2,clean,2023-02-25 23:00:00
7394.8268109025685,2,472.14493857780775,18,0.42964293199122905,0.23794254423654085,0.06529027064607279,0.2508911210347129,35,7,payment,Egypt,investment,unknown,0,0,1,0,0,8,clean,2023-12-17 10:00:00
163.45209922763217,37,1534.998929457325,47,0.08717296141224376,0.19253001909717027,0.017724249231323236,0.06663250952312758,29,2,deposit,Saudi Arabia,business,unknown,0,0,0,0,0,1,clean,2023-11-24 18:00:00
35368.6094544368,6,9832.308746729903,37,0.4827583797627467,0.20387116915310677,0.027964011407606553,0.24739724130352272,66,9,withdrawal,Saudi Arabia,personal,real_estate,0,0,1,0,0,15,suspicious,2023-07-24 04:00:00
1435.8841582271289,44,9952.192572766213,48,0.4332115957452374,0.2457116093234707,0.2743799278842937,0.17893496384366167,50,3,exchange,Offshore,business,NGO,0,1,0,0,0,4,suspicious,2023-06-23 19:00:00
5769.804500775584,18,18290.17308525525,48,0.3779111635860572,0.12762367446689046,0.09873269840449923,0.03081915569386233,14,9,deposit,Saudi Arabia,investment,unknown,0,0,0,0,0,3,clean,2023-06-07 00:00:00
44954.58574782428,30,6991.333553018661,49,0.14855995094889993,0.5643420366825486,0.04330447911074263,0.21537530651088965,48,1,withdrawal,Russia,charity,finance,0,0,0,0,0,13,suspicious,2023-09-23 19:00:00
45119.24310155984,22,1060.0940915269186,41,0.47947506466770623,0.5765356250560953,0.06567615305839049,0.21932472703543843,44,9,deposit,Unknown,business,real_estate,0,1,0,0,0,10,suspicious,2023-06-10 10:00:00
12779.959365828956,54,1035.540101184578,27,0.05253006198027943,0.19156211412125873,0.03743978382731078,0.013537213597650335,114,7,deposit,Saudi Arabia,business,construction,0,0,0,0,0,2,clean,2023-08-11 16:00:00
14988.45120585787,33,10216.144070816315,35,0.27238314519320056,0.033579985301879264,0.04898547917531253,0.03235853234468264,72,2,deposit,Saudi Arabia,investment,retail,0,1,0,0,0,19,suspicious,2023-04-05 13:00:00
8925.219954342863,30,1624.6165442555346,45,0.20423402329699636,0.06534447594376479,0.022250166725790246,0.09235136138495188,1,10,exchange,Egypt,charity,unknown,0,0,0,0,0,19,suspicious,2023-10-22 05:00:00
5205.341681192956,17,3184.5661056694453,35,0.32962926872094106,0.5838993351156919,0.1730806551799079,0.10200933290109279,28,7,withdrawal,Kuwait,charity,finance,0,0,0,0,0,14,clean,2023-12-28 22:00:00
5977.295018255846,43,5343.142304672868,28,0.4081214415609747,0.12660309689868074,0.2701360289608956,0.33645902447445775,3,1,transfer,Iran,personal,real_estate,0,1,0,1,0,9,high_risk,2023-05-19 18:00:00
16744.853698927593,32,200.6134868209615,39,0.15080935371520626,0.2559898216455436,0.15075303277003646,0.5078262815089165,118,11,payment,Iran,charity,NGO,0,1,0,0,0,19,high_risk,2023-12-01 05:00:00
20937.568104946156,42,2288.869441941115,38,0.49771046032721555,0.15491546233787154,0.023600476896635383,0.16035459360934426,71,3,exchange,Iran,charity,NGO,0,0,0,0,0,17,suspicious,2023-08-13 12:00:00
23522.93124331723,51,4192.497514926516,9,0.13417164578335877,0.6489752044196535,0.05931927466487559,0.08880445658988327,98,7,payment,Unknown,charity,finance,0,0,0,1,0,5,high_risk,2023-08-28 08:00:00
23382.465477731126,14,2623.9926503591073,12,0.15257506076372632,0.18423266113200001,0.023398946964502895,0.16784095423385292,48,3,payment,Egypt,charity,NGO,0,0,0,0,0,2,clean,2023-08-30 08:00:00
1434.5541981047916,58,1172.8897745272939,15,0.44061234936862265,0.2168216813187928,0.29562638559595666,0.003025480111302803,32,2,transfer,Egypt,charity,unknown,0,0,0,0,0,7,clean,2023-07-17 22:00:00
10230.743948600339,10,10415.986233030504,21,0.25389838141531257,0.3630072822166008,0.021933862700200143,0.06463065080923648,9,5,deposit,Unknown,personal,retail,0,0,0,1,0,2,clean,2023-06-04 03:00:00
889.225596731067,47,13419.492590835885,35,0.2718793372718365,0.17784114934417622,0.08454720594048268,0.6385254234675833,119,3,transfer,Unknown,charity,real_estate,0,0,0,1,0,12,suspicious,2023-12-19 10:00:00
11961.919735430894,51,2381.632749985575,42,0.11112413433830175,0.1339009292236586,0.0038994345786146577,0.011192749495477017,99,13,payment,Russia,business,finance,1,1,0,1,0,14,high_risk,2023-05-23 13:00:00
8738.329124809254,36,11912.625402831765,33,0.4145936910104011,0.21945328314480064,0.11373471100882487,0.041897427236641804,57,9,exchange,Offshore,business,real_estate,1,0,0,0,1,7,high_risk,2023-09-21 20:00:00
32799.279963312016,34,3896.268169845624,19,0.25154649747577906,0.6881288658106165,0.0003951636726553995,0.12914740192832644,83,7,payment,Unknown,charity,unknown,0,0,0,0,0,14,suspicious,2023-04-20 10:00:00
6482.874292018277,9,5652.871735104622,23,0.12599008660891947,0.2193442939409221,0.06718386023020624,0.029905352677386234,46,11,payment,Offshore,business,NGO,0,1,1,0,0,12,suspicious,2023-04-08 23:00:00
1867.589663286763,42,15503.595551758237,13,0.412318792660699,0.2831076928036172,0.07447826558849294,0.04158948981427484,58,1,transfer,Kuwait,personal,unknown,0,0,0,0,0,16,clean,2023-04-17 10:00:00
2314.6148181317903,28,11088.872843923245,44,0.11384706839470396,0.30363051273424707,0.06568624883672598,0.19321030463429145,56,1,withdrawal,UAE,business,construction,0,0,1,0,0,14,clean,2023-03-22 21:00:00
21501.458206186406,11,13082.841100414484,1,0.4154367510221251,0.18463985724470508,0.10056422448613017,0.06936134528648319,15,6,payment,Offshore,personal,construction,0,0,0,0,0,4,clean,2023-09-17 21:00:00
14443.585196220525,14,1177.2895279800216,29,0.03395953158524765,0.07098374069961343,0.022512586131500593,0.28594706767437966,119,4,withdrawal,Kuwait,personal,unknown,0,0,0,0,0,14,clean,2023-02-19 17:00:00
1599.1306836807817,39,578.1523654640689,24,0.25825528907671497,0.31297135412465654,0.05632435972232424,0.15993953228871877,95,1,deposit,Jordan,investment,real_estate,1,0,0,1,0,1,suspicious,2023-03-26 05:00:00
1317.8328250290763,55,17909.72904928932,16,0.6754185018289106,0.07723071395842221,0.13716423852144724,0.21052756511337925,61,9,payment,UAE,business,finance,0,0,0,0,0,10,clean,2023-10-22 17:00:00
18108.127074796495,47,3926.0178542036683,25,0.2923185874888206,0.28993742986483206,0.05518728309113755,0.23159662325016658,16,14,transfer,Egypt,business,finance,0,1,0,0,1,3,suspicious,2023-09-09 02:00:00
1133.191342886957,54,2716.0671229795585,23,0.09420476682316493,0.5413709677819522,0.48725510927740917,0.09229290683922615,115,2,deposit,Egypt,charity,real_estate,0,0,0,0,0,15,clean,2023-04-06 05:00:00
25877.78780712872,19,10319.042087223825,28,0.23278588086512902,0.4510165220584793,0.2183083020978303,0.026470626669291966,111,1,exchange,Saudi Arabia,charity,retail,0,0,1,0,0,13,clean,2023-03-11 15:00:00
18374.996296950074,54,14483.409543805874,47,0.15034660472137829,0.42876187338684624,0.059986225578040495,0.14554593130845342,46,3,payment,Jordan,investment,real_estate,0,0,0,0,0,8,clean,2023-12-27 14:00:00
1272.7312587046808,15,15872.447100963987,16,0.3319797054907192,0.15058506744824499,0.15073648876076903,0.32103218178243087,101,10,transfer,Kuwait,charity,unknown,0,0,0,0,0,2,clean,2023-02-18 13:00:00
1329.8080166671004,28,3038.345453814726,43,0.15962923513222171,0.09653998348181288,0.14158595089046647,0.27254405762989065,71,12,payment,Offshore,business,unknown,0,1,0,0,0,9,suspicious,2023-08-03 21:00:00
64731.87843087138,24,15295.832892898685,38,0.3122658397800824,0.044515537941646706,0.025286036810696133,0.3751745289917461,35,12,transfer,Egypt,personal,construction,0,0,0,0,0,11,clean,2023-12-23 13:00:00
7032.563738284343,8,334.3626142218037,11,0.4488795940904336,0.1651827461521231,0.20717887637167942,0.2621300551132393,93,1,transfer,Unknown,investment,finance,0,0,0,0,0,2,clean,2023-02-20 13:00:00
6945.828907129688,43,407.49626461523906,3,0.24167547141926018,0.47124772044615504,0.3196550329225034,0.2589706915399732,66,13,withdrawal,UAE,personal,construction,0,0,0,0,0,8,clean,2023-10-15 09:00:00
25133.631049240157,9,7815.105729921293,15,0.15575661836575333,0.34882770970690086,0.03855904171866274,0.02800563719872493,57,4,payment,Saudi Arabia,charity,finance,0,1,0,0,0,9,clean,2023-12-02 08:00:00
44132.46806944865,47,521.4841929769453,1,0.2546248531429317,0.5336525576572954,0.20651538362042826,0.03166464993457099,112,4,transfer,Kuwait,personal,real_estate,0,0,0,0,0,12,clean,2023-04-13 12:00:00
64031.609094029765,33,3139.7099684513755,7,0.3998739638024344,0.1407847884987113,0.3684989205880482,0.11052568450782965,34,6,transfer,Kuwait,investment,retail,0,0,0,0,0,19,clean,2023-07-02 03:00:00
20998.48845174513,33,8936.393335518422,1,0.41633509366027566,0.10398427128260382,0.02267786822150709,0.0647284697117005,99,12,deposit,Offshore,business,NGO,0,1,0,0,0,15,suspicious,2023-01-13 12:00:00
7080.314994286885,19,3291.063423965839,49,0.4126013301391979,0.03190975917477248,0.0492081011319644,0.2711736969748031,31,3,payment,Offshore,business,finance,0,0,0,0,0,4,clean,2023-09-29 20:00:00
1307.9099054693588,3,1583.703891019464,32,0.22230386035669425,0.20584236322518704,0.022399762712813954,0.3655355752611766,12,13,deposit,Unknown,investment,retail,0,0,1,0,0,10,suspicious,2023-03-10 09:00:00
22518.638106819384,10,2643.053538348919,9,0.20210554573368733,0.08034601465054993,0.17306417333573315,0.019830681043944736,65,9,withdrawal,Jordan,personal,retail,0,0,0,0,0,13,clean,2023-08-26 18:00:00
12260.406113422394,40,4893.648516006101,29,0.4699687185920182,0.3900179433122525,0.3013073954665038,0.3475710465896337,47,6,withdrawal,Iran,investment,retail,0,0,0,0,0,8,clean,2023-12-17 17:00:00
8280.496879574606,47,5160.737993518326,26,0.3039231524760021,0.126806596800123,0.33698702988418355,0.1065744384990781,93,14,transfer,UAE,business,real_estate,0,0,0,0,0,11,clean,2023-05-10 06:00:00
35523.56513217136,42,12222.871932467073,23,0.3941774589734196,0.29892540549886776,0.07082822142396535,0.020836364266334704,65,7,transfer,Offshore,personal,retail,0,0,0,1,0,5,suspicious,2023-03-20 12:00:00
1768.2031195782038,1,11095.259734054373,45,0.5975943525180516,0.2309109298802323,0.044774429048673604,0.021582583499049707,1,6,transfer,Saudi Arabia,charity,retail,0,0,0,0,0,15,suspicious,2023-04-17 07:00:00
10177.576640594314,29,4882.483843520248,43,0.18642650327975874,0.0573597740471743,0.18601728423893119,0.03455562823462964,79,9,payment,Iran,business,unknown,0,0,0,0,0,1,suspicious,2023-01-30 18:00:00
171.27884148812504,50,14949.159483040663,29,0.5153807611424077,0.13984774307844358,0.13337071966856442,0.2367859674814327,67,2,payment,Egypt,investment,unknown,0,1,0,0,0,17,suspicious,2023-10-05 09:00:00
9485.315543743893,34,970.4481198582017,38,0.05618909073111791,0.4031525867708886,0.005999306889126109,0.020317263729628356,14,11,exchange,Unknown,business,finance,1,0,0,0,0,12,suspicious,2023-12-31 08:00:00
869.2564659888866,51,2358.763749804654,33,0.471509615372814,0.1885635297822993,0.024792369732244003,0.12411678276827362,54,14,transfer,Unknown,charity,unknown,1,0,0,0,0,4,suspicious,2023-04-01 17:00:00
1897.3649389675684,13,14080.991771417985,7,0.38797144093509983,0.05333913884972402,0.3948941975433682,0.24614182734088072,10,8,deposit,Saudi Arabia,personal,finance,0,0,0,0,0,7,clean,2023-06-07 15:00:00
1875.3934801118442,54,3798.4448166924767,12,0.3259027728997422,0.08671165492272451,0.015622359400924341,0.14098084693109572,67,5,exchange,Offshore,investment,retail,0,1,0,1,0,11,suspicious,2023-04-19 00:00:00
15713.525796104574,1,31783.34379766423,31,0.5366213216088783,0.2629632544986155,0.06851739804767636,0.02614860444205903,84,2,payment,Kuwait,business,unknown,1,1,0,0,0,12,suspicious,2023-06-11 00:00:00
20558.96576394709,34,5022.670900157764,32,0.36547898967661085,0.24449363295369894,0.007505251501539523,0.21434490691493452,50,13,payment,UAE,business,construction,0,1,1,0,0,16,suspicious,2023-01-17 00:00:00
13133.306658043028,29,12559.261937485615,20,0.25834667198728,0.1969255573569822,0.025381603891977095,0.2654702362987624,119,7,transfer,Offshore,investment,NGO,0,0,0,0,0,18,clean,2023-02-16 09:00:00
49120.80313653566,48,4117.424832146649,17,0.1851022572192372,0.2864225639827745,0.20764270666540044,0.011998882976180824,100,12,deposit,Russia,personal,NGO,0,0,0,0,0,14,suspicious,2023-11-10 21:00:00
7046.948668804008,47,4426.435240309671,36,0.07159692236894764,0.11684600478923367,0.08906948370803368,0.15394037156761467,91,5,deposit,Jordan,charity,real_estate,0,0,0,1,0,15,suspicious,2023-04-13 04:00:00
5047.037361308381,13,3861.5750759211955,3,0.2837349767764871,0.33669889636647765,0.15487648124699274,0.1507427851889709,113,8,withdrawal,Offshore,investment,unknown,0,1,0,0,1,17,high_risk,2023-06-08 06:00:00
30442.538072553445,48,10157.358064029446,1,0.030396540925930988,0.42718939483164603,0.046435186884814704,0.05262601994310287,116,14,transfer,Egypt,business,real_estate,0,0,1,0,0,2,clean,2023-11-08 11:00:00
3796.231015977801,49,6344.0563152617615,27,0.392907840947582,0.4669523272259842,0.02871575269917588,0.1727289580872682,36,10,payment,Offshore,charity,NGO,0,0,0,0,0,3,suspicious,2023-10-29 03:00:00
49543.05159377866,53,23027.592963823867,47,0.11876468132124471,0.13299470510497202,0.22589317464556394,0.03419961390939547,111,11,transfer,Saudi Arabia,personal,unknown,1,0,0,0,0,5,suspicious,2023-12-02 15:00:00
183.43416538453963,29,2310.958930494639,40,0.3784880951192475,0.3253436681143907,0.0811389500267496,0.06097384254217238,11,6,transfer,Russia,investment,NGO,1,0,0,0,0,1,suspicious,2023-12-09 10:00:00
52537.90384319222,39,847.8877526683323,33,0.24543220114118885,0.12578239905093175,0.005626013037225012,0.00040211491101632967,3,7,withdrawal,Unknown,personal,unknown,1,1,0,0,0,10,high_risk,2023-02-07 21:00:00
661.7849792775285,24,3997.258907493452,20,0.4652470733023034,0.5022692348035857,0.04776156774436089,0.02689721854155917,88,11,withdrawal,Iran,charity,construction,0,0,0,1,1,15,high_risk,2023-05-25 00:00:00
33265.81843740013,26,7671.763683287967,14,0.0766092694240153,0.38956373286016277,0.43537365896166164,0.06209862126045362,39,12,exchange,Russia,personal,retail,0,0,0,0,0,10,suspicious,2023-11-08 21:00:00
11252.148755240854,17,15774.687152077211,36,0.22412089292740175,0.05763354867245901,0.02607891237644572,0.10146164247010056,10,1,transfer,Saudi Arabia,charity,finance,0,1,1,0,0,4,suspicious,2023-01-02 04:00:00
74352.42911889049,7,3399.5921825559794,5,0.3107622581436636,0.24200960711500186,0.13515039802689532,0.13866559189307603,90,2,payment,Egypt,business,unknown,0,1,0,0,0,13,clean,2023-09-20 23:00:00
1149.920639316824,13,8485.602940364328,23,0.20752717906493065,0.37596158050865897,0.509133313259434,0.0626697892295532,51,9,withdrawal,Offshore,charity,unknown,0,0,0,0,0,16,suspicious,2023-07-01 14:00:00
12106.644956000233,5,3448.7090074367175,45,0.22279424621920296,0.36232778547079625,0.05660882356209349,0.21384458845511675,32,7,exchange,Iran,investment,real_estate,0,0,0,0,0,10,clean,2023-05-12 11:00:00
52253.62831884008,26,7682.350223677721,15,0.38059583744855513,0.13809805725248323,0.06438058904063751,0.34586222342202844,52,7,exchange,Kuwait,charity,retail,0,0,1,0,0,2,clean,2023-10-26 12:00:00
11106.65899771566,49,17289.236141927704,6,0.12725747782556587,0.0991086689452135,0.12415734645084087,0.025723854766109996,72,4,exchange,Iran,charity,unknown,0,0,0,0,1,8,suspicious,2023-06-15 20:00:00
14889.42435571781,3,2105.0359369338544,33,0.19940635350034852,0.24653026636686007,0.0821216164744181,0.22189776840065445,47,13,payment,Egypt,business,unknown,0,0,0,0,0,14,clean,2023-07-20 07:00:00
17848.518571751614,7,4143.361071253019,19,0.5115197253188626,0.3026219316832306,0.08224377508770316,0.010243662009696054,13,13,withdrawal,Saudi Arabia,personal,finance,0,0,0,0,0,5,clean,2023-08-16 22:00:00
9091.916335154263,58,40003.73308048463,13,0.2860141234154048,0.10141555869158934,0.2231927075300636,0.3698536540101563,67,4,deposit,Jordan,business,NGO,1,0,0,0,0,18,suspicious,2023-12-03 16:00:00
14815.11259512033,49,16233.457570634535,29,0.10028122412451781,0.09455539519008505,0.1368668031113797,0.014381156720199642,53,3,payment,UAE,investment,retail,1,0,0,0,0,8,clean,2023-07-15 09:00:00
13167.387927086334,39,6652.653420335879,6,0.6673432176742484,0.41382217521335884,0.06869989653461712,0.028326662387494754,53,10,transfer,Egypt,charity,retail,0,0,0,0,0,12,clean,2023-08-29 04:00:00
34713.49154223971,53,5815.743128511455,15,0.21927688100727952,0.1272086524236803,0.2301255637138495,0.14638933391121278,15,4,deposit,Jordan,business,NGO,0,0,0,0,0,18,clean,2023-09-03 16:00:00
697.6719261522146,1,2679.3118924021037,16,0.2587791683470191,0.7070457790498695,0.15244704977113743,0.1124691635923972,53,12,payment,UAE,investment,unknown,0,0,0,0,0,13,suspicious,2023-11-22 00:00:00
4947.640888481377,49,5825.378536555229,24,0.6252497587976844,0.4003944135176894,0.0001997843174327337,0.1805603924980477,85,10,withdrawal,Offshore,personal,retail,0,0,1,0,0,5,suspicious,2023-01-03 20:00:00
45059.940087913965,17,15080.556313870833,23,0.0323531017045897,0.13502921323061917,0.057458856571389404,0.2478705064856835,42,6,exchange,UAE,business,retail,0,0,1,0,0,11,clean,2023-03-01 22:00:00
33145.13742680229,43,9245.894432661002,48,0.2532519420143883,0.25493745918001076,0.10960157653773495,0.04708661656108168,29,11,payment,UAE,charity,finance,1,1,0,0,0,3,suspicious,2023-07-19 05:00:00
9122.628929394301,25,2740.418579102885,10,0.5969323207913994,0.19638054888717116,0.08116165699706536,0.25403544593669514,117,3,transfer,Jordan,business,construction,0,0,0,0,0,16,clean,2023-09-19 10:00:00
14518.995431084659,59,1799.8010315667727,41,0.017082749259269087,0.2078194489759764,0.35836579476168884,0.07616392577475849,47,10,transfer,Egypt,business,NGO,0,0,0,0,0,8,clean,2023-07-08 22:00:00
4873.101298426952,3,2465.348350653789,41,0.08003746781794412,0.1690754633020037,0.026206318644306954,0.1346203716375886,91,8,transfer,Kuwait,charity,NGO,0,0,0,1,0,17,suspicious,2023-09-14 18:00:00
3126.0624215409675,15,1488.316011711938,49,0.28089936600992255,0.688140361387845,0.06806540226729035,0.021093783990540578,30,1,deposit,Russia,investment,finance,0,0,0,0,0,6,suspicious,2023-07-22 12:00:00
9345.878982061482,29,804.2282992445303,17,0.2973046893558898,0.2849980294591981,0.050639451534834255,0.009637044127127424,14,6,exchange,Unknown,charity,construction,0,0,0,0,0,13,clean,2023-07-04 18:00:00
6539.3030192510005,53,4345.911432157706,49,0.14657918754870033,0.07781901140950326,0.0073031145672599745,0.1718410565642651,105,13,payment,Iran,personal,finance,0,1,0,0,0,17,high_risk,2023-04-23 17:00:00
13143.655590099646,43,961.9850115654444,44,0.409463424195691,0.050162864698687824,0.04245637894864392,0.0031802971150818706,79,2,deposit,Egypt,business,NGO,0,0,0,0,0,3,clean,2023-12-26 20:00:00
1213.8342664977718,32,1509.0921885046835,45,0.14181114095373745,0.3999735154983595,0.2480344160464306,0.09251274869003198,110,11,payment,Iran,investment,NGO,1,0,0,0,1,13,high_risk,2023-10-10 03:00:00
54974.40183783851,26,6340.641223624487,30,0.1325414391379613,0.6934859914642743,0.09438995950296857,0.030272890392294298,111,14,withdrawal,Unknown,personal,unknown,0,0,0,0,0,8,suspicious,2023-03-05 17:00:00
64257.98363328808,16,1438.7500601204206,44,0.3444420881211604,0.5290429842024932,0.01274471993141298,0.10903986935371807,59,1,withdrawal,Offshore,charity,finance,0,1,0,0,0,8,suspicious,2023-05-06 04:00:00
17967.95822869184,25,528.0908572363152,46,0.21549284817730893,0.3411216715683323,0.05489669014128303,0.3321977161863967,110,12,payment,UAE,investment,retail,0,0,0,0,1,19,suspicious,2023-08-25 11:00:00
11521.17651618135,54,3054.639264646406,10,0.14410535621579967,0.13055968203670915,0.19596734604235574,0.02614655378171582,106,4,deposit,Unknown,investment,retail,1,0,0,0,0,10,suspicious,2023-06-27 13:00:00
5555.6895233154,28,1990.9643504036396,19,0.43585881208142346,0.18007964792098066,0.004971451461251687,0.013586595758567022,64,12,transfer,Egypt,charity,real_estate,0,0,1,0,0,15,clean,2023-06-26 02:00:00
25213.60751231995,9,5793.88671763555,29,0.19235727673330574,0.15084115760387845,0.07809699997818298,0.19925864378071373,44,13,deposit,Iran,investment,unknown,0,0,0,0,0,7,clean,2023-05-21 03:00:00
17314.943754732234,56,863.952595302391,2,0.10289932840027928,0.28492710751706274,0.006748887606914518,0.07136531152987174,116,6,deposit,Egypt,personal,retail,0,0,1,0,0,18,clean,2023-01-31 21:00:00
2662.104811507326,56,11147.221731625023,36,0.19046577593329558,0.3437454130321139,0.24262545252943962,0.11893516349130176,14,7,payment,Offshore,investment,unknown,0,0,1,1,0,1,suspicious,2023-11-11 12:00:00
36274.51637998691,1,18935.582695115892,19,0.27819542521843876,0.5791346767134432,0.0377001860723425,0.07319081625331166,25,11,deposit,Jordan,personal,finance,0,1,0,0,1,13,high_risk,2023-04-20 10:00:00
25934.917670509072,29,10882.991305509557,7,0.05274181703537225,0.0557785167673853,0.026437755133096298,0.030430163336189964,91,1,withdrawal,UAE,investment,retail,0,0,0,0,0,17,clean,2023-09-06 04:00:00
44876.07787550154,57,6088.445762343712,26,0.33814675954201306,0.19647170943258646,0.08270557374472157,0.04744804651125602,111,3,payment,Kuwait,business,unknown,0,1,0,0,0,19,suspicious,2023-02-03 14:00:00
19404.060062942015,22,15767.155404085646,15,0.2626474034892767,0.13510522388791646,0.03863992643503879,0.5379565602779374,44,6,payment,Jordan,investment,finance,0,0,0,0,0,2,clean,2023-09-08 11:00:00
14256.060293870592,16,9497.407447211353,47,0.18958890944313442,0.24725700993787608,0.1352889891610578,0.04553112386676639,61,13,payment,Kuwait,personal,NGO,0,0,0,0,0,8,clean,2023-10-21 05:00:00
8125.537598896701,41,100.0,38,0.41621714350597094,0.3101347535795589,0.06328503844594419,0.11659110838623161,2,13,deposit,Offshore,business,construction,0,0,1,0,0,11,suspicious,2023-11-01 16:00:00
40485.275423206775,51,4008.1925674747936,3,0.1580536956136343,0.5054206141760417,0.06439181253143139,0.07186873406199674,115,6,exchange,Egypt,charity,real_estate,0,0,0,0,0,12,clean,2023-12-01 21:00:00
30155.885700703802,44,15227.88961887667,38,0.3061992848265834,0.31981653874818233,0.09469837623997145,0.0014986912334467996,81,10,transfer,Kuwait,charity,finance,0,0,0,0,0,3,clean,2023-07-09 15:00:00
694.0940797968418,51,3395.457098526786,16,0.22100948926709416,0.3214118319955005,0.2871808581934513,0.11591028833392125,79,6,transfer,Kuwait,investment,NGO,0,0,0,0,0,5,clean,2023-03-18 23:00:00
400.81225299767044,54,286.8014420243311,2,0.02758535551508797,0.5809185533834732,0.025998172092116585,0.4555321480188857,91,7,withdrawal,Russia,business,construction,0,1,0,0,0,12,suspicious,2023-08-04 00:00:00
7085.216423748943,41,10969.028004555412,31,0.5369502213534969,0.36159555902360807,0.03390127425094203,0.15844890262805367,119,11,payment,Russia,investment,unknown,0,0,0,0,0,1,suspicious,2023-01-19 02:00:00
24954.715844941293,7,12957.452409810583,28,0.062492074666717044,0.2253383467890622,0.2116792065365411,0.05415651733480788,74,7,transfer,Egypt,investment,construction,0,1,0,0,0,11,clean,2023-02-26 12:00:00
65464.13202330252,14,1400.4833347587426,7,0.4966469211872037,0.1751728628997093,0.030715250890553016,0.2538676326800346,43,12,deposit,UAE,business,retail,1,0,0,0,1,3,suspicious,2023-02-24 00:00:00
2445.1426490171953,29,6166.111278350484,30,0.5601778037479068,0.1116704402066321,0.23442944800868934,0.4218032284678298,110,10,deposit,Egypt,charity,NGO,0,1,0,0,0,10,suspicious,2023-05-12 02:00:00
13525.861953236035,19,1705.104577791748,43,0.2559162953907526,0.4020514492452256,0.17596094167549395,0.11625239056526536,9,8,deposit,Jordan,business,NGO,1,0,0,0,0,13,suspicious,2023-06-30 15:00:00
7192.105496371441,19,10161.881514295566,7,0.3048426524874241,0.256289203913247,0.15044754110990133,0.01408417528345938,61,11,withdrawal,Unknown,personal,unknown,0,0,0,0,0,19,suspicious,2023-09-07 17:00:00
52555.628315639435,2,2534.695317919056,36,0.13318749124137827,0.2092620427391952,0.09203994424380545,0.22057240635033717,67,2,payment,Unknown,business,real_estate,0,1,1,0,0,13,suspicious,2023-06-10 11:00:00
27688.69811150452,41,3040.8953399897377,29,0.20887389125026448,0.3297059399833402,0.08848130613805723,0.23337686046481268,24,10,transfer,Unknown,charity,real_estate,0,0,0,0,0,14,suspicious,2023-05-10 15:00:00
27332.85069704786,45,14913.137109670282,24,0.18025936663920775,0.42890419357593407,0.036737751309579424,0.09125886678028161,65,14,payment,Offshore,business,unknown,0,0,0,0,0,10,suspicious,2023-12-31 08:00:00
9486.233567096602,15,5175.031679414748,39,0.0421555332226711,0.3396365116875378,0.17064919337607365,0.06330488655267104,38,1,payment,UAE,personal,retail,0,1,0,0,0,17,suspicious,2023-08-07 10:00:00
8037.524044910236,3,8863.350511998602,4,0.38663938988199875,0.3277459839507115,0.1936211187605213,0.08834470098998617,70,10,deposit,Jordan,business,unknown,0,0,0,1,0,6,clean,2023-07-25 19:00:00
4790.8333822509185,11,4118.308402675032,29,0.32103352202411145,0.18276713153961588,0.2302998483129416,0.23088731007509458,5,14,transfer,Russia,investment,unknown,0,0,1,0,0,5,suspicious,2023-07-09 22:00:00
870.4044576725432,53,2830.653144690453,44,0.2145847308629632,0.5374568536682014,0.3671562668656165,0.022525312327861792,68,13,withdrawal,Egypt,business,NGO,0,0,0,0,0,14,suspicious,2023-09-09 05:00:00
30006.392100049656,46,7856.839152760429,5,0.18184410502783432,0.17146217544311265,0.18227269601419097,0.09598348833014539,67,7,payment,Saudi Arabia,business,unknown,0,0,0,0,0,14,clean,2023-01-14 01:00:00
25141.761588748843,30,1346.0009155371345,29,0.2864000119952676,0.2776808599385581,0.06060552802760799,0.07861983141512634,109,12,exchange,Unknown,charity,finance,0,0,0,0,0,5,clean,2023-10-21 16:00:00
122586.68396727124,57,3734.46780876355,30,0.38290839390414705,0.3119581029509333,0.13331329647312065,0.010400287864465665,30,1,deposit,Egypt,investment,real_estate,0,0,0,0,0,11,clean,2023-07-10 06:00:00
85423.101011165,40,1876.033086459828,29,0.42488256705170063,0.5025743071736591,0.3549456363550957,0.19996660402147115,100,2,exchange,UAE,investment,real_estate,0,0,0,0,1,5,clean,2023-08-17 11:00:00
12159.77388962091,18,9520.426832502937,26,0.4853284534068068,0.22093625984387635,0.04137855517120875,0.17099421149552765,87,1,withdrawal,Kuwait,investment,retail,0,0,0,0,0,19,clean,2023-12-20 06:00:00
21979.246353093913,51,23089.118523518675,19,0.08975684956749921,0.434434078762168,0.3421531708969089,0.03836938438841577,62,14,withdrawal,Kuwait,business,real_estate,1,1,0,0,1,15,high_risk,2023-12-15 10:00:00
43442.57524311654,48,43248.9455536464,26,0.40912725852203496,0.09327682141242855,0.12767022610776846,0.32778669753453,7,12,withdrawal,Offshore,personal,retail,0,0,0,0,0,17,suspicious,2023-04-29 02:00:00
28421.580220638687,2,4786.723353291107,37,0.200814187509053,0.042549409854660686,0.072556981935188,0.005603450403258125,51,12,withdrawal,Egypt,charity,NGO,0,0,0,0,0,17,clean,2023-09-15 11:00:00
4262.286668717198,32,2328.493036606132,27,0.4715400198652694,0.3974759638664002,0.16230392732625298,0.06866967644566777,32,1,transfer,Russia,business,retail,1,0,0,0,0,3,suspicious,2023-05-23 11:00:00
8982.402410997967,8,4679.069993071585,30,0.15660116849193792,0.2770967092103167,0.01820103041802924,0.21521707943107707,107,3,exchange,Saudi Arabia,charity,real_estate,0,0,0,0,0,19,clean,2023-12-18 05:00:00
2074.44516469633,22,15032.63807309539,30,0.10176325124539166,0.08851970633534449,0.07083820916119293,0.13310674875984865,74,4,deposit,Kuwait,business,unknown,1,0,0,0,0,5,clean,2023-09-07 16:00:00
46203.35679662563,6,1845.431756714731,3,0.1449859368713775,0.22923820504911063,0.0460482204480401,0.4639291460687395,115,5,exchange,Iran,investment,unknown,0,1,0,0,0,8,suspicious,2023-07-10 04:00:00
13977.715538829272,12,24308.391991976438,43,0.43830664665505964,0.35362943618994935,0.33083790776518945,0.07116357797304193,115,5,transfer,Kuwait,charity,finance,0,0,0,0,0,1,clean,2023-10-12 01:00:00
3894.0558812772556,47,3346.7709573979073,7,0.114183958024522,0.07224433363260248,0.11684282285096358,0.25716830313324357,101,2,payment,Kuwait,investment,retail,0,0,0,0,0,14,clean,2023-11-29 23:00:00
16707.443087598753,57,34038.16844284181,49,0.04809606642893039,0.29045547397823046,0.2843959302260749,0.18971415251111487,97,11,withdrawal,Iran,business,construction,0,0,1,0,0,10,suspicious,2023-06-29 09:00:00
14440.056521146074,40,14591.396719428967,9,0.5346623713304456,0.4954978429590188,0.17164680399995275,0.04471266331175604,26,3,payment,Kuwait,personal,construction,0,1,0,0,0,8,clean,2023-03-24 05:00:00
6651.306934456591,36,13225.886901912238,41,0.12048826447551492,0.5444528564047615,0.03138296320154535,0.331055328108286,43,14,withdrawal,UAE,charity,NGO,0,0,0,0,0,1,clean,2023-04-24 23:00:00
1808.086820977039,15,3060.6868510419736,42,0.46400900951908086,0.39217582024425485,0.06677051859541659,0.0020128760480433027,109,8,deposit,Kuwait,investment,real_estate,0,0,0,0,0,5,clean,2023-04-12 13:00:00
16701.61925278653,28,100.0,13,0.47940115122205756,0.3103778334720336,0.069540758543835,0.3252755641434562,62,2,withdrawal,UAE,business,real_estate,0,1,0,0,0,19,clean,2023-07-10 20:00:00
11019.156362790565,52,3851.8552598319598,15,0.09171733168201547,0.576595099472038,0.008337067393245134,0.05558496499725133,31,4,withdrawal,Iran,investment,construction,0,0,0,0,0,7,clean,2023-10-27 15:00:00
22197.106214407726,57,2874.104833132561,5,0.30285496158509334,0.5489120654765259,0.23854427402011727,0.02633078638896713,94,7,payment,Egypt,business,finance,0,0,0,0,0,5,clean,2023-11-27 10:00:00
11014.647906352726,49,304.9135647587711,29,0.24349246828773033,0.041265681290520925,0.12525424000651042,0.30905931711503404,23,9,payment,Kuwait,investment,NGO,0,0,0,0,0,2,clean,2023-12-19 04:00:00
28676.55166962726,45,5631.485445766933,35,0.22360518615635777,0.24607150385204965,0.0026769626133639783,0.02007865898479185,64,3,payment,Iran,investment,retail,0,1,0,0,0,15,suspicious,2023-01-05 16:00:00
12041.311785322312,18,4127.124917397926,27,0.7914225730120392,0.08599346818784989,0.5093126431287385,0.09800173481588151,93,3,transfer,Iran,business,retail,1,0,0,0,0,1,suspicious,2023-05-19 01:00:00
12346.718714702207,2,8053.148049861319,27,0.4434723591758304,0.08630730141813045,0.16400188063810364,0.19053943686248911,72,7,withdrawal,Jordan,investment,NGO,0,1,0,0,0,10,clean,2023-08-21 08:00:00
31391.379648446575,13,7765.686480559559,8,0.17340115317151167,0.3492138318186651,0.21503589268685153,0.14526734699997387,55,8,payment,Russia,charity,real_estate,0,1,0,0,0,6,suspicious,2023-11-23 13:00:00
7749.7097098217555,45,1029.457452238381,32,0.546915044406286,0.4415961444395165,0.09369256262719512,0.2538533772829397,16,14,transfer,Saudi Arabia,charity,NGO,0,0,0,0,0,6,suspicious,2023-08-11 23:00:00
2158.319330854484,54,30166.11351546266,20,0.3877569484568002,0.3147108631706032,0.07963766556896512,0.15956257270331597,9,4,deposit,Offshore,business,real_estate,0,0,0,0,1,14,suspicious,2023-11-25 11:00:00
438.07532148142025,15,1655.5186428841564,10,0.307895717044159,0.15917630072361844,0.24184790139828208,0.05153670230446135,4,14,deposit,Egypt,business,NGO,0,0,0,1,0,8,suspicious,2023-05-31 03:00:00
21105.861789938786,20,4714.248203835063,13,0.007263757171461416,0.4056762595848086,0.5365111452837423,0.22850108871591504,83,1,withdrawal,Offshore,investment,unknown,0,0,0,0,1,18,suspicious,2023-03-28 15:00:00
14525.984505910194,29,5357.282058547846,29,0.1382591955456103,0.157909100880344,0.11000963497313546,0.00010590792314399019,39,5,payment,Iran,business,finance,0,1,0,0,0,5,suspicious,2023-07-07 07:00:00
18264.980216968146,59,13415.860260039546,35,0.24306895106676718,0.20034930793475092,0.0036771194916183705,0.010874372364904636,44,11,withdrawal,Kuwait,investment,retail,0,0,0,0,0,14,suspicious,2023-06-19 15:00:00
3592.222402401652,42,836.0390198505305,8,0.15654616733559126,0.143895600417539,0.44347897729817826,0.3476819865172076,41,14,withdrawal,Kuwait,charity,unknown,0,0,0,0,0,10,clean,2023-12-29 11:00:00
2199.18826842418,29,4477.94627742174,29,0.08897941878799755,0.6281331120596145,0.04186962210886532,0.030795451706193543,13,4,withdrawal,Saudi Arabia,personal,construction,0,0,0,0,1,9,suspicious,2023-10-27 00:00:00
219.77214398503173,3,7921.6980532926855,31,0.389342704647652,0.323689864555447,0.05543783275234245,0.34234904232710667,76,14,transfer,Egypt,personal,unknown,0,1,0,0,0,3,suspicious,2023-10-08 20:00:00
6475.308922726039,19,1938.1585996781293,41,0.18090948105377258,0.19824200359382782,0.26737667585839087,0.04893795415564476,73,11,withdrawal,Iran,business,NGO,1,0,0,0,1,6,high_risk,2023-01-07 18:00:00
13370.960634974168,3,7899.456536531331,30,0.5882787494104206,0.025338238866333476,0.08876556165884086,0.1102309011342378,12,8,deposit,Saudi Arabia,charity,construction,0,0,0,0,0,7,clean,2023-01-24 12:00:00
7469.728013417261,54,20580.97281721178,22,0.26197895080252603,0.07754472692797844,0.016528113100737714,0.0019541743623085086,24,13,payment,UAE,business,construction,0,0,0,1,0,19,suspicious,2023-02-11 13:00:00
8629.793442426468,14,47989.947545466566,21,0.2242030494700105,0.27112750638955224,0.17796918763331268,0.09357427595555862,48,7,exchange,UAE,business,retail,0,0,0,0,0,15,clean,2023-07-27 03:00:00
35175.92284472162,40,263.91430985619405,12,0.350996683752917,0.326502979627243,0.005544926429516461,0.09768733251486764,77,2,exchange,UAE,charity,unknown,0,0,0,0,0,2,clean,2023-10-11 10:00:00
6421.5392163766755,59,2149.189333925736,11,0.29128944130153267,0.2969552337412989,0.02292837830883334,0.046803384763135614,99,6,exchange,Egypt,personal,retail,0,0,0,0,0,14,clean,2023-09-29 14:00:00
10822.875421084816,55,2972.071006603648,2,0.631173221276803,0.3293408144773902,0.18070356747846578,0.03415549573866498,32,4,payment,Offshore,investment,finance,1,0,0,0,0,14,suspicious,2023-07-05 01:00:00
22963.076065795525,4,4074.9614733906806,41,0.20354163130636244,0.47679016928347506,0.009126058165045648,0.1752496756959173,38,7,withdrawal,Kuwait,charity,finance,0,0,0,0,0,12,clean,2023-11-12 16:00:00
7576.201969487696,59,2219.2896714254935,2,0.2159979620249407,0.6432043426928435,0.06492758927128645,0.008773648478942672,78,9,payment,Saudi Arabia,business,finance,0,0,0,1,0,18,suspicious,2023-03-13 10:00:00
14596.357130296281,52,1820.104615971918,34,0.2606677378364492,0.08835021518246679,0.025947570401561634,0.07650438711096509,66,7,payment,Russia,personal,finance,0,0,0,0,0,6,suspicious,2023-12-17 13:00:00
29747.1096552646,11,24729.816028573263,3,0.35509727055029433,0.02479077912293696,0.042672347357049834,0.28865411762869897,54,2,transfer,Russia,charity,construction,0,0,1,0,0,2,clean,2023-04-20 11:00:00
44792.85623062002,58,20059.338868320792,16,0.18631706801907033,0.07806098912374755,0.003683348095807954,0.01030126324436468,21,8,payment,Jordan,investment,NGO,1,0,0,0,0,1,clean,2023-10-22 18:00:00
2386.22818972254,31,385.06005221526533,4,0.23215525781562976,0.5595708123933323,0.08932079869192511,0.18051659716303387,31,6,transfer,Egypt,investment,finance,1,0,0,0,0,11,clean,2023-01-26 18:00:00
39174.94144563118,43,3309.7488570113987,23,0.36867580729451793,0.1691313121189021,0.14309881086346177,0.2175725077222599,64,9,deposit,Jordan,personal,retail,1,0,0,0,0,15,suspicious,2023-03-30 03:00:00
10162.541714932959,32,4155.548597256037,20,0.11418207608876486,0.03524677015744674,0.13863518721833057,0.23353177266831673,52,7,transfer,Iran,investment,NGO,0,1,0,0,0,6,suspicious,2023-07-22 12:00:00
4481.031815270936,27,2185.1281658597677,25,0.4956278575478545,0.11764695001639279,0.08495102280253666,0.0004047213801561218,35,5,exchange,Saudi Arabia,charity,unknown,0,0,0,0,0,17,clean,2023-02-05 10:00:00
9218.804510560463,30,7929.6854346240925,30,0.27926987108559614,0.09442685340042033,0.10868638358831126,0.0647557083519228,16,8,transfer,Jordan,charity,unknown,0,1,0,0,0,8,clean,2023-07-04 22:00:00
58704.79646370887,43,8181.675494273035,18,0.10740830137964005,0.27536530071545295,0.13573902609468264,0.223304134069927,40,7,deposit,Jordan,personal,retail,0,0,0,0,0,18,clean,2023-04-09 17:00:00
10177.369390010395,2,15203.8973574864,42,0.2012819326079119,0.19879169163990756,0.0918264365417112,0.14026136168498946,90,1,payment,Kuwait,personal,real_estate,1,0,0,0,0,12,clean,2023-04-26 19:00:00
5979.240481507497,49,10803.380714874083,11,0.39199818346920723,0.39836749047798764,0.10920000720306654,0.1419399443812328,38,11,exchange,Jordan,investment,real_estate,0,0,1,0,0,8,clean,2023-02-11 17:00:00
15052.294109364893,9,6257.1094770687205,29,0.11459161428395008,0.28684296145971416,0.07107087783231697,0.03270721930285107,57,5,transfer,Offshore,business,real_estate,0,1,0,0,0,9,suspicious,2023-10-27 02:00:00
4119.427015734044,28,8480.983282486131,17,0.2675486403248756,0.15467152994074668,0.08670002011991046,0.1985472879429232,3,7,withdrawal,Egypt,business,real_estate,0,1,0,0,0,11,clean,2023-02-17 06:00:00
1183.4295746435255,31,2561.5184948531446,26,0.09843169945417332,0.06441425593118243,0.03626453509643604,0.13626294517720539,37,10,payment,Kuwait,personal,construction,0,0,0,0,0,13,clean,2023-07-26 13:00:00
2069.628295686238,34,7192.641295667234,23,0.04991888613218734,0.7341041956973052,0.010998693129890168,0.173477264274412,100,7,exchange,Unknown,business,construction,0,0,0,0,0,4,suspicious,2023-01-25 21:00:00
2055.276361005107,56,5374.644105889331,48,0.22569289164655393,0.25949238940549935,0.1259952860389932,0.41606750652464214,102,11,exchange,Russia,business,unknown,1,0,0,0,0,8,suspicious,2023-06-25 20:00:00
2471.3985233500944,15,1144.9095250135986,20,0.07220768136718331,0.07030776105763248,0.04987742342815105,0.47687432227058524,2,14,transfer,Kuwait,charity,unknown,0,1,0,0,0,4,suspicious,2023-01-20 08:00:00
2241.9009910127484,48,2222.321553932401,45,0.4034507328608111,0.14723248823845683,0.03875563678395323,0.05217412267309206,86,3,payment,UAE,business,construction,0,0,0,0,0,14,clean,2023-11-05 05:00:00
15361.260766137097,25,2759.026398320532,2,0.08552324103808055,0.3337001414744214,0.05613544445551788,0.0026593475558544535,3,5,payment,Russia,charity,construction,0,0,0,0,0,17,suspicious,2023-12-23 03:00:00
3011.1953555172245,36,20648.8280613515,24,0.5276420666290272,0.46655832454678553,0.2791740901563705,0.1082463898553447,104,8,withdrawal,Egypt,business,unknown,0,0,0,0,0,2,clean,2023-12-12 01:00:00
6362.089736922078,8,2094.9361545280885,31,0.5737700878871005,0.21198237839965464,0.0027101605052170497,0.43136473576407475,47,9,withdrawal,Egypt,personal,retail,1,0,0,1,0,12,suspicious,2023-09-29 00:00:00
34064.611876925366,9,2731.4075997736304,27,0.11365311988711943,0.17941364262654766,0.26871560738507033,0.006312124522574584,106,14,exchange,Offshore,charity,construction,0,0,0,0,0,12,clean,2023-03-04 20:00:00
9635.717124698906,58,3688.0863552883784,2,0.10647411080764439,0.25466539355066875,0.06130606324130473,0.1593507483328641,111,9,exchange,UAE,business,retail,0,0,0,0,0,19,suspicious,2023-07-21 00:00:00
16519.336254785707,58,8719.030025065002,14,0.2742113886057109,0.5196460925287367,0.10259056363234156,0.11016708271082566,90,10,deposit,Egypt,investment,finance,0,0,0,0,0,18,clean,2023-01-27 04:00:00
2836.9277566982473,37,1006.668366070798,4,0.32938066856687037,0.07258960719422392,0.018247931626756777,0.18977544283654382,27,5,exchange,Iran,investment,retail,0,0,0,0,0,10,clean,2023-12-03 16:00:00
3203.2647149264258,48,24623.38846772689,49,0.19690408189431718,0.17777383080594292,0.3553277796921557,0.10738975392634138,63,2,withdrawal,Iran,investment,retail,0,0,0,0,0,9,suspicious,2023-12-12 01:00:00
625.9081907634796,45,16053.765900938419,13,0.43640676155339453,0.5852120272662628,0.10462336776619971,0.12259860829818083,38,8,transfer,Offshore,personal,construction,0,0,0,0,0,16,suspicious,2023-01-21 06:00:00
2775.710160983713,39,6887.152330720426,36,0.12108326863623996,0.2837603289983038,0.1297156959850919,0.30040839023513144,44,7,deposit,Egypt,charity,finance,1,0,0,0,0,1,clean,2023-03-10 23:00:00
4898.221779467183,32,8967.792496860231,35,0.15645745314117906,0.05823395205395682,0.021537349826773515,0.2675412675979118,8,4,exchange,Jordan,business,real_estate,0,0,0,0,0,16,clean,2023-03-23 20:00:00
2922.177262246619,58,134.406543252944,44,0.443811330085629,0.4958736537779732,0.05809709973199497,0.07228755374686253,23,5,withdrawal,UAE,personal,retail,0,0,0,0,0,8,clean,2023-10-26 23:00:00
1393.2886179055135,52,3311.3431639392275,8,0.1410699842130818,0.3121816586934401,0.02297434622142195,0.01597262611556261,6,12,deposit,UAE,investment,finance,0,1,0,1,0,19,suspicious,2023-08-04 23:00:00
1928.343202400288,17,12703.76907705189,2,0.2945384009138923,0.34865739162729364,0.02951013546962933,0.0800397894264901,25,10,transfer,Kuwait,charity,finance,1,0,1,1,1,2,high_risk,2023-12-23 16:00:00
9264.440150480686,35,645.1955731532479,6,0.17864919484986505,0.3444347450449802,0.015876387277823183,0.10112004391984634,59,12,transfer,Kuwait,business,construction,1,0,0,0,0,18,clean,2023-07-01 01:00:00
3466.383095176449,37,2653.783203910248,31,0.25841635973423416,0.4191715850833364,0.14309317892206022,0.29069912559211575,57,12,withdrawal,Offshore,business,finance,0,1,0,1,0,18,high_risk,2023-03-07 01:00:00
6794.716732663778,19,7041.53810929903,10,0.7417286179171847,0.357020339635904,0.17611310853545956,0.24930188445651494,58,11,payment,Unknown,charity,NGO,0,0,0,0,0,14,suspicious,2023-07-12 15:00:00
10500.077770714955,44,2370.156344444726,44,0.16620614485697088,0.37505473939205886,0.015443158444228453,0.041911886894051745,16,11,withdrawal,Saudi Arabia,personal,real_estate,0,1,0,0,0,7,suspicious,2023-12-21 20:00:00
17586.861510188133,29,21742.13494037199,21,0.39598299737119735,0.3310958824097494,0.02762573690834071,0.13036020106768184,26,10,withdrawal,Unknown,charity,construction,0,0,0,1,0,7,suspicious,2023-03-30 00:00:00
601.5859515002314,59,1123.8370021829214,42,0.19193068422531584,0.09213818364117442,0.10191688041521263,0.0028633889187753636,79,2,withdrawal,Egypt,personal,NGO,0,0,0,1,0,5,suspicious,2023-04-07 18:00:00
24097.413657391793,7,12771.950712990534,10,0.565228117518852,0.5147318308632299,0.18487132615973956,0.23218319997807874,116,9,payment,Unknown,investment,retail,0,0,0,0,0,12,suspicious,2023-12-14 17:00:00
14828.905355509445,28,5673.378265472256,23,0.2053864616227934,0.15016767889845828,0.0584569571733172,0.08055383404480777,47,14,exchange,Iran,investment,construction,0,1,0,0,0,13,suspicious,2023-12-31 03:00:00
1279.431455645014,9,11100.946723789615,3,0.39410998242031847,0.09405914829177006,0.06899759704805601,0.035182438560451675,96,12,exchange,Saudi Arabia,personal,retail,0,0,0,1,0,17,suspicious,2023-10-04 13:00:00
31022.02047732136,28,2976.807414733609,32,0.073924804364542,0.2058409688565571,0.12033639925307334,0.09373374474725993,40,6,transfer,Unknown,charity,construction,0,0,0,0,1,15,suspicious,2023-12-21 03:00:00
38050.40319568392,6,5780.436600216201,20,0.22032996958202514,0.022789456416070424,0.0058420003199502295,0.20017720509325335,19,9,exchange,Jordan,personal,finance,0,0,0,0,0,16,clean,2023-06-26 00:00:00
945.342413402451,29,15550.079284305808,10,0.44309092290139174,0.3112309347789419,0.004063032248931224,0.24470256759298847,78,8,withdrawal,Russia,investment,real_estate,0,0,0,0,1,13,suspicious,2023-02-05 08:00:00
4862.652646929762,58,5032.041391037305,29,0.5361623473597367,0.3128159195411887,0.1250739424432672,0.15571834860753936,117,1,exchange,Iran,business,construction,0,0,0,0,1,11,suspicious,2023-12-12 11:00:00
24614.02774839964,17,3566.795861062526,41,0.25709791500658924,0.49685798323671343,0.09672342086305673,0.003282057824049756,112,13,payment,Offshore,charity,NGO,0,0,0,0,0,3,suspicious,2023-11-29 05:00:00
20690.358603214627,16,6145.6453360598825,46,0.2790049178600554,0.21866026833955013,0.02307380108518257,0.04248338946656346,44,9,exchange,Kuwait,investment,unknown,0,0,0,0,0,1,clean,2023-04-28 07:00:00
3059.694480927007,23,10108.728131304346,34,0.2621672892208705,0.28522166234373864,0.18055257734028543,0.050494691125643795,99,9,withdrawal,Russia,personal,finance,0,0,0,0,0,6,suspicious,2023-04-24 20:00:00
3523.4854677229987,31,4689.61554507619,37,0.4352457603472743,0.24589727735114564,0.013030722843702025,0.032151013746953665,26,4,exchange,Kuwait,investment,construction,0,0,0,0,0,8,clean,2023-12-12 23:00:00
6941.776650365546,3,22358.93315900162,20,0.3194680593685647,0.1316833079070564,0.2628977360968274,0.011955749500179892,52,1,transfer,Unknown,business,finance,0,0,0,0,0,5,clean,2023-07-06 19:00:00
9939.938470029216,21,2795.8450703384656,8,0.26115527604796196,0.2510195759457849,0.014563621979427087,0.15652355615034788,37,4,exchange,UAE,personal,unknown,0,0,0,1,0,7,clean,2023-01-08 11:00:00
14445.02751087828,26,5161.923727095029,7,0.2846226510378223,0.38767703347174925,0.09414917451583123,0.16504708327537676,77,6,transfer,Iran,charity,NGO,0,0,0,0,0,3,clean,2023-11-09 14:00:00
6904.688445005268,36,11315.169454092254,6,0.33130660885440266,0.13423058740555865,0.22706925902420805,0.27272390230574445,47,4,deposit,Saudi Arabia,business,finance,1,1,0,1,0,9,suspicious,2023-11-15 14:00:00
9313.366638313764,42,9346.814409038952,11,0.22915594185139604,0.06962752393471844,0.09656622269987562,0.09137860819549615,72,9,payment,Saudi Arabia,personal,finance,0,0,0,0,0,14,clean,2023-05-20 05:00:00
20643.43410584764,37,15939.716397390732,44,0.1481296596096642,0.13728711847081274,0.019131178547288626,0.08936522177538947,14,4,transfer,Iran,investment,construction,0,1,0,0,0,2,suspicious,2023-07-15 12:00:00
560.594284822177,53,45979.82044308241,18,0.32590437123437443,0.11271584965049238,0.11291905199430562,0.26457234421629483,26,10,deposit,Russia,investment,finance,0,0,0,0,1,3,suspicious,2023-06-04 02:00:00
4364.0493282359585,22,4452.978785132961,42,0.40661985862427047,0.14273987607175206,0.1512091377697054,0.194307423339762,47,8,deposit,Russia,charity,NGO,1,0,0,0,0,19,suspicious,2023-05-27 18:00:00
18742.378124340386,42,942.6222113076961,29,0.2405867530959992,0.14887919688208984,0.098335773909323,0.19169148720101928,94,2,withdrawal,Iran,personal,construction,0,0,0,1,0,10,suspicious,2023-12-19 19:00:00
33836.501314959205,12,247.1043401784708,25,0.08407769239056731,0.29475620231709787,0.143243127620655,0.23094422063730427,115,12,deposit,Iran,investment,real_estate,0,0,0,0,0,2,clean,2023-08-03 13:00:00
10751.686683126012,42,10382.661537264705,21,0.407078075714607,0.12317155785572749,0.06180488963970144,0.15666936297974485,104,7,payment,Jordan,charity,unknown,1,0,0,1,1,13,high_risk,2023-01-24 13:00:00
11392.942535296033,13,16572.655042940798,46,0.2957251566345398,0.2402672183344091,0.04918913738976264,0.15120640721883627,106,8,payment,Iran,business,NGO,0,0,0,0,0,14,suspicious,2023-04-03 01:00:00
1700.4200781099507,11,1995.002788664755,3,0.23611843400243648,0.3682751561582947,0.10903498327086501,0.226225529368815,13,14,payment,Offshore,charity,NGO,0,0,0,0,0,19,suspicious,2023-03-26 04:00:00
8897.148691253262,54,1380.0601363022836,18,0.39683486995180384,0.023368750790665832,0.07439810600585907,0.3562852015663753,100,6,payment,Russia,business,retail,0,0,0,0,0,13,suspicious,2023-05-03 21:00:00
11409.10198582935,16,513.7920125181998,24,0.13220870900235943,0.18011360270436338,0.13180633043863643,0.1494366131018495,11,10,withdrawal,Iran,personal,unknown,1,0,0,0,0,7,suspicious,2023-04-01 11:00:00
4165.3920489098,8,13839.42835987367,47,0.403340849952985,0.5664889120985684,0.2913904296732627,0.12404515583099529,2,13,exchange,UAE,investment,finance,0,0,0,0,0,3,clean,2023-01-21 09:00:00
4705.119178178157,40,2984.548009105171,38,0.135863779971311,0.1499939249438512,0.034061304116013894,0.08846431810301027,30,6,transfer,Iran,personal,NGO,0,1,0,0,0,1,suspicious,2023-08-17 00:00:00
7104.97477203708,59,4109.262281209283,10,0.13465139637544732,0.2706373220947268,0.1568190058192315,0.1429623584179864,115,8,withdrawal,Iran,business,construction,0,0,0,0,0,13,suspicious,2023-06-18 02:00:00
304.1304112547177,57,5589.301972693733,27,0.01544282188739145,0.025490148607446275,0.03422355123941828,0.18715734544090146,24,3,withdrawal,Russia,personal,retail,1,0,0,0,0,6,suspicious,2023-05-02 02:00:00
5830.871418842036,40,14633.360025698212,12,0.14051778729741715,0.7772038153303038,0.0014550424227411103,0.07607578390260804,117,2,transfer,Kuwait,business,retail,0,0,0,0,0,12,clean,2023-12-13 06:00:00
3563.354034354448,45,8417.644765949597,7,0.2997868641008978,0.23343278431372538,0.008134486929062493,0.15886305546850907,82,9,transfer,Iran,personal,NGO,1,1,0,0,0,10,suspicious,2023-02-14 23:00:00
5951.23845347974,59,7637.438628372855,17,0.14041945257499755,0.2880905187303399,0.012212268170186173,0.25927291855621515,23,8,exchange,Iran,investment,finance,1,0,0,0,0,3,suspicious,2023-12-28 12:00:00
1913.446549271719,2,1545.4951302549052,1,0.45457362480768876,0.13151449788654365,0.26700236454690957,0.02866732119249131,117,10,exchange,Jordan,personal,NGO,0,1,0,0,0,1,clean,2023-03-22 08:00:00
33181.19849914537,30,5759.049226512593,26,0.12083614873595658,0.20336721781112077,0.07252657896347425,0.05636037956021582,70,5,payment,Egypt,charity,retail,1,0,0,1,0,13,suspicious,2023-09-17 08:00:00
13505.982208193396,30,10052.831164368052,15,0.23436304771439215,0.4351742808785431,0.04780608614725064,0.11846671061143485,110,13,exchange,UAE,investment,construction,0,0,0,0,0,2,clean,2023-06-14 07:00:00
17049.494368395473,12,28973.021845474093,33,0.34787458281959815,0.13613536529060424,0.1304893915529524,0.10432411422966731,114,5,exchange,Unknown,charity,finance,0,0,0,0,0,19,suspicious,2023-04-11 13:00:00
23350.63548566687,10,1799.2238778121061,37,0.3423662762451973,0.27467025034379716,0.07952732082297624,0.21162476713896874,75,6,transfer,Russia,charity,NGO,0,0,0,0,0,3,suspicious,2023-09-22 15:00:00
10350.546327733276,44,100.0,47,0.5253065703672194,0.32844966008609866,0.04131402390753325,0.15747659889960486,7,6,deposit,Kuwait,investment,unknown,0,0,1,0,0,19,suspicious,2023-02-10 08:00:00
1363.9814177618377,11,626.2997499099364,31,0.23285348886758572,0.21155765247562308,0.18430409610672274,0.12999113993917047,47,2,payment,Unknown,business,finance,1,0,0,0,0,15,suspicious,2023-05-04 16:00:00
11553.875449422338,15,3770.9480364446804,35,0.617615693887606,0.26964040954807106,0.2654378348596181,0.22300559019498278,97,7,payment,Iran,charity,finance,0,0,0,0,0,19,suspicious,2023-05-10 23:00:00
13258.845868070604,16,13742.630687633253,1,0.2053165031952698,0.326684866100914,0.10481241577151366,0.09468507594732607,10,3,withdrawal,UAE,charity,retail,0,0,0,0,0,10,clean,2023-06-15 23:00:00
20523.24973212614,17,100.0,8,0.13168749857704867,0.10461351066147076,0.10840875890932138,0.06318787098116806,85,8,exchange,Saudi Arabia,charity,NGO,1,1,0,0,0,11,suspicious,2023-11-21 06:00:00
8475.519740744732,26,4881.199491116119,12,0.3167041608408801,0.2053703857797413,0.033588509217028543,0.07276909673606924,73,9,exchange,Unknown,personal,real_estate,0,0,0,0,0,15,suspicious,2023-08-07 20:00:00
2047.2700009396833,2,3194.639120947535,19,0.18452405223454854,0.3280106987241625,0.18714345185562586,0.08112086253372609,119,3,transfer,Kuwait,business,retail,0,0,1,0,0,8,clean,2023-12-08 01:00:00
5006.432703925559,50,431.2723110962931,25,0.20331075400445034,0.46490241545472816,0.1487697153444588,0.25907136401010056,30,6,exchange,UAE,charity,NGO,0,0,0,0,1,11,suspicious,2023-03-04 07:00:00
6766.722382119352,12,4786.133641579064,32,0.3338216071364024,0.4303508763826815,0.06104353600121376,0.08116595809930563,48,8,withdrawal,Iran,investment,NGO,0,0,0,0,0,17,suspicious,2023-10-09 18:00:00
15573.369174327925,51,2352.2704951121723,12,0.1313804479597621,0.03340664215970085,0.10175781036821711,0.06701510871388514,112,6,transfer,Russia,charity,real_estate,0,0,0,0,1,2,suspicious,2023-09-01 15:00:00
12686.725818021294,26,3469.4949891832057,13,0.06324390760614179,0.33307756039287345,0.02212068776853484,0.42634800576941856,25,10,payment,Offshore,charity,finance,0,1,0,0,0,18,suspicious,2023-04-10 09:00:00
6603.1013947770925,23,9782.943038707555,28,0.1287162977978753,0.5092731238073426,0.08044416154191983,0.18706829285768226,89,3,exchange,Russia,personal,finance,0,0,0,0,0,9,clean,2023-06-18 03:00:00
64592.93658254718,18,5897.6449857130465,1,0.6487924838370803,0.24303411654593654,0.05568020903480292,0.021854625872845666,113,4,exchange,Offshore,business,NGO,0,0,0,0,0,7,clean,2023-10-02 20:00:00
13962.49512700814,32,1065.0282839074323,6,0.3196944417569556,0.32904823766353763,0.04161624858229866,0.23795316170530686,24,9,withdrawal,Kuwait,charity,unknown,0,0,1,0,0,10,clean,2023-01-27 21:00:00
4061.917931351999,49,26039.038147133055,8,0.15171463273501185,0.22689223785562637,0.06138517469076432,0.11961096213966012,12,12,withdrawal,Saudi Arabia,charity,retail,0,0,0,0,0,8,clean,2023-03-08 19:00:00
1610.145069373303,38,8082.850337923748,4,0.3507417130150701,0.29097372934805227,0.10722193551035827,0.03673474414835078,71,12,transfer,Saudi Arabia,charity,unknown,0,0,0,0,1,13,suspicious,2023-07-11 14:00:00
2488.324388847388,57,11614.97630522489,5,0.4227871272092453,0.34832273907405414,0.0856174001915429,0.2874617197446595,34,11,payment,Egypt,personal,construction,0,1,0,0,0,2,suspicious,2023-02-27 08:00:00
4234.602740927115,47,660.2136219638263,25,0.09196537367485474,0.42143064146136994,0.003793786614395006,0.15698723925587776,3,12,withdrawal,Russia,personal,finance,0,0,0,0,0,10,suspicious,2023-04-03 12:00:00
2627.4731243144106,3,385.6130865539253,22,0.385361987177955,0.3373244970682752,0.01685898389128138,0.09791254842100633,6,1,withdrawal,Unknown,investment,NGO,0,0,1,0,0,17,suspicious,2023-01-10 09:00:00
3097.3761818187063,38,157.11721562260217,28,0.3231882665235935,0.24578695283477298,0.012719310432436712,0.49124957197401004,59,4,payment,UAE,charity,NGO,0,0,0,0,0,16,clean,2023-07-27 01:00:00
5034.087723231698,3,1673.8662716807678,39,0.33888756981000107,0.36719191789536026,0.01670146199806847,0.05589232377404825,27,10,deposit,Unknown,personal,unknown,0,1,0,0,0,12,suspicious,2023-05-17 14:00:00
2856.036504943305,30,4281.061254433136,23,0.16292247510403443,0.1308533571918099,0.07906315866710124,0.17480887975050957,83,1,transfer,Jordan,investment,construction,0,0,0,0,1,6,clean,2023-01-13 16:00:00
34061.27174033873,1,21969.273708062843,4,0.17839875646104772,0.3079057346460925,0.02119084763246336,0.23589115379907385,72,8,deposit,Russia,investment,real_estate,0,1,0,0,0,15,suspicious,2023-05-16 17:00:00
1254.5356888800025,30,4886.046678549741,4,0.48491630035939454,0.21090699158226298,0.1433745247823928,0.08889686718094708,36,7,payment,Kuwait,business,retail,0,0,0,1,0,15,clean,2023-09-09 06:00:00
11151.18525169054,45,2742.797414826227,47,0.25705148111661513,0.44517666140868734,0.3104270558382834,0.10097515895301558,61,7,exchange,Offshore,investment,construction,0,0,0,1,0,16,suspicious,2023-10-07 18:00:00
7924.583347339535,32,6603.108452127751,21,0.2379862410580946,0.102634650549897,0.264597560126382,0.13064541084783746,103,2,transfer,Iran,charity,retail,1,0,1,0,0,3,suspicious,2023-05-16 01:00:00
60579.63249023881,28,949.6789234566036,37,0.22074923776985922,0.17018708967398505,0.11180265684517673,0.18989150930513224,100,10,payment,UAE,business,finance,0,0,0,0,0,13,clean,2023-02-04 19:00:00
1782.4101854610735,21,7522.73916493121,41,0.47166351014795105,0.6404931018003064,0.08061944930257839,0.09928967558350171,82,6,payment,Offshore,business,NGO,0,0,1,0,0,18,high_risk,2023-06-10 19:00:00
7608.869906136456,58,6722.640681994929,2,0.32832497376162717,0.26808778611608786,0.030752273102362813,0.07099803070003947,71,8,transfer,Egypt,business,real_estate,1,0,0,0,0,3,clean,2023-11-29 04:00:00
52335.894961900725,46,12561.469652799398,7,0.257838227142528,0.5263229430571376,0.0916235498494327,0.048228883784227995,65,8,deposit,Saudi Arabia,personal,finance,0,1,1,0,0,4,suspicious,2023-09-17 06:00:00
30093.66092952232,13,34552.48175940033,49,0.17969070586194164,0.25441668161759123,0.13793587847337363,0.030554843095893045,5,5,exchange,Offshore,personal,construction,0,0,0,0,0,5,suspicious,2023-10-28 17:00:00
25479.945510542693,27,2310.77904091127,16,0.024614924710740057,0.5606016185976544,0.09724010504786317,0.10930527268287452,42,8,deposit,Iran,business,real_estate,0,1,0,0,0,6,suspicious,2023-04-24 10:00:00
4474.12625300257,36,5701.192101913473,17,0.250511579571715,0.455881678081148,0.0020441942672107137,0.27902555681301894,14,13,withdrawal,Saudi Arabia,personal,construction,0,0,0,0,0,7,clean,2023-05-12 06:00:00
2810.9929917973127,7,19163.342509960163,20,0.06609157336065342,0.4355196815874369,0.05926168490298541,0.13612653414236342,65,2,deposit,Jordan,personal,retail,0,0,0,1,0,13,clean,2023-11-10 17:00:00
16568.393980226752,22,12304.00659562189,23,0.2690166243021486,0.367669516794216,0.022311465176197247,0.14174907498208347,12,14,withdrawal,Jordan,charity,finance,0,0,0,0,0,14,clean,2023-07-01 19:00:00
39755.77642439933,10,5346.174091694122,34,0.09065240914107422,0.3225450754152738,0.12465011641669871,0.21392136986508956,83,4,transfer,Egypt,investment,retail,0,0,0,0,0,7,clean,2023-08-14 07:00:00
12204.756328571133,39,23257.618345312076,11,0.21849935232173825,0.2672723728505612,0.20202093962957743,0.10188857153573608,2,10,withdrawal,Egypt,charity,real_estate,0,0,0,0,0,11,clean,2023-11-30 20:00:00
12715.913421878799,53,471.5202272210988,34,0.2605610373915003,0.325565231670747,0.022293123002408308,0.24572760872714056,14,2,payment,Jordan,charity,unknown,0,0,0,0,0,12,clean,2023-09-12 12:00:00
4927.125462159763,15,21389.030163356074,33,0.5706834092833037,0.5338158713652984,0.052998398833044726,0.20950766390860376,67,5,withdrawal,Saudi Arabia,charity,retail,0,0,0,0,0,18,clean,2023-12-21 04:00:00
22012.106376181328,15,414.620274506796,26,0.3603162846392685,0.41490123470290635,0.22557494038544296,0.020955432442776374,115,11,payment,Russia,business,real_estate,0,0,0,0,0,18,clean,2023-08-16 04:00:00
3106.169732191063,4,6340.28883355692,2,0.36286132500390433,0.31545996053809544,0.06965041339992432,0.004932794466440332,99,3,payment,Egypt,personal,real_estate,0,0,0,0,0,2,clean,2023-11-21 09:00:00
5866.317196788489,32,17690.332699420764,23,0.21715952423828225,0.43331077268562457,0.020650806952155862,0.032247090769218216,77,6,deposit,Saudi Arabia,business,construction,0,0,1,0,0,3,clean,2023-12-13 05:00:00
8312.168251047458,23,2438.310561139698,41,0.2942496213851871,0.24965188545909697,0.0010823558623458884,0.13201500005438233,113,7,exchange,Kuwait,charity,retail,0,0,0,0,0,7,clean,2023-07-10 02:00:00
10627.274439670478,55,5113.037984033154,22,0.26639412300629095,0.1758472677446958,0.04668151698552612,0.09582779681832024,67,6,deposit,Saudi Arabia,investment,finance,1,0,0,0,0,1,clean,2023-11-19 02:00:00
4164.188753544087,6,3136.390631371646,34,0.0892920808299338,0.1359936565913526,0.13789433207312685,0.13570364456906853,14,11,deposit,Offshore,charity,retail,0,0,0,0,0,2,suspicious,2023-01-20 08:00:00
1829.7490821620318,24,24316.456354573682,15,0.23900661556729058,0.4076653418198122,0.0034322142450911794,0.01649731699534388,34,2,payment,Offshore,personal,construction,0,0,0,0,0,18,clean,2023-07-13 16:00:00
14147.994861440347,20,13882.077139811972,10,0.2107292273575339,0.3214326261805599,0.07680927782987411,0.03989219804510943,45,2,exchange,Unknown,investment,real_estate,1,0,0,0,0,14,suspicious,2023-11-05 15:00:00
5108.450526548127,58,9875.497643084584,15,0.21642005292509806,0.2820109232072602,0.05703994038104339,0.1275315754193341,9,4,payment,Russia,investment,finance,0,0,0,0,1,5,suspicious,2023-08-15 10:00:00
13056.796024386655,37,7086.615735531763,42,0.547249386928301,0.07921996828247767,0.22726314125437527,0.5018116654122791,10,14,exchange,Offshore,personal,unknown,0,0,0,0,0,12,suspicious,2023-09-29 01:00:00
2514.971291560197,20,13744.732503846515,29,0.3787117287415269,0.24979442934507814,0.2682124622720628,0.03320462669548878,8,7,withdrawal,Egypt,personal,NGO,0,0,0,0,0,2,clean,2023-03-24 14:00:00
9841.820670427913,12,3984.1576522433243,23,0.5833880421474583,0.32526143827661813,0.3257784638161598,0.17614778415087684,29,8,payment,Offshore,charity,finance,0,1,0,0,0,10,suspicious,2023-12-11 13:00:00
11408.208721936167,33,4747.165643124076,17,0.4275510844694913,0.14817269196293192,0.19168421970283778,0.2845744894121791,61,5,deposit,Jordan,personal,NGO,1,0,0,0,0,13,clean,2023-10-08 14:00:00
798.2197718568199,28,10474.717555021118,9,0.31560135513143,0.42097465416109797,0.3648531561231238,0.2945027319077789,54,14,payment,Russia,investment,retail,0,1,0,0,0,14,suspicious,2023-05-07 03:00:00
6155.7540207063485,8,3542.2804767375014,36,0.23702370423108582,0.07901891783393851,0.12039226256903816,0.11932493123945447,39,10,transfer,Unknown,personal,finance,0,0,0,0,0,1,suspicious,2023-07-02 22:00:00
2165.2399024789743,1,528.2718156749262,9,0.09355459271904859,0.0804063506566468,0.17340503686789932,0.02498886133948312,33,1,transfer,Jordan,charity,retail,0,0,0,0,0,9,clean,2023-03-23 05:00:00
982.0838815878733,37,617.9396666175118,16,0.2371957867006162,0.2805694368148667,0.3040002372845282,0.12893138453859382,23,14,transfer,Egypt,business,finance,0,0,0,0,0,1,clean,2023-05-06 15:00:00
69018.01967092986,22,980.6213040225445,36,0.2381574409369454,0.08265628326612952,0.015862744358556842,0.10814453866255587,72,9,deposit,Iran,business,retail,0,0,0,0,0,9,suspicious,2023-05-04 12:00:00
5836.950337791303,6,16302.179754485405,48,0.3887193407943008,0.16561161121408327,0.037660398892284716,0.06268340858572251,40,13,deposit,Offshore,charity,NGO,1,0,1,0,0,11,suspicious,2023-04-09 15:00:00
24901.059206548478,21,5112.70339129672,33,0.27476277477775934,0.13407339849846134,0.5560895617616571,0.004611354628771478,102,8,transfer,Unknown,investment,real_estate,0,0,0,0,0,7,suspicious,2023-07-19 11:00:00
4408.332514401021,32,9982.906274264393,31,0.07494848643164599,0.28281278915789865,0.2716854220311941,0.3109715679677114,23,1,deposit,UAE,business,real_estate,0,0,0,0,0,1,clean,2023-05-03 12:00:00
17162.12026530527,35,3992.617074718848,6,0.5244303034975125,0.044095497234737574,0.11862673762460034,0.004580395876430137,59,9,deposit,Kuwait,charity,retail,0,0,0,1,0,1,suspicious,2023-04-12 15:00:00
21420.993342423128,15,2394.9171623190414,10,0.017684521390555517,0.1920562202309613,0.06144786658232168,0.09642337755301306,50,5,deposit,Saudi Arabia,business,retail,0,0,0,0,0,9,clean,2023-03-09 00:00:00
13581.698912537096,5,3411.779817476536,16,0.427297983792294,0.45800616378938536,0.05309999839781838,0.02646926084034504,100,14,transfer,Kuwait,investment,unknown,0,0,0,1,0,15,suspicious,2023-01-29 04:00:00
9567.849660679076,56,12646.117389046203,4,0.19598488052173257,0.5326061676151987,0.15939761503201,0.08337616720120083,64,8,withdrawal,UAE,investment,retail,0,1,0,0,0,16,suspicious,2023-01-30 21:00:00
7961.367202580666,46,7851.246020582703,22,0.5510786365892353,0.10753192680503194,0.21564982777369793,0.20585539242178985,56,10,withdrawal,Unknown,investment,construction,0,0,0,0,0,3,suspicious,2023-12-07 22:00:00
6435.649525559622,50,22198.621649769644,13,0.18501098363461563,0.08330041013163901,0.06254697545803853,0.17926600953717378,43,10,exchange,Jordan,personal,NGO,0,0,0,0,0,3,clean,2023-06-16 03:00:00
39788.34072331171,48,9108.097132354374,16,0.19765247293061022,0.2787014090449745,0.003908682791883211,0.074981578136319,84,12,payment,Kuwait,investment,retail,0,0,0,0,1,14,suspicious,2023-10-25 06:00:00
26634.10606712697,6,6755.140471678547,29,0.19327038782484643,0.17384060332877602,0.025643031754610062,0.3457938171977936,58,2,withdrawal,Iran,investment,real_estate,0,0,0,0,0,5,clean,2023-10-05 19:00:00
50297.645841235375,25,7536.890026726891,6,0.10651836267262905,0.03219752116947498,0.38100076190336946,0.12036795380640422,112,7,exchange,Egypt,investment,finance,0,0,0,0,0,17,clean,2023-08-21 18:00:00
1990.9281275415833,56,22829.895932858784,26,0.3412863492955961,0.19638120608441667,0.06820830583993148,0.1711232632416934,12,9,withdrawal,Jordan,business,real_estate,0,0,0,1,0,10,suspicious,2023-04-16 11:00:00
19688.270451907614,46,12416.937889039791,11,0.22759080133553602,0.40671661471645115,0.20929505986363556,0.0051090451252271685,36,7,transfer,Unknown,charity,construction,0,0,0,0,0,16,suspicious,2023-07-15 15:00:00
41791.90897891861,59,194.67955889359087,24,0.16725119383413642,0.07802160126404542,0.4820085908687834,0.07994323460105668,73,9,exchange,Jordan,charity,finance,0,0,0,0,0,18,suspicious,2023-06-15 15:00:00
2999.3371455119654,56,6110.955735310901,29,0.3574195759479862,0.26806389721094376,0.21269627773984692,0.21451332084507915,97,4,transfer,Egypt,investment,real_estate,0,0,0,0,0,13,clean,2023-08-27 05:00:00
1032.154762087453,40,9326.69865781278,3,0.4600899890488855,0.41102801369020736,0.040384993269676844,0.24211848351249374,6,5,transfer,Jordan,business,retail,0,0,0,0,0,18,clean,2023-11-07 11:00:00
20270.89729782933,29,11048.814237538285,10,0.20491693772307745,0.3296349347028035,0.18724586109912603,0.06517059433078123,32,7,exchange,Russia,charity,NGO,1,0,0,0,0,17,suspicious,2023-09-30 22:00:00
12816.407162980046,7,1917.661043986153,1,0.12006405910052106,0.3981336333938475,0.08682255817255544,0.11619359071058753,65,1,exchange,UAE,business,retail,0,0,0,0,0,4,clean,2023-02-13 18:00:00
27661.157119822168,40,16149.924262140974,43,0.18478701943532344,0.4419370500676894,0.1355179152965456,0.3867510181568468,60,2,withdrawal,Saudi Arabia,charity,finance,1,0,0,0,0,4,clean,2023-11-25 05:00:00
2258.373696212889,13,24960.05717685181,26,0.2792213419297712,0.16479678085714156,0.06885641966436144,0.18001031647237206,54,2,withdrawal,Offshore,personal,NGO,0,0,1,0,1,15,suspicious,2023-06-14 17:00:00
23790.751665478023,38,2160.9935406364743,12,0.14898317376211032,0.4215746578230853,0.20040727155855026,0.023184847496343253,116,10,payment,Russia,investment,unknown,0,0,0,0,0,4,clean,2023-02-10 17:00:00
3377.696596005344,18,17138.400365205653,14,0.25493194568047833,0.27716658814643924,0.08555395586990605,0.30519779842429395,24,9,withdrawal,Russia,business,construction,0,0,0,0,0,13,clean,2023-01-30 01:00:00
2680.72798448277,2,816.0736562672297,25,0.45772923982615393,0.09026089221636006,0.15585088321131751,0.2840822369470397,29,3,exchange,Jordan,business,real_estate,0,0,0,0,0,18,clean,2023-01-21 04:00:00
2691.6698483992604,8,458.54884868946675,8,0.37300603948280137,0.3900260701849354,0.3259660399002732,0.2628934419265718,8,9,withdrawal,Jordan,personal,real_estate,1,0,0,0,0,6,clean,2023-09-04 15:00:00
25276.54923846013,11,1106.962250423652,43,0.241933614254779,0.5282817312338072,0.28905871946042394,0.44680248096255665,13,1,exchange,Saudi Arabia,charity,construction,0,0,0,0,0,5,clean,2023-12-17 18:00:00
16413.204585239535,33,475.80143689627573,4,0.19434148790406403,0.18184490790257854,0.03896478809188499,0.13684338881704564,63,11,payment,Saudi Arabia,business,real_estate,0,0,0,0,0,1,clean,2023-08-06 00:00:00
11105.639345190666,54,14915.272916573284,28,0.22538161838423265,0.3279693358511139,0.30677702080529357,0.39917909902010623,25,3,exchange,Saudi Arabia,investment,finance,0,0,1,0,0,6,clean,2023-06-02 17:00:00
6666.921025171022,38,486.9234343611399,7,0.2747923642762847,0.5200599299834395,0.07264922824432904,0.11171316178265236,119,10,payment,Unknown,personal,unknown,0,0,0,0,0,2,clean,2023-05-30 03:00:00
31458.040009414988,48,2535.944492327691,10,0.17965687441951214,0.36435506496879466,0.05595550887868151,0.07085495158884729,29,2,payment,Unknown,investment,finance,0,0,0,1,0,5,suspicious,2023-10-24 10:00:00
7474.691245461674,27,876.3437196610404,36,0.14543779363131645,0.26492371926833946,0.05795314463679389,0.06381900881552068,59,2,payment,Egypt,charity,unknown,1,0,0,0,0,16,suspicious,2023-05-19 10:00:00
25441.239942721044,20,2801.2503079308435,2,0.14975303248587163,0.1345579153842902,0.08601718155935789,0.07434385259044932,61,1,transfer,UAE,investment,NGO,0,0,0,0,0,4,clean,2023-11-07 05:00:00
8674.123216708205,12,759.4053447955109,26,0.3113788768868935,0.39492557297495284,0.05907776410376713,0.06280522881966528,88,6,deposit,Unknown,personal,retail,0,0,0,0,1,13,suspicious,2023-10-25 20:00:00
7096.793487266057,43,8821.040812065641,14,0.17980173862363585,0.11911990777660333,0.254979996245562,0.09194550259378909,91,5,exchange,Saudi Arabia,personal,unknown,0,0,0,0,0,7,clean,2023-03-30 12:00:00
9317.415898494039,31,1144.7465925137953,16,0.47443769691309307,0.08039029562458257,0.0678847577547654,0.07803174443863496,115,14,withdrawal,Kuwait,business,unknown,0,0,0,0,0,9,clean,2023-10-12 12:00:00
5379.679131459631,27,15276.02004077547,43,0.23556579929859725,0.4166892485186686,0.06539602790747882,0.09601885021188965,26,12,deposit,Egypt,investment,unknown,0,1,0,0,0,1,suspicious,2023-10-25 04:00:00
20651.65969405409,32,13594.509316182344,42,0.37713332225068996,0.20221085859780177,0.36135110689738764,0.47260950275208685,84,5,deposit,Egypt,investment,real_estate,0,0,1,0,0,5,clean,2023-05-24 03:00:00
10479.04223543394,10,110.04692037694373,17,0.2049967441940197,0.11101931833465582,0.13026997763711728,0.050438727177707414,68,11,transfer,Offshore,charity,unknown,0,0,0,0,0,11,clean,2023-04-11 13:00:00
3963.6379649559785,3,18085.89310727455,46,0.38871998085777226,0.24386931400489262,0.05501253947499073,7.055283845527465e-05,22,9,exchange,Egypt,business,construction,0,0,0,0,0,17,clean,2023-03-08 10:00:00
34475.09774325875,45,234.97172828588228,22,0.2510035520791301,0.036634364614981464,0.28362579108918384,0.001515151209332161,7,6,exchange,Unknown,charity,retail,0,0,1,0,0,13,suspicious,2023-02-21 10:00:00
7264.97613538067,27,2191.767054844076,4,0.09525520581795448,0.20850832019290633,0.037680921216874094,0.024654704849070466,57,9,withdrawal,Offshore,charity,retail,0,0,0,0,1,2,suspicious,2023-03-30 15:00:00
11764.235732666451,35,263.40219491731995,19,0.11750358289075634,0.191258363509934,0.029264688742681497,0.02708611500388388,62,4,transfer,UAE,personal,real_estate,0,0,0,1,0,16,clean,2023-06-29 05:00:00
35542.4341306444,31,3273.8995599303494,2,0.2772455747006247,0.3120604137451832,0.026086871078899593,0.03904832044199764,118,7,deposit,Kuwait,personal,finance,0,1,0,0,0,19,clean,2023-02-25 01:00:00
14681.98955785996,15,5770.176434702564,39,0.17180890384949818,0.5155389840218327,0.006254032121216581,0.000897214707415448,18,13,exchange,Kuwait,business,construction,0,1,0,0,0,9,suspicious,2023-04-25 19:00:00
1864.7192378666964,16,12742.411317309377,9,0.051192827503842235,0.24435735536850592,0.19096587331264683,0.37460282195048034,10,11,transfer,Saudi Arabia,charity,finance,1,0,0,0,0,4,clean,2023-08-29 15:00:00
42159.250258983135,13,3299.694832420485,19,0.23842844222876008,0.3087550918573229,0.03928432315352604,0.05554446012497309,31,4,payment,Russia,investment,unknown,0,0,0,1,0,18,suspicious,2023-01-07 07:00:00
14821.153934022394,49,9779.539235091515,16,0.7356938824172977,0.329671563091605,0.05850053071070036,0.046298828500317406,26,1,exchange,Russia,investment,finance,0,0,0,0,1,10,high_risk,2023-09-04 16:00:00
6117.394733269641,35,1661.1588038255186,25,0.3446936748519134,0.21866786233298066,0.20355616936969334,0.012822451996287138,55,4,deposit,Russia,personal,construction,0,1,0,0,0,15,suspicious,2023-03-09 09:00:00
2249.652309246387,52,11109.528463047622,48,0.127254045138601,0.13447362609112923,0.015230065556101678,0.20754662587009348,111,2,payment,Russia,charity,real_estate,0,0,0,0,0,13,suspicious,2023-02-16 15:00:00
23700.020935204004,11,2153.4643783864685,18,0.4611456899657432,0.20540430970776863,0.12357656220462818,0.0706719766155258,109,5,payment,Iran,personal,real_estate,0,0,0,0,0,16,clean,2023-06-30 12:00:00
14516.632613442785,59,1239.6257363347793,23,0.47130970328355715,0.16772437543333057,0.198290705059929,0.4930299023493578,90,11,payment,Egypt,personal,unknown,1,0,1,0,0,10,suspicious,2023-12-03 15:00:00
11436.207870735423,21,1640.5515881110045,21,0.27954511209525856,0.11188465419372677,0.2631369496142492,0.12370914083566628,25,2,deposit,Russia,business,construction,0,0,1,0,0,4,clean,2023-10-12 05:00:00
33649.54995804668,51,1607.7609602376247,11,0.27208385710156757,0.2104548116618902,0.028233876407564834,0.1275029674255069,52,13,transfer,Offshore,charity,real_estate,0,0,0,0,0,16,suspicious,2023-05-03 08:00:00
23309.850205441082,54,5753.6770694113575,39,0.1096782394313307,0.49352356725104185,0.21553440505342453,0.018456202874978164,18,2,exchange,UAE,personal,unknown,0,0,0,0,0,11,clean,2023-05-14 09:00:00
2467.369801895113,11,14904.200689812325,41,0.1371812301336208,0.3181077324412309,0.196361298301629,0.05477645916771769,24,12,transfer,Offshore,charity,finance,1,1,0,0,0,2,high_risk,2023-04-09 05:00:00
5603.4382709370075,30,663.6194952637003,4,0.4101418308682222,0.2526448840443171,0.3711586558870654,0.004093885666574562,118,11,deposit,Jordan,charity,construction,0,0,0,0,0,12,clean,2023-04-18 04:00:00
4285.044278232569,48,9819.468779493885,25,0.27909489287860323,0.24106021724247714,0.0001449210153978632,0.04141354893521879,108,14,withdrawal,Offshore,charity,real_estate,0,0,0,0,0,8,suspicious,2023-12-08 17:00:00
20435.520928026173,53,8498.546672521232,32,0.46287389837859716,0.2455081955193409,0.047004454102502265,0.19912272149139132,15,12,exchange,Offshore,investment,construction,1,1,1,0,1,13,high_risk,2023-05-29 17:00:00
511.61309786756897,35,16478.363292519014,30,0.06811675300622808,0.09402049114322998,0.28060140697266356,0.23598730613184576,8,4,exchange,Kuwait,personal,real_estate,0,0,0,0,0,2,clean,2023-05-26 04:00:00
12655.703345792144,22,2239.272861676317,45,0.3181871574188498,0.1675177498022193,0.010760021684104287,0.03504702346473593,43,7,withdrawal,Kuwait,charity,NGO,1,1,0,0,0,2,suspicious,2023-11-16 11:00:00
21561.205737896682,38,4784.294110164906,26,0.1427074329416523,0.5254662408321993,0.47245621373807,0.07453659528817712,89,13,payment,Unknown,business,real_estate,0,0,0,0,0,4,suspicious,2023-07-18 20:00:00
31405.01016578907,31,20810.88099751693,36,0.42470814015575725,0.2838337529409274,0.07941252915264342,0.10943251776758027,99,3,exchange,UAE,business,construction,0,0,0,0,0,18,clean,2023-06-16 11:00:00
6280.11890317639,14,8630.32317799675,34,0.18747246624360286,0.4848665693057165,0.023665992926606764,0.16210970343727288,24,11,exchange,Iran,personal,real_estate,1,0,0,0,0,3,suspicious,2023-03-17 18:00:00
25827.119453115047,24,3938.2348955018147,9,0.02842536315242263,0.5962277006440839,0.1544996651772779,0.030516205548128793,110,12,exchange,Iran,business,finance,0,1,0,1,0,7,suspicious,2023-05-16 22:00:00
1758.65827648166,50,1127.094520726986,12,0.3144921084794702,0.1580734674083695,0.12294554176430278,0.030224294299334657,104,7,deposit,Jordan,investment,unknown,0,0,0,0,0,6,clean,2023-01-01 00:00:00
28106.159358175315,49,2435.7509016351487,2,0.32817031745183145,0.3899227757726791,0.17627597272819231,0.11649549641896466,117,11,withdrawal,UAE,business,NGO,0,0,0,0,0,1,clean,2023-01-27 04:00:00
2045.6944579210626,32,6963.19005939682,38,0.6535021069625078,0.14329104681287028,0.18107252063811527,0.040133860931138465,102,9,exchange,Russia,personal,retail,0,0,0,0,0,9,suspicious,2023-06-30 06:00:00
7594.719468147965,36,10131.551553478332,5,0.30057359651654475,0.24477526626571924,0.08084996113012696,0.1384092373628699,85,3,withdrawal,Russia,charity,construction,0,0,0,0,0,12,clean,2023-12-29 18:00:00
23940.08044989735,32,1062.9672804037912,5,0.04777631449471995,0.4706628046998629,0.19163645546221306,0.04539149532559879,118,4,payment,UAE,investment,construction,0,0,0,0,0,7,clean,2023-10-27 03:00:00
2436.3268488062427,55,7322.275108141335,22,0.47458101238084877,0.5318443649866543,0.2420992072737062,0.05301903896947621,65,1,exchange,Jordan,personal,unknown,0,0,0,0,1,1,suspicious,2023-04-25 13:00:00
3905.895336671264,15,6394.308965612858,5,0.2119473025938957,0.2977106115485597,0.018410699217780213,0.1495744079070605,26,7,transfer,Saudi Arabia,personal,finance,0,0,1,0,0,4,clean,2023-02-01 20:00:00
19215.64646467358,43,5771.639886459922,4,0.1560687623173739,0.34817030595810144,0.01307838275259137,0.011762078708307654,74,1,transfer,Unknown,business,retail,0,0,0,0,0,6,suspicious,2023-08-19 02:00:00
19096.44257987542,58,9372.641713618696,9,0.3754710239687405,0.0841791037610808,0.04711579296300758,0.003951468206999731,26,13,transfer,Saudi Arabia,personal,finance,0,0,1,0,0,16,suspicious,2023-07-11 15:00:00
15372.663131060863,35,14534.137129661716,29,0.2534853003520312,0.651886337535186,0.08269559211345603,0.09518833573552991,66,12,transfer,Offshore,charity,construction,0,1,0,0,0,15,high_risk,2023-03-10 01:00:00
17760.025636314254,3,3120.550137249907,22,0.19464470594497313,0.43766701706280176,0.06958158494686648,0.18401373140889113,40,3,deposit,Russia,personal,retail,0,0,0,0,0,3,clean,2023-01-28 13:00:00
11737.036517934572,16,17586.679236160042,27,0.18299127087537245,0.08728764497067583,0.0877226004019724,0.17841811593696663,14,14,payment,Russia,personal,real_estate,0,0,0,0,1,18,suspicious,2023-07-29 12:00:00
4351.255488891149,5,1400.863780072697,10,0.1252159663939391,0.29686022746887625,0.015377556789447274,0.06714444890151236,33,9,exchange,UAE,charity,NGO,1,0,1,0,0,19,suspicious,2023-11-28 22:00:00
6362.747906898951,21,1519.835579485201,16,0.528630429056909,0.1659724960150764,0.11337868741482011,0.21817030326857406,57,12,payment,Iran,personal,construction,0,1,0,0,0,13,suspicious,2023-08-01 06:00:00
3006.0191177479774,10,2482.38929405224,42,0.1775103180684654,0.4678121397843256,0.15782943665084642,0.21961235202441629,39,5,transfer,Kuwait,charity,finance,0,0,0,0,0,14,clean,2023-06-11 04:00:00
35863.14208985477,19,1018.403286170257,42,0.4630452550928736,0.2981855721753887,0.13842353423696194,0.0020749970732606257,1,10,payment,Egypt,charity,unknown,0,0,0,0,0,14,suspicious,2023-01-12 19:00:00
13134.135819548977,25,2094.2354208452266,10,0.5012707004246917,0.0050768217004300824,0.27842630239635313,0.1052069028709038,94,10,payment,Jordan,business,real_estate,0,0,0,0,0,8,clean,2023-06-20 01:00:00
7683.684892185335,4,900.0815585035228,6,0.3334659053244904,0.1671499841606914,0.03937630619520005,0.16796010864357103,37,11,deposit,Unknown,personal,retail,0,1,0,0,0,11,suspicious,2023-10-06 20:00:00
9298.61259481745,29,13796.654234439957,49,0.15194116146214762,0.23992592832701176,0.05865334340567826,0.09813628422710019,18,2,transfer,Offshore,investment,construction,0,1,0,0,0,12,suspicious,2023-03-03 03:00:00
44142.35605495817,19,1196.99808907149,5,0.18348012115355927,0.37431311967002406,0.22696013731575132,0.08391562939498272,30,9,withdrawal,Russia,investment,unknown,0,0,0,0,0,1,clean,2023-12-22 14:00:00
2497.04325192751,43,11004.340794081361,6,0.43859933060381395,0.32032692519999273,0.25995926625990096,0.06442226684137063,27,6,payment,Egypt,charity,unknown,0,0,0,0,0,9,clean,2023-04-28 01:00:00
13236.66913662831,2,392.7981872193998,47,0.059931164902344285,0.14184656149515545,0.02983780339798736,0.3039501781034892,60,9,payment,UAE,personal,finance,0,0,0,0,0,14,clean,2023-05-29 13:00:00
10574.91661189766,10,23732.546065908897,25,0.040302221028054815,0.11904779537601516,0.0031904252292977928,0.34603506098573894,49,12,transfer,Jordan,business,NGO,0,1,0,0,1,14,suspicious,2023-04-15 21:00:00
14180.16477004609,43,9935.061443449707,4,0.12645117810239098,0.34575489067892096,0.03304526117504467,0.0020404588073423455,113,11,deposit,UAE,business,unknown,0,0,0,0,0,13,clean,2023-09-10 04:00:00
274.14270609745853,25,100.0,40,0.4224194086988315,0.4114466695179198,0.13995685774254146,0.2743584690123391,30,14,exchange,Saudi Arabia,business,finance,0,0,0,0,0,12,clean,2023-05-31 20:00:00
30850.402838110447,20,11546.524869959452,48,0.6391543571916729,0.25378299530928194,0.08649999526324448,0.13654285537527966,45,4,transfer,UAE,charity,retail,0,0,1,0,0,12,clean,2023-04-03 14:00:00
40349.82805036878,48,5773.721844295855,32,0.32767886809914154,0.6871585039369968,0.08416157175161398,0.06709696900357613,117,6,exchange,Offshore,business,construction,0,0,0,0,0,7,suspicious,2023-09-28 02:00:00
12490.731959150966,19,12089.970388521813,35,0.5340361752102806,0.45418314582302355,0.12495417510791712,0.13950222004386828,100,12,withdrawal,UAE,investment,retail,0,0,0,0,0,2,clean,2023-05-06 15:00:00
17893.061107889374,23,5913.475489056286,10,0.3164869631955288,0.5525965925473855,0.12229736992818425,0.0039003782419793323,21,7,exchange,Jordan,personal,NGO,0,0,0,0,0,11,clean,2023-01-19 13:00:00
38362.04036768439,24,8196.017073722056,34,0.47512610611829637,0.5122434161346602,0.10475573799233391,0.07608952369757803,54,11,payment,Egypt,personal,finance,0,0,0,0,0,16,clean,2023-05-21 16:00:00
18425.961800887773,11,12346.64206156063,36,0.21411320214797044,0.0879060805691311,0.030270350913400707,0.19042074751523916,16,14,deposit,Kuwait,investment,retail,0,1,0,0,1,13,high_risk,2023-06-10 11:00:00
2482.6576368618257,46,4155.003954223303,6,0.3589741663408477,0.5164678318013971,0.031853958070842715,0.13660640354036746,81,6,withdrawal,Jordan,charity,construction,0,1,0,0,0,18,suspicious,2023-12-09 20:00:00
12880.532247788404,34,100.0,43,0.4000690993666633,0.6170955133915356,0.08107525661634306,0.22072222343998157,18,4,deposit,Kuwait,personal,construction,0,0,1,0,0,19,suspicious,2023-12-09 10:00:00
13998.312855510225,55,15174.106838297692,46,0.17719021142112729,0.23772106947544178,0.14233463396696128,0.2920654798134418,34,8,deposit,Iran,charity,unknown,0,0,0,0,0,11,suspicious,2023-04-18 10:00:00
8278.117558842318,28,3835.7832146195606,16,0.1251503881670946,0.3515489969068776,0.030324424520466978,0.0161189479310202,21,6,exchange,Iran,business,NGO,0,0,0,0,1,1,suspicious,2023-05-10 13:00:00
20002.35455825088,5,5482.110306773603,19,0.28024628605465357,0.5013864434814679,0.03632221318555579,0.11783701256953379,76,2,deposit,Kuwait,charity,finance,1,0,0,0,0,13,clean,2023-04-25 02:00:00
40855.15328643712,59,100.0,34,0.0700558885418513,0.3428234718087989,0.01755466724985173,0.24145669814801066,31,13,withdrawal,Russia,investment,retail,0,0,0,0,0,8,suspicious,2023-03-08 20:00:00
38968.14319581176,5,5419.639764358178,25,0.2502506688189201,0.319712308348068,0.0004781148774560193,0.002971845625020454,10,12,deposit,Russia,charity,unknown,0,0,0,0,0,14,suspicious,2023-01-10 22:00:00
8990.464444554265,51,34433.06249444006,31,0.42334129177139446,0.09770754918184164,0.017279903274649223,0.10505218274278696,105,6,withdrawal,Offshore,personal,unknown,0,1,0,0,0,14,suspicious,2023-06-10 10:00:00
1802.6805682767629,21,2608.8074414327775,49,0.6058116159194468,0.11461059775100162,0.009467615288827254,0.10780826722287054,119,1,payment,Saudi Arabia,personal,retail,0,0,0,0,0,16,clean,2023-03-03 17:00:00
62837.609836810596,12,4025.747326563443,41,0.15171407389464947,0.1699665542061671,0.06301179254211788,0.08005149490674862,4,9,payment,Kuwait,business,finance,1,1,0,1,0,19,high_risk,2023-03-22 11:00:00
27385.771662276642,50,9297.274321787918,17,0.44575651028706975,0.3221459176867392,0.007789334317741715,0.05020408951685125,15,10,exchange,Iran,personal,finance,1,0,0,0,0,7,suspicious,2023-08-10 14:00:00
1997.1893957559507,4,13490.278117742246,47,0.06002237809666997,0.3393645904282165,0.07748752003679743,0.24564285475785355,53,12,transfer,Unknown,investment,NGO,0,1,0,0,0,6,suspicious,2023-01-01 15:00:00
38044.61911444914,54,4321.920461116973,30,0.6244661644440432,0.31020089674615237,0.08848764447900721,0.027323047561079183,59,7,payment,Russia,investment,construction,0,0,0,0,0,9,suspicious,2023-12-30 12:00:00
30591.35896840295,49,2964.6711882871514,39,0.1552136263796822,0.013860528377363622,0.06858340557177729,0.20987448328911132,55,8,transfer,Russia,personal,finance,0,0,0,0,0,18,suspicious,2023-07-13 19:00:00
10973.270789529739,42,22222.521248345525,31,0.40153694804736934,0.3014566453007238,0.069801237847438,0.4161160117996157,62,12,withdrawal,Saudi Arabia,personal,unknown,0,0,1,0,0,6,clean,2023-05-17 17:00:00
13420.706802436123,20,9044.41495785011,19,0.11918930762973687,0.2063935278857108,0.15562586287174157,0.13744755136388415,42,11,transfer,Unknown,personal,construction,0,1,1,0,0,17,suspicious,2023-03-10 05:00:00
7637.472651135204,38,1013.7746840792579,35,0.18249768128181607,0.2611059981230307,0.21244691971948226,0.1951051471541461,105,4,deposit,Kuwait,personal,real_estate,1,0,0,0,0,4,clean,2023-09-15 01:00:00
844.7722386494067,25,571.3483008847279,29,0.2852983048526913,0.1474709286513067,0.07785882909672727,0.3308093061162542,28,8,withdrawal,Egypt,business,construction,1,0,0,0,0,9,clean,2023-06-30 07:00:00
6123.973294511117,14,5286.212092924358,1,0.2912447793097951,0.28980320370483714,0.07229237002887218,0.1407717218171287,7,12,deposit,Saudi Arabia,business,unknown,0,0,0,0,0,8,clean,2023-07-07 23:00:00
24357.118665992683,11,1988.6146820557312,4,0.3191507632282136,0.16770311965089196,0.09402121014864347,0.2517206864188963,11,1,transfer,Offshore,business,NGO,0,0,0,0,0,15,clean,2023-11-13 06:00:00
100.0,32,2344.073929230284,28,0.34107550113584295,0.16637371809465115,0.011922535964372316,0.3277262375880816,29,11,deposit,Unknown,business,retail,0,0,0,0,0,8,clean,2023-11-30 17:00:00
6085.708448852531,11,16809.714300969306,18,0.19738334086870715,0.11442790298066013,0.018600482939753502,0.236919264493325,34,4,withdrawal,Egypt,business,retail,1,0,0,0,1,11,suspicious,2023-12-10 08:00:00
7616.671422820173,18,750.6711743557216,26,0.1267807874348196,0.130814826825756,0.17074526904822895,0.068948884513835,116,6,deposit,UAE,personal,NGO,1,0,0,0,0,19,clean,2023-07-13 11:00:00
11563.245361858226,27,10052.356102648382,40,0.08025293285420737,0.14381785212953477,0.0269251847274527,0.005604888399269468,116,10,transfer,Iran,charity,NGO,0,0,0,0,0,13,suspicious,2023-01-29 23:00:00
37858.882142295624,55,2530.2136077406126,19,0.7430061288624272,0.40988601150776793,0.009798451056093086,0.19157391667236623,94,7,deposit,Egypt,business,retail,0,0,0,1,0,15,suspicious,2023-09-21 19:00:00
6377.656663361851,54,11427.879046620936,6,0.26557490721121985,0.33021266968904317,0.026127355576170963,0.07814531478012235,91,12,deposit,UAE,charity,unknown,1,0,0,0,0,5,suspicious,2023-03-13 23:00:00
6391.597289377429,18,10252.920492046367,1,0.049140749037003,0.2899706178592103,0.045673771414513835,0.09391401884237179,25,3,exchange,Jordan,business,NGO,0,0,0,0,0,7,clean,2023-06-03 22:00:00
20062.634274983484,56,100.0,8,0.5135583698532165,0.23573463642772502,0.06957739013505589,0.083330024041022,56,10,withdrawal,Iran,charity,construction,0,0,0,0,0,13,suspicious,2023-10-28 18:00:00
9028.16660238509,23,5692.695834312373,33,0.3503509281555539,0.5635391292626457,0.01842661629010743,0.0005464618198866565,112,10,exchange,Iran,personal,retail,0,0,0,0,0,16,suspicious,2023-06-20 22:00:00
3815.7371055408807,11,1200.2552246928706,43,0.44086338357155574,0.3059970671545505,0.15795876449197188,0.15205259134057159,102,2,transfer,Kuwait,personal,finance,0,0,0,1,0,16,suspicious,2023-03-16 05:00:00
9034.235258642326,21,16092.889391675308,21,0.12393303811245569,0.14508742333861419,0.27041678142825165,0.030214840196284204,40,9,payment,Iran,investment,real_estate,0,0,0,0,0,2,clean,2023-01-20 20:00:00
2277.2988289708055,44,16419.95957772392,24,0.33323098262178097,0.24333653746267855,0.25149531825013827,0.03185770775690476,87,1,transfer,Russia,personal,retail,0,0,0,0,0,7,clean,2023-05-04 12:00:00
2910.817548121451,5,4335.033430333491,25,0.36661557423996527,0.23600233464112952,0.07851758099868317,0.0684329945514421,93,10,transfer,UAE,investment,NGO,1,0,1,0,0,4,suspicious,2023-08-23 05:00:00
10348.320642042265,23,4701.590255807052,47,0.39393979347663816,0.1470395813116367,0.032242054390876546,0.0496304490749891,63,14,transfer,Unknown,charity,retail,0,0,0,1,0,13,suspicious,2023-01-16 17:00:00
8143.143243840105,41,2891.0071161961696,43,0.7968472260416822,0.4503478710685977,0.30382743488219416,0.12627989521486382,119,1,transfer,Kuwait,business,real_estate,0,1,0,0,1,5,suspicious,2023-06-19 02:00:00
36949.39102879219,59,10087.345426931728,19,0.6735999653534886,0.4407684231669082,0.153469975955819,0.019302629175929956,50,10,exchange,Egypt,personal,finance,0,0,0,0,0,12,clean,2023-01-17 12:00:00
6750.518745595924,25,3553.5813339962037,29,0.06470213240360205,0.08119221762072304,0.0018497482257605182,0.13740950676849129,11,2,transfer,Jordan,investment,real_estate,0,1,0,0,0,13,suspicious,2023-08-15 10:00:00
13033.53575677908,41,2493.530403601624,10,0.3917978937156955,0.24833120304768955,0.022866150691033024,0.15321078288461484,60,5,deposit,Iran,charity,retail,0,0,1,0,0,9,suspicious,2023-10-09 04:00:00
15005.86158776772,54,4528.325903414249,12,0.12445421046301888,0.596519205156152,0.07528450703402732,0.46595161601843993,64,1,transfer,Offshore,business,retail,0,1,0,0,0,16,suspicious,2023-07-03 17:00:00
197.7141723848884,10,767.5732202906667,33,0.10360153273399572,0.47121229250133895,0.16302210401804093,0.023255109286481914,118,13,payment,Offshore,personal,construction,0,0,0,1,0,6,suspicious,2023-04-24 15:00:00
16339.022955539835,22,10982.389262066798,7,0.10023246637744518,0.6376990647195588,0.13956549229094703,0.10212105686106748,4,6,withdrawal,Saudi Arabia,business,NGO,0,0,0,0,0,13,suspicious,2023-06-18 08:00:00
2940.879602988723,19,101.41126810562382,17,0.05015599189091167,0.4641384517995216,0.018067095240686486,0.3304781289873051,100,14,exchange,Unknown,business,unknown,0,0,0,0,1,14,suspicious,2023-10-20 03:00:00
48689.974084086396,1,8273.504076660669,10,0.22046964564547175,0.1731981360036207,0.0387593623501608,0.013517082530113203,31,8,exchange,UAE,personal,construction,0,0,0,0,0,4,clean,2023-04-11 04:00:00
2414.203564652701,7,1615.6030395433122,31,0.18626569791868947,0.20132332872479375,0.11376935434239657,0.12538652901682207,74,10,exchange,Iran,investment,construction,0,0,0,0,0,9,suspicious,2023-01-07 07:00:00
8032.5167180491035,4,2115.9342889302434,6,0.43397760236465266,0.31729722624046724,0.16106740545438966,0.012483490713275425,54,2,exchange,Unknown,personal,construction,0,0,0,0,0,5,clean,2023-05-16 11:00:00
1338.201564757547,1,8076.727434457875,17,0.2700151867350011,0.3638291586638851,0.020693868307901406,0.020970413933608607,80,5,transfer,Russia,investment,construction,0,0,0,0,0,11,clean,2023-03-09 04:00:00
86521.2242272614,15,39630.41001683478,37,0.5439137105828439,0.21193673987839554,0.10348782242836238,0.3053391398885141,56,3,payment,Saudi Arabia,investment,construction,0,0,0,0,0,16,clean,2023-09-10 00:00:00
10463.202984873391,40,12030.449075181745,18,0.38648792022739054,0.2058490089751269,0.034680009607824545,0.03462349866254971,117,2,transfer,Iran,business,finance,0,1,0,0,0,12,suspicious,2023-06-28 04:00:00
13572.289861334186,12,2047.8098667535303,26,0.11296185739637271,0.5148878703827751,0.2446840323450284,0.05740409071765006,94,14,withdrawal,UAE,investment,NGO,0,0,0,0,0,17,clean,2023-06-05 03:00:00
1041.4807624238126,22,1548.9183363967911,49,0.47000120196378775,0.2146207268378286,0.028607866262638577,0.08692768665111236,99,6,withdrawal,Offshore,investment,unknown,0,0,0,0,0,8,clean,2023-07-23 12:00:00
20792.043828239985,22,16093.238629132451,16,0.2891228632614371,0.6358922829091995,0.0694624480506328,0.1067038461098772,44,1,transfer,Kuwait,personal,unknown,0,0,0,0,0,12,clean,2023-08-14 06:00:00
3534.042573753948,50,4698.543048457162,8,0.27672242706327355,0.47356875367059836,0.08290674297183709,0.08011338668329798,81,12,transfer,Offshore,investment,NGO,1,0,0,0,0,8,suspicious,2023-10-06 15:00:00
34249.722852174455,47,1179.214199769948,24,0.16359988303960277,0.5785177498228421,0.06227155852821761,0.16645172445559211,5,8,transfer,Saudi Arabia,personal,unknown,1,0,0,0,1,13,high_risk,2023-12-28 22:00:00
3443.8324224125,17,15856.278573406329,13,0.43531894548904493,0.3063455122790191,0.005678709658173566,0.5229963114205614,67,6,payment,Russia,personal,finance,0,1,0,0,0,5,suspicious,2023-11-05 08:00:00
3173.5564471322377,29,13546.572523107609,29,0.0980605097577999,0.18793976249641559,0.026688917335411733,0.006475582659534457,80,4,exchange,Unknown,charity,finance,0,1,0,0,0,8,suspicious,2023-10-30 17:00:00
558.5151278650825,46,33034.65086598784,32,0.06979793553285893,0.21762369843738477,0.10093043063680625,0.08458260855135209,115,12,withdrawal,Offshore,investment,NGO,0,0,0,0,0,3,suspicious,2023-06-10 12:00:00
9581.78689943196,14,19240.813847149635,24,0.035831728145661,0.23379195273253886,0.32105755527328167,0.03654620049146865,68,5,withdrawal,Russia,personal,finance,0,0,0,1,0,11,suspicious,2023-09-01 21:00:00
12480.661555142708,50,15273.019016164726,16,0.12998581291161088,0.4043055944494906,0.2077489198758226,0.005021236974691144,9,2,exchange,Saudi Arabia,personal,retail,0,1,0,1,1,5,high_risk,2023-07-22 06:00:00
1019.5041026873471,20,432.05492180460107,11,0.19418709903932654,0.19959676421990025,0.10246098172625592,0.04728692102472618,4,8,exchange,Iran,business,unknown,1,1,0,0,0,16,high_risk,2023-11-22 11:00:00
22410.038903975583,50,882.2284441898064,32,0.19970815676467896,0.2488162255941599,0.0011056760526676154,0.0023193155880855405,85,6,withdrawal,Offshore,investment,real_estate,0,0,0,0,0,10,suspicious,2023-02-17 02:00:00
9057.519754404326,48,6732.86557843799,6,0.32796369906175526,0.35070610179393547,0.16557001881675426,0.03098880099262063,74,6,withdrawal,UAE,investment,construction,0,0,0,1,0,10,clean,2023-12-22 02:00:00
11147.364818888953,33,6065.399040482365,35,0.6861956860974272,0.6450460150922904,0.05242612244263463,0.35367281149550384,117,3,payment,Saudi Arabia,business,retail,1,0,0,0,0,16,suspicious,2023-08-24 22:00:00
8717.722076813705,55,4899.371279200359,33,0.6189701373104327,0.3229771184701679,0.1797825820826966,0.2522330088073573,95,1,withdrawal,Saudi Arabia,personal,retail,0,0,0,0,0,11,clean,2023-09-16 13:00:00
7681.47301912382,59,4043.9101268089166,18,0.4044516664776185,0.1873753812859172,0.23546298510478275,0.07062499314914167,81,8,transfer,Jordan,business,construction,0,0,0,0,0,9,clean,2023-08-14 13:00:00
12302.451857068121,43,4513.958671750269,37,0.09604364805147587,0.1773921599737644,0.20707658993301842,0.10987704495855516,16,12,transfer,Egypt,charity,retail,0,0,0,0,0,7,clean,2023-10-17 23:00:00
2530.5451014143323,15,6738.709523233549,13,0.6299735596390102,0.2616172119674139,0.15985495155883492,0.08733173945651784,103,7,exchange,Offshore,personal,finance,0,0,0,0,1,14,suspicious,2023-05-10 11:00:00
3012.0762931293825,12,100.0,10,0.15751796523853934,0.5193500209701115,0.36425036736635485,0.1434499646425636,111,12,exchange,Iran,investment,retail,0,0,0,0,1,14,suspicious,2023-07-15 01:00:00
29684.239924442107,40,2416.5068372194983,37,0.08821085402579461,0.1845101603686234,0.11959233901455643,0.36108851094512806,114,1,transfer,UAE,business,unknown,0,1,0,0,0,18,suspicious,2023-02-27 17:00:00
43813.67563897028,54,5843.13333415359,26,0.43848872329490146,0.3299567232582219,0.07815728103827838,0.022285820439899472,70,12,exchange,Russia,business,unknown,0,0,0,1,0,17,suspicious,2023-04-02 06:00:00
7009.532812127079,20,10247.294407441386,46,0.5593250929507909,0.5138123405310053,0.008678906569354812,0.3430974581062321,94,13,transfer,Offshore,personal,NGO,0,0,0,0,0,1,suspicious,2023-02-10 11:00:00
4735.97048538999,30,1530.8017895446562,17,0.36634606763472344,0.3692593473035312,0.02731276810698145,0.08423437398638937,15,8,payment,Unknown,business,NGO,0,0,0,0,0,12,clean,2023-04-25 04:00:00
15492.348976416857,38,6332.807027009717,1,0.14506021773004102,0.42718607864784597,0.1347164476965309,0.0833986229724901,107,10,exchange,Iran,business,real_estate,0,0,0,0,0,8,clean,2023-09-07 00:00:00
7882.343514108695,3,10026.97638037277,25,0.27695437918639115,0.02101846744632884,0.2780096139322684,0.12338359696458005,52,2,deposit,UAE,investment,unknown,0,1,0,0,0,1,clean,2023-12-21 11:00:00
385.71223098970546,28,4704.932028303441,34,0.4340419006831794,0.6544742540957669,0.16974220434366136,0.03401190274541389,31,11,withdrawal,Saudi Arabia,business,construction,0,0,0,0,0,12,suspicious,2023-06-27 06:00:00
2546.7540494926593,56,219.63668271772895,39,0.17902622109975438,0.39183514323246654,0.05959669812408889,0.03005121177770283,94,8,transfer,Egypt,personal,construction,0,0,0,0,1,17,suspicious,2023-02-03 20:00:00
18880.248897795682,26,4772.0581142048595,10,0.1093387831307629,0.10142925712639084,0.027456838747826392,0.002899380497629467,101,5,withdrawal,Russia,personal,unknown,1,0,0,0,1,7,suspicious,2023-01-18 02:00:00
16134.746734763035,30,2812.8725232201537,20,0.38103961622126736,0.44100931439479735,0.26187393334765346,0.10497292913647192,80,8,withdrawal,Offshore,business,finance,0,0,0,0,0,11,clean,2023-05-18 12:00:00
412.0478682666015,13,21234.13535241978,7,0.15447303479393557,0.4954492634541266,0.3561935184197728,0.19530392359620982,44,11,exchange,Offshore,business,unknown,1,0,0,0,0,13,suspicious,2023-06-21 03:00:00
3764.894608000575,13,1064.7171621615955,16,0.4861440843303739,0.4230763193644855,0.014709029764112314,0.059307422272887024,117,12,withdrawal,Russia,investment,finance,0,1,0,0,0,9,suspicious,2023-08-16 14:00:00
3941.423684263965,2,8455.371388688456,37,0.2922914441476454,0.07924904230536169,0.03298024153680969,0.008797518501187243,36,6,deposit,Egypt,business,NGO,0,0,0,0,0,7,clean,2023-01-25 17:00:00
16716.220842417777,37,433.2824983162251,29,0.5202322968231398,0.6540387014531647,0.2509420469555253,0.5724318148185995,2,2,exchange,Egypt,personal,construction,1,1,0,0,0,18,high_risk,2023-09-09 03:00:00
298.6107193820911,49,4727.1863124005195,12,0.43346234100197073,0.062397407131085755,0.005849424876286242,0.1786731266810234,28,7,transfer,Offshore,business,unknown,0,1,0,0,0,18,suspicious,2023-05-09 20:00:00
1649.0408790205922,38,6459.122681916961,17,0.316703452829481,0.3822703257505723,0.07752784907270396,0.27745101926727905,112,11,withdrawal,Unknown,business,NGO,0,1,0,0,0,10,suspicious,2023-04-30 16:00:00
24135.276409443624,2,2830.0614129100645,48,0.28179884430471663,0.15524771468867785,0.3064539434034898,0.13901881113438613,40,11,withdrawal,Unknown,business,real_estate,1,0,0,0,0,1,suspicious,2023-05-14 01:00:00
2950.16564177678,36,4856.866197769463,20,0.2938046582628187,0.0880962816532575,0.031143901818636834,0.08889508690442419,63,13,payment,Iran,charity,construction,0,1,0,0,0,14,suspicious,2023-12-09 00:00:00
15865.486333808652,54,1428.7445574797184,26,0.11391536118918139,0.05775582134526408,0.2010985812764368,0.15784669963916023,63,6,transfer,Jordan,charity,real_estate,0,0,0,1,0,1,clean,2023-03-24 10:00:00
4080.7293331349283,26,2900.668632957807,48,0.5174389865870374,0.2584739354790432,0.03949864721602938,0.12927726232892064,17,4,payment,UAE,business,construction,0,0,0,1,0,7,suspicious,2023-06-15 03:00:00
1571.1005022730699,11,7763.997231350155,19,0.31559507092690214,0.17269814436138403,0.06511189299558537,0.13555736260989307,105,9,transfer,Kuwait,business,retail,1,1,0,0,0,19,suspicious,2023-07-14 05:00:00
4179.292746171709,8,2873.998114548704,47,0.41998081642753143,0.14228918543047267,0.005940177520155234,0.1048465003517598,38,13,withdrawal,Jordan,charity,NGO,0,0,0,0,0,19,clean,2023-02-20 13:00:00
19216.422196455478,44,18400.153375006495,12,0.35106998500975956,0.3468745246214537,0.2456856445187737,0.10752645699104278,36,13,withdrawal,Egypt,investment,retail,0,0,0,0,1,4,suspicious,2023-09-09 11:00:00
29037.545061808945,40,7919.647965491968,21,0.23548429658335177,0.2603252918029962,0.26083587661206026,0.2670541283754685,32,4,deposit,UAE,business,retail,0,0,0,0,0,7,clean,2023-04-23 17:00:00
26598.764999633466,43,4619.271468010507,42,0.08307485392694704,0.14897155791886796,0.09381250187430754,0.06828099258484766,54,1,exchange,Iran,business,real_estate,0,0,0,0,0,16,suspicious,2023-03-13 14:00:00
7592.137342126327,22,316.2237866336369,34,0.18943447183027343,0.10566590754604253,0.1379216478081979,0.1312475006187906,59,13,deposit,Egypt,investment,finance,0,0,0,0,0,7,clean,2023-05-20 12:00:00
16543.151676068923,20,5537.954069807375,7,0.42639088142540704,0.3188503778935749,0.04597214747678535,0.1392610202371259,25,3,transfer,Offshore,personal,construction,0,0,0,0,1,11,suspicious,2023-08-10 08:00:00
3440.9011549347115,8,11577.744453488403,45,0.12899991567875516,0.08108718322524104,0.16624558600727082,0.0810229832876737,77,11,transfer,Russia,charity,retail,0,1,0,0,0,8,suspicious,2023-09-20 13:00:00
5204.003829187753,29,2469.1496354509295,35,0.16513490042078127,0.1563621957310444,0.01913986654629325,0.10077497690258443,14,8,transfer,Offshore,charity,real_estate,0,0,0,0,0,13,suspicious,2023-08-08 13:00:00
33998.979429463565,40,13151.140508001554,15,0.06376384841014167,0.21982453339405175,0.13161092312703906,0.17738777325945318,44,3,transfer,Jordan,investment,construction,0,1,0,0,0,9,clean,2023-02-25 12:00:00
196.30782594427504,26,2320.7520017088546,1,0.18241140087399116,0.5697335780186841,0.0709740947561374,0.1649728500214078,25,14,exchange,Kuwait,charity,retail,1,0,0,0,1,5,suspicious,2023-03-26 19:00:00
1340.8070944567369,30,13886.650748828706,26,0.34017170347219106,0.5719497382234064,0.09300786037139779,0.0725922619927401,35,14,withdrawal,Iran,personal,retail,1,1,0,0,0,10,high_risk,2023-04-21 12:00:00
3495.754203597228,17,712.9962099159216,35,0.10903634276822588,0.19504359023773732,0.13499378187266411,0.17709637571416526,93,7,deposit,Russia,personal,retail,0,0,0,1,0,11,suspicious,2023-03-20 01:00:00
403.3580283647533,20,16090.299050945707,25,0.04658885603748895,0.655906111972191,0.19572476737476147,0.09321492915346777,79,11,withdrawal,Egypt,charity,real_estate,0,0,0,0,0,17,suspicious,2023-08-11 23:00:00
3003.0450493540916,52,5532.171237733103,42,0.14122359760638356,0.42154268606941203,0.05580072997573429,0.06252183533816318,79,1,payment,Unknown,personal,finance,1,0,0,0,0,15,suspicious,2023-05-01 08:00:00
13121.5309311655,55,2813.92668921029,15,0.21870872006762004,0.5459399244405841,0.023341103171661142,0.14635515810090613,47,14,deposit,Unknown,personal,NGO,0,1,0,0,0,11,suspicious,2023-07-01 13:00:00
8207.794775517006,16,2464.310990709304,22,0.13728152658097664,0.3003761181308786,0.12044158466012939,0.16152274434484148,47,4,transfer,Kuwait,personal,NGO,0,1,0,0,0,2,clean,2023-09-01 13:00:00
33477.945312327414,46,4525.219600799257,6,0.341004381047683,0.16019318286373915,0.10282145911450451,0.3744443535794286,104,4,transfer,Jordan,business,retail,1,0,0,0,0,8,clean,2023-09-27 09:00:00
25510.438545292174,43,55668.163207397134,15,0.3482194284393344,0.2129476721993244,0.12322892672914298,0.13466958774162127,17,9,payment,Russia,investment,retail,0,1,0,1,0,12,suspicious,2023-07-10 20:00:00
6274.092077535481,7,1991.0494607068301,24,0.05557344460500812,0.04814874011173112,0.007251717892764835,0.24853717135570264,89,12,deposit,Unknown,charity,finance,0,0,0,0,0,7,clean,2023-09-15 07:00:00
4504.893782209178,16,871.5277772720212,21,0.016106789167766353,0.253360885526118,0.02205977314896154,0.10666674499280356,23,11,exchange,Egypt,business,NGO,0,1,0,0,0,2,clean,2023-12-06 15:00:00
7163.097121628066,45,7036.492049942369,7,0.2634082137190047,0.18858377652427383,0.01062696931759418,0.06693993351561857,110,1,exchange,Russia,charity,finance,0,0,0,0,0,8,clean,2023-05-05 14:00:00
13384.766252149579,59,5363.925763045565,29,0.5567352254403113,0.27033130919042486,0.29594815866338886,0.014966661581946846,96,11,transfer,Iran,investment,unknown,1,0,1,0,0,15,high_risk,2023-07-14 23:00:00
4680.925647229093,47,5941.998751603497,32,0.07688225450524318,0.09192333764001055,0.2348352981381088,0.015102777940299173,95,12,transfer,Russia,personal,retail,0,0,0,0,0,12,suspicious,2023-07-07 22:00:00
14678.433683206315,56,8795.350932290014,32,0.2292563529713396,0.40220786260061975,0.2531095491624916,0.006644177647193343,87,13,transfer,Russia,charity,NGO,1,0,0,0,0,3,suspicious,2023-04-24 12:00:00
7899.540589197168,48,2486.449157346101,5,0.2529818143154895,0.17956627785739174,0.22323929877133808,0.052530852564420166,102,9,payment,Jordan,charity,construction,0,0,0,0,0,4,clean,2023-07-07 11:00:00
12046.010497722667,27,19322.89503140065,4,0.2833112423395101,0.21408103219745264,0.04794983055602247,0.4727044363590343,17,10,payment,Iran,business,unknown,1,0,0,1,0,12,suspicious,2023-04-15 06:00:00
8593.88092636668,53,4576.958027288048,22,0.04970127550955027,0.22345638420184624,0.2277640349452254,0.011948387253715994,29,8,withdrawal,Russia,business,construction,0,0,0,0,0,7,clean,2023-06-23 19:00:00
5231.999628934997,23,1105.6981452366372,18,0.1800665036793619,0.43993202173506957,0.02463786928544963,0.06091895537361244,2,10,payment,Egypt,personal,finance,1,0,1,1,0,16,high_risk,2023-08-30 17:00:00
44479.00831728306,24,10847.6346949194,35,0.25477293296294345,0.18884591979875215,0.02265233929279271,0.20046715922515562,11,6,deposit,Jordan,investment,NGO,0,0,0,0,0,17,clean,2023-08-30 21:00:00
21633.817555989543,9,8242.494753467152,17,0.3689479329567549,0.11224506551282697,0.09143245826956582,0.1254861306956042,16,11,payment,Saudi Arabia,personal,unknown,0,1,0,0,0,19,suspicious,2023-12-18 16:00:00
2264.317471845313,35,3035.3783131261516,24,0.4175469375490078,0.3873461327441834,0.3115130109054751,0.124124760606406,51,4,deposit,Kuwait,business,real_estate,0,0,0,0,0,15,clean,2023-11-07 11:00:00
30427.573915789857,51,7772.709410997044,2,0.18066449150761607,0.47099682371597734,0.06035971554086357,0.38073553008228117,81,11,exchange,UAE,charity,unknown,0,1,0,0,0,18,suspicious,2023-04-21 09:00:00
10024.804944928746,20,1986.275167546445,13,0.3912929924657881,0.14204958104145887,0.1894397853885958,0.009462262680997728,21,6,withdrawal,Offshore,charity,unknown,0,0,0,0,0,5,clean,2023-03-03 16:00:00
33743.092354346154,37,4707.982115891703,15,0.20502627452979172,0.39651643888193544,0.021357680609249762,0.186003811974524,21,6,payment,Jordan,investment,finance,0,0,0,0,0,14,clean,2023-11-19 00:00:00
24130.716808948506,42,18373.82003110751,5,0.3843849851858675,0.015437893190655442,0.1638233987107465,0.5848438092861242,6,2,exchange,Russia,personal,retail,0,0,0,0,0,14,suspicious,2023-12-25 10:00:00
8306.34928887911,17,1146.6614240428435,3,0.27058517901745294,0.39526094347381585,0.12166139244278913,0.10972867501142834,46,7,deposit,Russia,personal,finance,0,0,0,0,1,14,suspicious,2023-08-09 06:00:00
340.88384216310175,47,3911.1622239075614,37,0.2472992033577751,0.22772541642876168,0.0035679520488347636,0.052276092305600624,109,9,withdrawal,UAE,personal,finance,0,1,0,0,1,17,high_risk,2023-01-27 03:00:00
4693.5082166473,31,13769.323669460722,37,0.4290487298942557,0.12847319334659535,0.07506753832358859,0.3152949493093166,23,8,exchange,Kuwait,charity,finance,0,0,0,0,0,14,clean,2023-07-21 07:00:00
11701.316335196943,55,27917.842077999696,37,0.3366238427875718,0.599124419517668,0.04439559678600831,0.012723336789997897,58,3,deposit,Iran,investment,construction,0,0,0,1,0,4,suspicious,2023-04-27 01:00:00
15055.459979018045,57,4840.008248865255,3,0.5473356872710563,0.4565315243058167,0.07442593900358628,0.10127448895874702,57,8,withdrawal,Kuwait,charity,NGO,0,1,0,0,0,10,suspicious,2023-07-14 07:00:00
4473.820198934083,8,5657.962675515474,35,0.15245742108426563,0.35232713646262515,0.0672163688642017,0.42698217398768623,61,4,transfer,Jordan,investment,real_estate,0,0,0,0,0,4,clean,2023-09-04 18:00:00
2251.116282460733,15,6792.2715520329475,23,0.18110459170171658,0.17273207944092359,0.08718248087680092,0.16156964922538614,96,10,payment,Kuwait,investment,construction,0,1,0,0,0,3,clean,2023-10-01 12:00:00
27020.806307435872,31,21547.0436354827,28,0.1375311267474608,0.2078046019742254,0.023310483094587702,0.12757580397691265,39,1,transfer,UAE,personal,unknown,0,0,0,0,0,7,clean,2023-06-15 03:00:00
62409.362447808504,53,15627.084458122194,30,0.07774929943479132,0.49637914418005513,0.08147844800416677,0.04650237065186288,45,3,transfer,Saudi Arabia,charity,finance,0,0,0,0,0,7,clean,2023-02-24 07:00:00
11188.418204581303,30,1496.4326969345113,18,0.26755577332579267,0.45548272359737313,0.17945450405709504,0.3626660149292672,102,1,transfer,Kuwait,charity,NGO,0,0,0,1,1,3,suspicious,2023-04-24 05:00:00
2825.322954901109,46,4592.364637235137,36,0.2440717929767772,0.37532346227803254,0.07452232062345684,0.20405354640978854,29,5,exchange,Russia,investment,retail,0,0,0,0,0,13,suspicious,2023-10-17 02:00:00
4768.147075933993,20,4988.97533428467,33,0.1986950141259034,0.37482076939801157,0.04326467807801133,0.13260425301250034,31,10,transfer,Iran,charity,finance,0,0,0,0,0,4,clean,2023-10-02 18:00:00
278.4283111614901,39,12450.822037796275,26,0.08466265303513139,0.13636418034943393,0.14497460521172126,0.14652330337159739,89,11,transfer,Russia,investment,construction,0,1,0,0,0,19,suspicious,2023-12-22 12:00:00
36853.32791540336,53,7388.393740594123,48,0.40305549761942805,0.1877744139153738,0.03594552934603728,0.05410740892758735,2,9,exchange,Egypt,charity,NGO,0,1,0,0,0,4,suspicious,2023-07-09 16:00:00
1879.2156576930452,55,8495.631043999765,40,0.22862384735943592,0.29741725934457375,0.0007131699673470052,0.1170050255509522,86,7,payment,Egypt,charity,real_estate,0,1,0,0,0,15,suspicious,2023-11-03 18:00:00
12888.610033022338,12,50559.33854813244,17,0.4917958143634181,0.13970379916592132,0.2336507025862388,0.021263874678039023,37,3,withdrawal,Iran,investment,construction,0,0,0,0,0,12,clean,2023-03-28 18:00:00
4804.219929041894,49,623.3467692320673,40,0.1175384802629038,0.3268040280444732,0.1030327546944115,0.27343171660552945,44,7,withdrawal,Egypt,charity,finance,0,0,0,0,0,14,suspicious,2023-06-29 12:00:00
12117.532731104779,17,2018.6205727597523,7,0.20499260172825529,0.10251576340290272,0.15386115615720916,0.28250224552579467,79,12,payment,Jordan,personal,NGO,0,0,0,0,0,4,clean,2023-08-08 06:00:00
15808.329509790405,42,4192.583024631212,8,0.3456138133137987,0.2896657887115494,0.007166269320458268,0.05051200490352471,70,8,exchange,Russia,personal,real_estate,0,0,0,0,0,3,clean,2023-03-06 11:00:00
26556.5878863354,30,3419.0162806274143,31,0.5001871542332978,0.40570272232444865,0.13806611220301115,0.05337089163014629,63,4,transfer,Saudi Arabia,business,retail,0,0,0,0,0,6,clean,2023-04-24 08:00:00
3468.037912568038,29,175.06610313544522,12,0.3246600737657139,0.5985996662097481,0.0321255139120859,0.0739965230111293,97,3,withdrawal,Unknown,investment,construction,0,0,0,0,0,15,clean,2023-06-15 04:00:00
165.85094447545794,19,770.1280286132397,48,0.5255209734981456,0.17967524067792426,0.045301336357714,0.08891980685142176,75,2,payment,Offshore,personal,NGO,1,0,0,0,1,5,high_risk,2023-11-25 05:00:00
2208.121060310858,46,9139.342119868594,31,0.7116062899224456,0.4240201527809129,0.157472739494871,0.010608323504649745,53,14,payment,Unknown,business,construction,0,1,0,0,0,6,high_risk,2023-08-30 17:00:00
34541.572932797724,11,16917.198803847856,44,0.44270759438356416,0.5880268457399734,0.07193640237589059,0.10612349661665145,76,8,transfer,Iran,investment,NGO,0,1,0,0,0,12,suspicious,2023-04-24 08:00:00
31059.020280796838,34,5776.110924622366,19,0.19466455526350399,0.26901226383971527,0.03348927758129576,0.04952610048837521,88,3,payment,Iran,charity,unknown,0,1,0,0,0,7,suspicious,2023-06-21 04:00:00
13647.664652947387,50,6198.174488747679,10,0.624941384551761,0.2883511904992019,0.34305683832911643,0.1643345719629243,3,7,exchange,Egypt,investment,NGO,0,0,1,0,0,11,clean,2023-11-11 13:00:00
13763.755777580203,7,2355.971853322359,39,0.1731051511973776,0.5405173560457657,0.10141730598309474,0.004015805490626759,94,11,exchange,Jordan,charity,real_estate,0,1,0,0,1,17,high_risk,2023-05-31 01:00:00
16406.01344111269,44,11683.88107114289,12,0.22226920248424545,0.46712361475031855,0.00043998445858438827,0.05459301209374116,19,11,withdrawal,Offshore,investment,construction,0,1,0,0,0,12,suspicious,2023-10-14 00:00:00
2892.3304295782823,58,11147.988791232883,20,0.49629977071410214,0.22466216694574337,0.14046966053522705,0.05869339911118353,45,11,deposit,Russia,charity,unknown,0,0,0,0,0,8,suspicious,2023-11-08 15:00:00
36873.14341156952,34,7100.959351735618,37,0.2862991375383747,0.33057014643465826,0.14022455276510945,0.024957990409677742,61,2,payment,UAE,investment,retail,1,0,0,0,0,13,suspicious,2023-07-10 12:00:00
8139.144515194771,59,1912.8043827059905,48,0.28481567937678226,0.1256279006552924,0.26217511660303144,0.0336162393018158,107,5,exchange,Offshore,investment,NGO,0,0,0,0,0,18,suspicious,2023-02-10 19:00:00
7246.661989918027,20,816.4232080283716,41,0.08372146487100623,0.4062876336878652,0.11822979774843448,0.008544001803082195,55,5,transfer,Unknown,personal,construction,0,1,0,0,0,19,suspicious,2023-04-24 01:00:00
10975.753989340215,50,531.1577898435639,7,0.219038634354384,0.09165239624415938,0.16457070783694155,0.30242349441002053,71,9,transfer,Kuwait,charity,construction,0,0,0,0,0,18,clean,2023-07-08 23:00:00
721.5699643796582,38,7185.56485779663,14,0.34730378761578845,0.11015157316287909,0.03353596278353238,0.21900908999064073,76,8,deposit,UAE,investment,finance,0,0,0,0,0,10,clean,2023-05-09 23:00:00
2727.9255757390847,24,13945.369192807235,11,0.201928988943972,0.33431525459424566,0.03212304876518109,0.28798637304584246,114,8,deposit,Saudi Arabia,personal,construction,0,0,0,0,0,6,clean,2023-03-29 19:00:00
20093.08635635945,10,15634.063339113289,7,0.2552384019590394,0.17291342673686796,0.26529646382879113,0.05530888472231853,29,10,deposit,UAE,personal,retail,0,1,0,0,0,5,clean,2023-10-17 15:00:00
1296.424135077654,32,4983.330249495826,29,0.500475628160254,0.036973747615728886,0.10271418293206205,0.2379004396960764,48,2,transfer,Egypt,personal,NGO,0,0,0,0,0,13,clean,2023-06-04 12:00:00
13863.033284776733,52,12269.869408441467,10,0.4407464892692659,0.5387436277778086,0.0090573768090017,0.2721524359391619,72,2,payment,Saudi Arabia,charity,unknown,0,0,0,1,0,7,clean,2023-06-28 18:00:00
4222.500504006612,15,23481.64375999758,29,0.08678495509203081,0.18859263878967608,0.14896379536234658,0.26523877994884654,63,12,exchange,Iran,personal,NGO,0,0,0,0,0,11,clean,2023-10-20 16:00:00
7397.1338538778255,37,2574.546316590568,9,0.2028667824694035,0.20455152707280835,0.32181318350710575,0.015641466113141666,21,10,transfer,Jordan,business,real_estate,0,0,0,0,0,13,clean,2023-05-22 08:00:00
5109.78287931219,20,4059.455728345834,36,0.28850545106033215,0.22857649270283945,0.09595102196138584,0.18912071014592569,57,7,exchange,Kuwait,business,retail,1,1,0,0,0,5,suspicious,2023-11-06 19:00:00
6593.227165842803,3,21444.91922647316,48,0.6132410977968061,0.08623764686937677,0.17147747562607824,0.08980166539672754,13,12,deposit,UAE,investment,real_estate,0,0,0,0,1,19,suspicious,2023-11-26 10:00:00
19043.4597995803,37,3302.709417208468,10,0.4013297362846464,0.14568108995306372,0.17555547038809843,0.20908316706407423,113,13,withdrawal,Saudi Arabia,charity,retail,0,0,0,0,0,19,clean,2023-11-03 20:00:00
5288.573094083263,57,19615.764253809997,19,0.1894808144101669,0.3562444982492932,0.07126871714547903,0.18868528493305411,27,13,payment,Iran,business,NGO,0,0,0,0,0,4,suspicious,2023-05-10 18:00:00
12534.652960585532,40,31725.44210451218,31,0.18926546210747908,0.33324802687163085,0.07602349724821568,0.20671722839158435,68,4,deposit,Russia,personal,NGO,0,0,0,0,0,12,clean,2023-06-12 02:00:00
9695.396800353927,8,8673.196524756213,17,0.0305251444806434,0.20011530040725767,0.008645433188091281,0.3565955222586844,96,3,deposit,Kuwait,business,unknown,1,1,0,0,0,18,suspicious,2023-04-02 01:00:00
16344.988846390175,40,13581.358358955227,9,0.8449393803434533,0.20606319877815002,0.002244359842212992,0.07237986188322376,88,13,exchange,Kuwait,charity,finance,0,0,0,0,1,3,suspicious,2023-09-23 12:00:00
41428.824712694535,44,11075.826144799343,45,0.18922916363178735,0.07394849743746058,0.09724212814968447,0.2732693013841944,64,3,transfer,Russia,business,unknown,0,0,0,0,0,11,suspicious,2023-09-08 08:00:00
19783.579068825642,56,9619.372268431474,33,0.16052965071719072,0.2286485195359203,0.012613871087913349,0.210479121129501,105,7,withdrawal,Offshore,business,NGO,0,0,0,0,0,9,suspicious,2023-05-23 08:00:00
3629.9341986607096,23,2933.00658360549,34,0.38612473548671,0.09779850525948085,0.024811559449803768,0.030266319644667954,9,1,payment,Russia,business,real_estate,0,0,0,0,0,18,suspicious,2023-08-31 00:00:00
475.1951823638677,40,470.3123324187048,45,0.35892958207003794,0.5659482064087039,0.0783888450979059,0.28646358230924096,74,4,withdrawal,UAE,personal,real_estate,1,1,0,1,0,12,suspicious,2023-06-09 18:00:00
4562.539530083818,11,3361.200032917566,24,0.04820166890094001,0.08529599535448676,0.2324730565648515,0.21311330798676986,75,6,deposit,Offshore,personal,NGO,0,1,0,0,0,9,suspicious,2023-07-30 02:00:00
13560.909778096458,46,8795.364566815044,9,0.5263555174915215,0.08674185822540745,0.10008606514038898,0.08007958936012492,97,9,withdrawal,Iran,business,construction,0,0,0,0,0,6,suspicious,2023-05-06 01:00:00
791.9291714966203,8,865.3975359460361,7,0.1592057388481888,0.5572840228951025,0.06442672976546969,0.20254239916054254,113,12,payment,Jordan,personal,NGO,0,0,0,0,0,2,clean,2023-06-04 14:00:00
10288.589340392833,29,100.0,16,0.2228967038497635,0.30853096097909805,0.3096118313474426,0.06718442271846782,7,1,deposit,Jordan,business,finance,0,0,0,0,0,1,clean,2023-04-26 22:00:00
13626.432599813403,30,1203.7219793645454,19,0.6463903300210974,0.19290242865973745,0.005515740974387336,0.1476609016951525,11,1,payment,UAE,business,unknown,0,0,0,0,0,4,clean,2023-05-24 18:00:00
6102.478169071505,56,10062.813090155743,39,0.05417940231829003,0.28560896485796705,0.0461469512202738,0.25432791046622255,109,2,withdrawal,UAE,business,NGO,0,0,0,0,0,18,clean,2023-06-29 10:00:00
22104.74938720102,10,28834.45420589542,6,0.29375395941432353,0.47713221883971396,0.1468687603475177,0.11664303134114164,28,7,deposit,Jordan,investment,unknown,0,0,0,1,0,4,clean,2023-09-08 05:00:00
1690.78372147017,39,32626.840442666195,11,0.2682410176642265,0.2162213409214449,0.08488005110637088,0.02386952711402631,102,7,deposit,Jordan,investment,real_estate,0,0,1,0,0,11,clean,2023-05-28 16:00:00
1171.657586883705,28,5449.419226486688,12,0.08311427672945457,0.4682823183563925,0.35789690951013425,0.04390093594670496,94,14,payment,Egypt,investment,finance,0,0,0,0,0,1,clean,2023-09-20 06:00:00
19539.71115324589,49,16282.007192418654,42,0.15809285358717004,0.37297134764037454,0.2856532179267474,0.05496023763649885,119,5,transfer,Russia,charity,unknown,0,0,0,0,0,7,suspicious,2023-11-30 06:00:00
10262.55339994603,36,10679.532802849724,13,0.24901885002751883,0.40818210277564093,0.16375323621281765,0.08719832584406567,72,4,deposit,Russia,charity,finance,0,0,0,0,0,11,clean,2023-03-07 17:00:00
17490.639835997114,13,5561.838573772002,12,0.23421654155435048,0.11598613594050895,0.1444207610677926,0.18357330595559962,27,13,payment,Offshore,investment,finance,0,0,0,0,0,16,suspicious,2023-08-17 02:00:00
8559.35998693286,32,6803.28488158929,21,0.2200510159535976,0.3367737051684548,0.09582097922894707,0.024242132270476575,22,10,payment,Unknown,personal,unknown,0,1,0,0,0,19,suspicious,2023-07-13 20:00:00
4243.443806377974,36,1180.8306268538443,10,0.10362922978395586,0.12560476829193726,0.298523804353015,0.04448271734758183,42,13,payment,Egypt,charity,NGO,0,0,0,0,0,13,clean,2023-06-07 22:00:00
25647.355478567937,37,22201.403478106462,20,0.496233396048682,0.5578427255986996,0.06247759820146494,0.05427780929410673,32,6,transfer,Jordan,investment,finance,0,0,0,0,1,1,clean,2023-07-01 18:00:00
24097.82345940285,26,3470.049680016346,36,0.5398582919283599,0.3781064187929846,0.003377888839388573,0.008064030220812332,14,8,exchange,UAE,investment,NGO,0,0,0,0,0,12,clean,2023-07-25 03:00:00
17796.732295636823,22,4726.880356172247,28,0.11518794313357231,0.16931562421336938,0.007580960263898293,0.14141660038049553,26,12,deposit,Jordan,investment,retail,0,0,0,0,0,1,clean,2023-04-30 07:00:00
4764.804224820481,4,8909.650605189017,24,0.17138231627702805,0.10087202124185841,0.30580708543044555,0.02190048843164919,108,7,withdrawal,Offshore,personal,real_estate,0,0,0,0,0,14,clean,2023-09-04 11:00:00
13382.413195851963,31,3250.5534401087607,5,0.19018838788975626,0.3761126289359669,0.04143793488572546,0.04710085855392725,55,2,payment,Saudi Arabia,business,finance,1,0,0,0,0,13,clean,2023-02-11 23:00:00
6717.1496336973305,18,2347.0171194036866,37,0.3238853886802373,0.07830792384306565,0.08748703576922415,0.12307060403187975,75,11,withdrawal,Kuwait,charity,finance,0,0,0,0,0,16,clean,2023-12-25 21:00:00
1440.7610190997984,38,7976.74000801712,12,0.2735038876920478,0.22001110365150983,0.015111084339390833,0.012202637079771837,71,2,payment,Jordan,business,retail,0,0,0,0,0,5,clean,2023-08-10 14:00:00
37390.49765306462,24,202.4118580222845,35,0.5093217486631368,0.32382611976432685,0.10043979704214852,0.008778842627529445,55,6,payment,Offshore,personal,construction,0,1,0,0,0,4,suspicious,2023-03-16 05:00:00
2206.9567322928006,56,10204.469765273901,40,0.13979616367904932,0.37445738120963246,0.3070713941812247,0.034401599618279106,45,12,deposit,Kuwait,business,finance,0,0,0,0,0,4,clean,2023-10-11 23:00:00
45007.35979684144,23,5772.757939227824,2,0.4854521835042943,0.43187184178233273,0.06840961823110568,0.2546871496121061,30,1,transfer,Jordan,charity,unknown,0,0,0,0,0,8,clean,2023-07-19 15:00:00
8859.015191863084,22,7446.2361240559185,41,0.36961868677751003,0.3467089693037566,0.0817749059211115,0.11411106907513431,66,5,transfer,Saudi Arabia,personal,NGO,1,0,0,0,0,15,suspicious,2023-03-29 20:00:00
3070.954228701987,2,7994.773916852894,45,0.18312667796411985,0.5124873051150146,0.005400538028033444,0.06441481927836844,99,14,withdrawal,Saudi Arabia,charity,NGO,0,0,1,1,0,16,suspicious,2023-01-20 13:00:00
11710.047692276048,31,5990.127481672606,39,0.4759607164569466,0.42877200041633906,0.020223795916923297,0.09079996382423629,26,1,exchange,Kuwait,charity,construction,0,0,0,0,0,7,clean,2023-05-18 08:00:00
30947.12691423088,55,6988.413136110425,42,0.31415867943547854,0.25414351462449075,0.030881657771368767,0.1358945266964237,89,7,transfer,Offshore,charity,NGO,0,0,0,0,0,8,suspicious,2023-07-24 00:00:00
19764.116686957106,11,9210.744316513403,9,0.1249713200345534,0.4820792146150142,0.02872195729436801,0.11520138422729059,1,3,transfer,Unknown,investment,NGO,0,0,0,0,0,18,suspicious,2023-09-25 13:00:00
24641.90739110636,28,11190.785766566474,22,0.39708009393168997,0.12431038605037742,0.006209815130961648,0.298408144840739,93,9,exchange,Egypt,charity,NGO,0,0,0,0,1,16,suspicious,2023-09-13 10:00:00
16128.56572755604,46,10399.535754099074,47,0.23224285245722792,0.21548096169851855,0.09057740208507477,0.016829541696868504,24,5,transfer,Iran,business,construction,0,0,0,0,0,15,suspicious,2023-03-09 22:00:00
17678.307542122984,32,16298.198776463365,5,0.6457106694868895,0.23305704078357414,0.2479979195205643,0.16693111088176352,55,1,deposit,Iran,personal,retail,0,1,0,0,0,16,suspicious,2023-09-01 11:00:00
28376.579820754192,5,1680.273181822321,12,0.14718122068317013,0.4555223604094669,0.32015097442692014,0.01781273289133238,102,10,deposit,Jordan,investment,unknown,0,0,0,0,0,16,clean,2023-11-01 10:00:00
4308.592733101802,38,4101.925911321844,1,0.2898801421887009,0.07869187600832464,0.03713629702929254,0.004069352924491731,65,4,withdrawal,Unknown,charity,NGO,0,0,0,0,0,2,clean,2023-08-11 20:00:00
10083.26499256862,10,23620.779385804217,44,0.16714025259162815,0.3253528610996269,0.10197453276439031,0.201875016949543,25,8,withdrawal,Saudi Arabia,charity,construction,1,1,0,0,0,6,suspicious,2023-06-30 04:00:00
3750.196936591835,40,4041.2746523291635,22,0.23548402285857398,0.026846539238896423,0.0313256574749477,0.15333080467834875,98,14,withdrawal,Russia,business,finance,0,0,0,0,0,11,clean,2023-04-04 06:00:00
65933.37626107995,46,1067.063360888187,38,0.05108687080073301,0.24690410771428367,0.027326937634943673,0.037400749976607875,42,7,deposit,Egypt,charity,retail,0,1,0,0,0,5,clean,2023-08-02 13:00:00
43251.956809806215,24,5963.024179509852,19,0.11002388440177611,0.06763710098158163,0.05436940361849869,0.03294667886943917,44,6,withdrawal,Iran,personal,retail,0,1,0,0,0,15,suspicious,2023-09-30 00:00:00
603.3765180806863,35,927.6963104143773,16,0.06691859599557652,0.4939385959618841,0.11899445098979117,0.11931217722729559,69,9,withdrawal,Saudi Arabia,charity,retail,0,1,0,0,0,14,suspicious,2023-01-02 12:00:00
18340.973447935936,44,1813.731800166972,31,0.31336135701878454,0.28826029341683457,0.01995983034462723,0.11587194473754348,105,12,deposit,Jordan,investment,NGO,0,0,1,0,0,16,suspicious,2023-02-10 21:00:00
38903.75336212883,48,51105.77298397996,3,0.25633812377564674,0.458808274215578,0.061729762458523615,0.09316676668894343,12,12,exchange,UAE,charity,real_estate,1,0,1,1,0,16,high_risk,2023-12-12 13:00:00
2987.29238081775,23,6235.963544401288,23,0.30680859921207687,0.35914038044155844,0.025395355120917756,0.22419279953730753,8,14,withdrawal,UAE,investment,construction,0,0,0,0,0,9,clean,2023-05-25 01:00:00
12588.043764688535,17,2673.253314287469,42,0.2964079056711756,0.13219606983218016,0.06263177573828108,0.24778361913345975,106,4,transfer,UAE,charity,NGO,0,0,0,0,0,19,clean,2023-10-18 21:00:00
37062.97896188295,1,42034.3342974383,18,0.3815736795386159,0.14364607311716512,0.11745047446543196,0.021365825400290032,63,10,deposit,UAE,personal,unknown,0,0,1,0,0,5,clean,2023-10-05 06:00:00
518.0328531631772,55,27183.7612114432,26,0.06859946837079905,0.3368238331113729,0.006914429368406389,0.27883776344391265,78,12,exchange,Iran,charity,unknown,1,0,0,0,1,8,high_risk,2023-06-19 07:00:00
17931.15685339328,31,4649.112664537723,13,0.045909718802066075,0.2640623950763117,0.02930985236582552,0.024503647034782215,20,14,transfer,Unknown,personal,real_estate,0,0,0,0,0,14,suspicious,2023-09-30 10:00:00
5293.424471178192,31,2413.199862518531,18,0.2831866242706098,0.18981979821131365,0.02272648376049817,0.23777829304854625,111,1,transfer,Russia,personal,NGO,0,1,0,0,0,9,suspicious,2023-06-20 20:00:00
38733.730070335136,42,14581.031146952979,3,0.1311917349714964,0.5785442150340493,0.13186356097786256,0.1925463874349208,40,14,payment,UAE,charity,finance,0,0,1,0,0,12,clean,2023-04-10 10:00:00
53137.0488393338,57,10059.571425537799,23,0.1727127120638288,0.23149224592805262,0.14993103348765782,0.02479115428543308,73,12,exchange,Saudi Arabia,investment,construction,0,1,0,0,0,15,suspicious,2023-08-22 02:00:00
43307.60521861462,55,9290.919978637075,3,0.39981815065279946,0.05717886084910619,0.11149194112364978,0.2718380345356403,5,10,payment,Iran,business,retail,0,0,0,0,1,14,high_risk,2023-06-25 05:00:00
9642.921077976875,42,17887.920103379245,25,0.227532182911388,0.5060367281432271,0.03539376612896541,0.10351290724073939,1,6,deposit,Kuwait,investment,real_estate,0,0,0,0,0,2,clean,2023-09-29 16:00:00
29712.160601030373,53,9354.43626858539,27,0.39099235420149153,0.393145545283289,0.12045687930301406,0.050699907142192746,11,4,exchange,Kuwait,charity,real_estate,1,0,0,1,0,4,suspicious,2023-10-31 06:00:00
27921.409099486184,56,2670.3435950174226,44,0.5042881717594425,0.3871485955140438,0.05627407702149377,0.03910141367959034,118,1,payment,Iran,business,construction,0,0,0,1,0,8,suspicious,2023-03-29 00:00:00
5765.107822793016,34,9469.784748590566,27,0.2852315842956066,0.28628469939014134,0.18075634770891116,0.21236888964943743,4,10,deposit,Egypt,charity,unknown,1,0,0,0,1,2,suspicious,2023-01-15 16:00:00
26483.963120919798,9,2920.117110746775,39,0.5739087701953813,0.10147837029799636,0.030698029098616374,0.01136613608303353,38,3,withdrawal,Iran,business,NGO,0,1,0,0,0,19,suspicious,2023-06-03 06:00:00
565.6469290336458,22,11391.60363442177,25,0.16177789168944498,0.631915016713926,0.00461186266692498,0.015257324025539344,17,11,transfer,UAE,investment,construction,0,0,1,0,0,18,suspicious,2023-03-23 04:00:00
13605.129604317104,13,7735.365643967259,24,0.1351135552621585,0.11136080255095109,0.30417942057964625,0.052979619274288646,68,1,deposit,Russia,investment,unknown,0,0,0,0,0,6,clean,2023-06-09 20:00:00
3920.6436179592856,25,644.5762324495861,8,0.23675500359878007,0.1529847149923489,0.20772290492429635,0.15711833846874526,32,5,exchange,UAE,personal,construction,0,0,0,0,0,16,clean,2023-01-16 13:00:00
1927.1665120746607,48,5753.225185725422,9,0.164526487976559,0.220098727753684,0.047633551606338156,0.11654021219495042,5,8,transfer,Russia,personal,unknown,0,1,0,0,1,1,high_risk,2023-08-04 00:00:00
1201.1301495657412,18,3364.235693151864,46,0.2530427949307719,0.13478549747817775,0.13921250439030608,0.06741041764848431,22,12,transfer,Unknown,charity,NGO,0,0,0,1,0,9,suspicious,2023-12-28 06:00:00
17875.169245323556,51,3186.771640381401,37,0.5457533592735235,0.5832477812199967,0.24583627532814367,0.08810987830002111,78,14,deposit,Egypt,charity,real_estate,0,0,0,1,0,2,suspicious,2023-07-27 02:00:00
6229.890196028506,12,7375.579655691572,30,0.10367119612142682,0.2947334184920075,0.08340355848861666,0.06682550456644396,85,13,withdrawal,Offshore,business,unknown,0,0,0,0,0,15,suspicious,2023-05-23 21:00:00
19352.046558305665,40,3112.697583846744,19,0.25665080034543425,0.06929687228073211,0.12049913572972562,0.02599600894552538,82,2,deposit,Offshore,business,construction,0,0,0,0,0,19,clean,2023-05-21 10:00:00
1013.8490323421149,17,12000.857244373088,16,0.44947111403560897,0.10441195812402024,0.011247310446567899,0.07838276057173985,67,12,payment,Jordan,personal,finance,0,0,0,0,0,9,clean,2023-06-17 09:00:00
5681.405721265173,15,587.3764928802559,24,0.3171730094227865,0.1090368190338976,0.2685610980591204,0.005032894025079855,117,14,payment,Offshore,business,construction,0,0,1,0,0,9,suspicious,2023-11-17 08:00:00
11631.352716000743,42,8639.617861353907,44,0.1876220487689337,0.0863571193925964,0.10109268596539642,0.07495821868135093,11,6,payment,Kuwait,personal,real_estate,0,0,0,0,0,5,clean,2023-11-24 20:00:00
23461.460000069812,15,13252.018286682805,21,0.19411155245459646,0.10439704012117416,0.03996309097298925,0.2571199221640621,111,6,exchange,Kuwait,personal,unknown,0,0,0,0,0,4,clean,2023-02-12 02:00:00
5757.444105602384,15,8938.244246232336,36,0.4438276047983579,0.20533443776669952,0.218356063361092,0.05429996073238536,103,5,deposit,Offshore,business,unknown,0,1,0,0,0,5,suspicious,2023-09-23 14:00:00
14748.13629603244,55,5500.966950628456,40,0.19995315795620902,0.6630231701612321,0.3099891486265234,0.08863185916074033,100,7,transfer,Saudi Arabia,charity,unknown,1,0,0,0,0,12,suspicious,2023-12-06 21:00:00
32570.424880864048,39,24015.131818323687,39,0.2190782166390574,0.19187003030051705,0.057770288977761985,0.09143596137110484,91,1,exchange,Iran,business,real_estate,0,0,0,0,0,1,clean,2023-05-28 05:00:00
14351.347636081293,13,2852.6966086573884,47,0.27095287403753343,0.0519618881691114,0.1742349162060888,0.03751089288742214,102,10,payment,UAE,charity,NGO,0,0,0,1,0,19,suspicious,2023-12-31 15:00:00
3978.234644487742,17,154.83178585556036,6,0.30430918730473094,0.6432597673221916,0.01505218049609853,0.09944904616120523,25,4,exchange,Saudi Arabia,personal,construction,0,1,0,0,1,9,suspicious,2023-08-17 22:00:00
370.55120616232836,32,4524.92118579044,5,0.05521369227753374,0.25619895520634844,0.05093246206939477,0.10094723039442134,42,11,transfer,Unknown,personal,unknown,1,0,0,1,0,12,suspicious,2023-09-17 13:00:00
30614.725295612723,9,268.5530146546642,14,0.21624185958007527,0.4362763759504178,0.3513298030949037,0.29168121465383196,103,6,exchange,Jordan,charity,finance,0,0,0,0,0,13,clean,2023-08-10 22:00:00
322.4829624039197,40,24621.91905429132,45,0.05105229024388399,0.25960922621313337,0.046227987154103714,0.19463376471031427,35,14,withdrawal,Offshore,personal,NGO,0,0,0,0,0,17,suspicious,2023-02-23 22:00:00
31155.866499062555,20,1884.948794737739,42,0.11393632634739781,0.3363970020007248,0.26426080447901473,0.22019727879624035,79,4,payment,Kuwait,personal,finance,0,0,0,0,0,3,clean,2023-08-16 22:00:00
11291.455807043316,26,12444.410777912006,4,0.21124391565946946,0.09276790492309987,0.17160464592996882,0.031677620817696386,59,6,deposit,UAE,business,retail,0,0,0,0,0,13,clean,2023-03-01 05:00:00
41969.87764188994,27,11918.038643609229,8,0.3306023200701377,0.31176219682351003,0.1382657288644789,0.23923559877194805,117,2,payment,Jordan,business,finance,0,0,1,0,0,14,clean,2023-04-28 11:00:00
24050.58784534688,21,1964.4313833412357,24,0.28599354649519837,0.2750823418395559,0.4824322600521878,0.14270501071898445,48,11,payment,Jordan,personal,retail,0,0,0,0,1,4,suspicious,2023-11-26 10:00:00
92732.9161627099,18,7766.535666795387,11,0.05622644969889527,0.26713658219305814,0.236121594086711,0.2232571421157201,85,9,deposit,Jordan,business,unknown,0,0,0,0,0,4,clean,2023-12-05 10:00:00
6478.179252724256,13,394.18558177703864,17,0.47729448704370453,0.34483545284557376,0.1423125315382131,0.11321516300472952,3,4,deposit,Kuwait,personal,real_estate,0,0,0,0,1,1,suspicious,2023-10-19 23:00:00
21862.878886671868,16,5286.595254875356,21,0.19879907714284992,0.5972867726620108,0.026971990807052332,0.2543572880482039,24,13,transfer,Offshore,personal,real_estate,0,1,0,0,0,6,suspicious,2023-06-11 11:00:00
7710.735039344113,9,118.04364432884178,26,0.3346154179043382,0.720463768096907,0.0797143794884141,0.2153369095139313,119,5,transfer,Egypt,charity,real_estate,0,0,0,0,0,11,clean,2023-12-21 01:00:00
9805.30956427787,12,20321.04284121829,43,0.1463059665156274,0.14695402372508148,0.08103649671432708,0.18337574784746274,108,7,withdrawal,Jordan,business,unknown,0,1,0,0,0,2,clean,2023-05-10 07:00:00
14812.993614421732,44,29866.337835414975,48,0.3152610306849136,0.20070077452600338,0.008471358011388132,0.22768448513379244,69,8,exchange,Egypt,business,unknown,0,0,0,0,0,19,clean,2023-07-04 13:00:00
31033.71096048585,38,2011.1381930548312,44,0.5123492200305838,0.2324970055738546,0.04299452927842751,0.0873544539671813,101,1,exchange,Offshore,personal,construction,0,0,1,0,0,18,suspicious,2023-09-11 02:00:00
62105.955552619635,19,1866.622225574738,45,0.2780673788599246,0.176647259705756,0.02252873392208581,0.3158792940369054,33,7,exchange,Jordan,charity,NGO,0,0,0,0,0,16,clean,2023-10-24 02:00:00
21932.956655088376,7,11210.295166844935,27,0.15751119537879968,0.26489140490597485,0.003523385622463682,0.20486922002866775,88,10,payment,Egypt,investment,finance,0,0,0,1,1,3,suspicious,2023-04-08 12:00:00
8113.2629038671275,57,2337.584956520666,16,0.1425346737889799,0.8096854328890339,0.025051619531932395,0.049065325113332205,70,9,payment,Unknown,business,unknown,0,0,0,0,0,1,suspicious,2023-03-24 00:00:00
8206.043637285362,35,18036.19463717955,26,0.2284727323906531,0.32394500668674875,0.011181167122005524,0.24123616640550355,47,2,deposit,Unknown,investment,finance,0,0,1,0,0,2,clean,2023-05-26 11:00:00
20067.266639604983,48,6825.196795342132,33,0.27690742329652135,0.22298391742317866,0.14196515772982599,0.1286264168640281,53,11,withdrawal,Offshore,business,real_estate,1,0,0,0,0,13,high_risk,2023-07-04 21:00:00
4092.4368008939146,18,3455.8398029992213,31,0.08575462345408377,0.3611689336877663,0.04241026984529929,0.01469844536167656,45,2,withdrawal,Kuwait,personal,finance,1,0,0,0,0,14,suspicious,2023-09-10 17:00:00
1756.0000437099222,16,14303.434334623655,48,0.17656126281407047,0.49149265363537653,0.027759633124044617,0.048152079810265126,71,11,exchange,Iran,business,construction,0,0,0,0,0,8,suspicious,2023-08-01 15:00:00
6568.789973911747,55,5440.374141939572,47,0.5280604060827006,0.21837217234540932,0.06915474239640204,0.07853923563088132,114,4,deposit,Egypt,business,real_estate,0,0,0,0,0,14,suspicious,2023-03-05 12:00:00
5079.13659626739,39,19410.04564550726,6,0.1945413159564688,0.20844807029524648,0.13595606656929674,0.1615557731076181,83,12,exchange,Saudi Arabia,personal,finance,0,0,0,0,0,6,clean,2023-10-20 21:00:00
5271.220345984583,4,21050.295294961717,44,0.03137966560534934,0.3345562986504844,0.05637381818994583,0.27511261798360415,57,1,payment,Jordan,charity,construction,0,0,0,0,0,12,clean,2023-01-26 19:00:00
3990.9174893924514,59,1446.6148557487693,8,0.1394595720655908,0.34092865875198713,0.049035117763053554,0.03164102020112111,85,9,deposit,Jordan,business,NGO,0,0,0,0,0,4,clean,2023-09-24 13:00:00
645.0717140602098,25,100.0,7,0.2462714108251806,0.29202325265507945,0.004741059988401122,0.13410555608342575,70,12,exchange,Iran,personal,finance,0,0,0,0,0,9,clean,2023-09-23 11:00:00
270.5340424792359,32,33046.87683115052,34,0.177797786867308,0.08103992229648006,0.1625907252982397,0.20786497647842453,40,5,withdrawal,Russia,personal,construction,0,0,0,0,0,7,clean,2023-02-02 13:00:00
65999.66968668453,40,18927.39774763289,44,0.3994584897869793,0.2632827774306981,0.004595372950167297,0.004049036052853698,3,3,transfer,Kuwait,charity,finance,1,1,0,0,1,1,high_risk,2023-08-11 00:00:00
8373.29620338153,13,456.3328912548979,14,0.39431139706661505,0.14998395678561655,0.12127448029132334,0.08178436925306994,49,6,payment,Saudi Arabia,investment,real_estate,0,0,1,0,0,4,clean,2023-11-27 13:00:00
7275.5809118297675,45,14319.733287328983,16,0.021722598336025425,0.09863528617612395,0.02420365796279539,0.1868963275231505,14,7,exchange,Iran,charity,real_estate,0,1,0,0,0,6,suspicious,2023-03-11 22:00:00
17074.989729396708,17,4897.035514118048,43,0.2549449489445414,0.12444273870894111,0.08777545673055617,0.14852573415794176,20,4,deposit,Russia,personal,retail,0,0,0,0,0,11,suspicious,2023-04-09 10:00:00
3693.378839114,49,2397.6227195792,9,0.1152029675283075,0.21350067245435575,0.0258170101777692,0.31823294344201025,78,14,deposit,Jordan,personal,construction,0,0,0,0,0,8,clean,2023-02-17 16:00:00
44924.343806096644,37,16878.976630958467,10,0.10406166189156638,0.03778681838218245,0.03923145595317008,0.16881963858378254,66,14,exchange,Egypt,personal,finance,0,0,0,0,0,13,clean,2023-10-31 17:00:00
23150.891728133793,6,1751.8899630887481,17,0.5935636271771894,0.2510907869760353,0.2952275235068334,0.18123409601776144,25,13,withdrawal,Jordan,business,NGO,0,0,0,0,0,9,clean,2023-08-31 09:00:00
1404.9545796151042,19,23545.118499443182,12,0.15600480925979324,0.4790958916504751,0.014086664082386359,0.034447871634867996,4,14,exchange,Jordan,business,finance,0,0,0,0,0,19,clean,2023-12-04 11:00:00
8108.4716105008465,13,1841.5617246715926,6,0.11394598492701503,0.09230002526790729,0.0027886051980266385,0.1905630450326598,41,2,payment,Kuwait,investment,finance,0,0,1,0,0,18,clean,2023-04-11 17:00:00
31694.1444021128,57,7608.779911798989,19,0.322041647534774,0.38658390528562875,0.003752179126488734,0.04644772505887687,119,12,deposit,Jordan,investment,unknown,0,0,0,0,0,19,clean,2023-03-04 23:00:00
43433.424046812484,26,2019.4083795028855,43,0.48083390985930763,0.31364660431501185,0.05987778180156574,0.06177253518580271,63,5,payment,Russia,business,construction,0,0,0,0,0,5,clean,2023-04-06 17:00:00
9449.811646520884,14,6311.428274242116,41,0.09447467377958224,0.16370114970346158,0.04791062775225244,0.14254280714481044,48,12,transfer,Offshore,business,finance,0,0,0,0,0,10,suspicious,2023-06-08 00:00:00
14255.912588646548,31,9215.474925535536,29,0.12348497921390435,0.3565185714986643,0.07764153456865075,0.046880990984576126,55,14,withdrawal,Unknown,charity,retail,0,1,1,0,0,15,suspicious,2023-02-16 21:00:00
2741.435838851978,54,1688.0197359136055,6,0.2942400230616854,0.3732727365823464,0.07491689930831669,0.22271344808439808,97,7,exchange,Russia,business,real_estate,0,0,0,0,0,8,clean,2023-11-23 04:00:00
70941.67029139219,4,5886.530084152947,25,0.6315198751416798,0.13138842145691312,0.4442079933422916,0.0829775176630569,2,10,exchange,UAE,investment,unknown,0,1,0,0,0,19,suspicious,2023-01-23 14:00:00
3953.0724752652495,39,5064.846216368,24,0.3035135654312956,0.2899065851599811,0.009527869639622887,0.051969691773317866,23,10,withdrawal,Jordan,personal,unknown,0,0,0,0,0,8,clean,2023-09-15 19:00:00
42900.139972408324,8,589.4945788882991,25,0.5656975822865379,0.5080843822580127,0.15834560330619507,0.04473371310158462,108,3,deposit,Russia,business,real_estate,0,0,0,0,0,15,suspicious,2023-12-01 22:00:00
15732.195892028401,25,13643.530637489237,16,0.6420299221182524,0.7416537067044614,0.04709791085437159,0.05994181317060341,48,2,exchange,Iran,charity,NGO,0,0,0,0,0,19,suspicious,2023-03-26 03:00:00
14037.33334308291,13,3271.9594526054702,16,0.32838431446506366,0.5679331768545043,0.04086720543541752,0.05580426121987173,85,2,withdrawal,Saudi Arabia,personal,NGO,0,0,1,0,0,4,clean,2023-08-23 03:00:00
10782.776288886618,32,6837.4682269235645,6,0.3767705822363964,0.11035046774200531,0.08426416641999877,0.016762388747531363,119,11,exchange,Russia,business,unknown,0,0,0,0,1,3,suspicious,2023-11-16 11:00:00
3933.5254207794396,59,5785.292884370439,37,0.18452661377260854,0.3753998220156225,0.12256530556958856,0.16072254959116544,15,12,deposit,UAE,business,retail,0,0,0,0,0,5,clean,2023-09-30 11:00:00
2913.386550350509,38,5760.209728008833,21,0.41957294066077505,0.2560067370999542,0.0266605494267981,0.010771764292072255,51,12,withdrawal,Saudi Arabia,personal,retail,0,0,0,0,0,12,clean,2023-04-04 05:00:00
3736.2734793076015,38,907.3421663080223,4,0.1415866582536039,0.16137732559293208,0.020729232037651615,0.10404514962612171,24,11,deposit,UAE,personal,real_estate,0,1,0,0,0,16,suspicious,2023-03-08 04:00:00
3095.0019533182526,56,4405.989863256787,34,0.1268491719144591,0.14041901260821685,0.07850204536437139,0.057453939807697765,20,4,exchange,Unknown,personal,construction,1,0,0,0,0,8,suspicious,2023-08-02 17:00:00
22683.611363591946,28,4817.19587775578,28,0.4509169341674394,0.04728061236568353,0.0940951404464829,0.35652406701701417,56,4,withdrawal,UAE,charity,NGO,1,0,1,1,0,18,suspicious,2023-08-27 19:00:00
6464.634616096115,53,10583.337323411428,38,0.16768021529751131,0.28341255189469317,0.2057894782082282,0.017121754261190236,38,14,transfer,Saudi Arabia,charity,unknown,0,0,0,0,0,12,clean,2023-12-14 06:00:00
893.7451249915272,30,14661.593361438447,41,0.3112703131543445,0.07862521076042467,0.04244772798313216,0.34322184692522034,25,5,exchange,Egypt,charity,finance,0,0,0,0,0,5,clean,2023-08-24 23:00:00
52156.26324790162,3,6299.351292471668,28,0.39076577413443314,0.5330649194602677,0.03863227184498299,0.21939161203917534,86,3,withdrawal,UAE,personal,NGO,0,0,0,0,0,8,clean,2023-12-27 06:00:00
32284.814550390005,28,726.2535867458278,17,0.1731158236047595,0.6088670743384359,0.02091822289161197,0.00346290240275655,52,11,transfer,Jordan,business,finance,1,0,0,0,0,8,suspicious,2023-08-12 03:00:00
39414.81830710132,3,2162.3998473039446,14,0.09949405575423456,0.02751612193374914,0.024799480193681563,0.13016555433611351,51,14,withdrawal,Iran,personal,retail,0,0,0,0,0,1,clean,2023-03-04 20:00:00
79200.7465357456,45,1441.956379961438,7,0.036005996836174115,0.2140425349991223,0.08648929023345411,0.12690347536925234,47,1,payment,Unknown,investment,construction,0,0,0,0,0,8,clean,2023-07-13 02:00:00
2865.50544864278,54,1064.7324926441709,22,0.1391470264482049,0.42595023854365777,0.10249611725675176,0.1939373437101071,68,13,payment,Iran,business,construction,0,0,0,0,1,19,suspicious,2023-10-31 19:00:00
7568.727823408211,34,3644.380017361336,1,0.6510126073390348,0.08826007956309552,0.008777167552458151,0.11826924870379335,80,4,withdrawal,Egypt,business,NGO,0,0,0,0,0,18,clean,2023-07-03 09:00:00
21297.05213221906,16,2084.6193170850033,29,0.14102922059165787,0.6727614932291388,0.03699614622478196,0.15617805063221976,64,1,withdrawal,UAE,personal,unknown,0,0,0,1,1,10,suspicious,2023-05-05 08:00:00
17861.93103632006,22,1970.3057967164473,31,0.04467658056046121,0.11389987547003433,0.20983388772265013,0.17762430588448563,43,13,payment,Saudi Arabia,investment,NGO,0,0,1,0,0,8,clean,2023-11-01 14:00:00
2506.693271902603,32,449.96576958746107,30,0.5582407707059253,0.6889030032303379,0.18064441683313928,0.08160511578470103,71,12,exchange,Iran,charity,unknown,0,1,0,1,0,13,high_risk,2023-01-30 23:00:00
25378.695044794727,38,142.62419040656388,15,0.11620493645829469,0.25046436344570955,0.027295228944539836,0.26461844902208287,88,8,payment,Saudi Arabia,personal,real_estate,0,0,0,1,0,5,clean,2023-03-14 14:00:00
3812.5600086087943,8,867.5286471738345,18,0.38655514194367746,0.12659702269336862,0.26504246729403513,0.12771213673055087,98,5,payment,Russia,business,retail,0,0,0,0,0,11,clean,2023-02-04 05:00:00
3800.516309544646,55,1511.8452380983927,35,0.04990729557129281,0.21074968564408783,0.06279390102110888,0.15974125694969585,57,2,payment,Jordan,personal,real_estate,0,0,1,0,0,8,clean,2023-07-16 19:00:00
11549.594764362555,8,4510.769993726505,30,0.34233088615895974,0.20694537450083744,0.043282737100635855,0.012618561538988141,39,12,deposit,Unknown,investment,real_estate,0,0,0,0,0,19,suspicious,2023-12-21 20:00:00
13481.917862803784,57,5715.2976775541865,34,0.5281057611267155,0.6308455251081437,0.06728914410733665,0.027912051653357205,119,5,exchange,Unknown,personal,construction,0,0,0,0,1,19,high_risk,2023-03-17 12:00:00
13015.58768294201,6,1212.0912292134037,42,0.12131372237284965,0.07761441863720855,0.22280470108073763,0.47841399701443654,29,5,deposit,Kuwait,investment,unknown,0,0,0,0,0,9,clean,2023-08-31 22:00:00
1439.188544565206,14,4424.068094446717,11,0.1024993495472728,0.3358633292017535,0.41599404301017445,0.09329425657241276,108,1,exchange,Saudi Arabia,business,finance,0,1,0,0,0,16,suspicious,2023-09-16 21:00:00
31489.872169371352,32,3345.3497751390423,27,0.3150640503275923,0.4519384064034627,0.14458743483646896,0.41599879251727057,26,5,deposit,Unknown,investment,real_estate,0,0,0,1,0,12,suspicious,2023-02-01 19:00:00
4630.522465005233,35,1621.0788328109584,24,0.21006260379157152,0.2069318516147389,0.02514960457024174,0.15916550288174994,14,8,deposit,Egypt,personal,retail,1,0,0,0,0,4,clean,2023-12-29 21:00:00
2080.569914541005,10,100.0,35,0.39091560626631044,0.1274570527021355,0.08597678010117134,0.10117327829520682,64,10,withdrawal,Jordan,charity,real_estate,0,0,0,0,0,4,clean,2023-10-05 16:00:00
32939.371477200504,3,5034.139008454504,39,0.49470378839834606,0.14667309633092476,0.0023763509309594334,0.15338907608392427,47,2,payment,Russia,charity,finance,0,0,0,0,1,12,suspicious,2023-11-05 22:00:00
46735.14529129919,59,9258.030630993046,8,0.2784648130919117,0.4830971006902329,0.049013796146442606,0.11418839247816008,20,8,withdrawal,Jordan,charity,finance,0,0,0,0,0,14,clean,2023-01-09 07:00:00
29721.401767124433,12,2052.3342595927406,18,0.5252811563715021,0.39038944782757856,0.04502375188124281,0.18789334246544936,7,13,withdrawal,Saudi Arabia,investment,retail,0,1,0,0,0,16,suspicious,2023-12-23 11:00:00
24872.812046004186,49,1130.7283430362975,13,0.44283095217900875,0.512759398293721,0.13271538118021067,0.17168077754857658,82,8,withdrawal,Unknown,investment,NGO,1,0,1,0,0,12,suspicious,2023-01-13 01:00:00
15973.6875179793,59,17445.966410190955,45,0.1051226205039511,0.27636697548920275,0.3768777494071269,0.15439274698188388,107,12,transfer,Offshore,investment,finance,0,0,0,0,0,15,suspicious,2023-03-25 01:00:00
12006.221723548482,31,2572.9423492793658,24,0.24248273033797488,0.3708044448137392,0.131332679835644,0.38034289870415056,74,1,exchange,Saudi Arabia,business,finance,0,0,0,1,0,1,clean,2023-06-10 21:00:00
1365.073451285262,29,2024.8294564825771,23,0.09731858362921995,0.5560761561088042,0.0697303396854785,0.09953167320379878,110,4,withdrawal,Russia,investment,NGO,0,0,0,0,0,8,clean,2023-06-04 14:00:00
7875.217498653972,5,15564.71022375955,12,0.38419957484672423,0.4776792371573228,0.10769522740430826,0.04299903616246898,94,5,withdrawal,UAE,personal,finance,0,1,0,0,0,3,clean,2023-11-20 04:00:00
6994.681179459242,52,13590.836310477618,49,0.3380427433829219,0.4692169641755968,0.005098213429518161,0.16166284451327095,67,10,transfer,Offshore,personal,real_estate,0,0,0,0,0,12,suspicious,2023-07-08 09:00:00
4511.586352144267,25,4758.680750099616,30,0.24237833015593205,0.13155319055530795,0.5242682522585305,0.15249641866670183,114,8,transfer,Iran,charity,retail,0,0,0,0,0,6,suspicious,2023-12-08 01:00:00
19278.833699956027,41,5374.825898043887,31,0.18212507415710308,0.3688091632238204,0.10824483352209732,0.3218017375572569,108,3,payment,Iran,business,real_estate,0,0,0,0,0,9,suspicious,2023-12-29 02:00:00
10273.987258764804,31,1964.6339259308124,28,0.17116276299390953,0.16577194335630846,0.01744840470043589,0.04466686626183698,53,1,withdrawal,Saudi Arabia,charity,NGO,0,0,0,0,1,6,clean,2023-10-13 15:00:00
1267.7917085333781,21,652.2984029906354,22,0.15300228479065994,0.1431448026817416,0.23663950406352913,0.07093833666529306,65,7,exchange,Saudi Arabia,investment,retail,0,1,0,0,0,15,clean,2023-05-06 20:00:00
3730.443917706247,58,6815.864624493797,44,0.2836844180288076,0.709701897401203,0.08383017298059703,0.03294010877156305,30,4,withdrawal,Jordan,investment,finance,0,0,0,0,0,4,suspicious,2023-11-10 04:00:00
17245.051913958734,20,828.1858279452388,28,0.11521873962180516,0.4381604304685861,0.008575672613390492,0.01816226232352939,109,10,payment,UAE,investment,finance,0,0,0,0,0,5,clean,2023-03-16 13:00:00
1187.7726029236846,39,4772.15091476709,13,0.19926032687927073,0.3464425049740931,0.2083650365131115,0.13613346226274142,66,12,withdrawal,Jordan,investment,unknown,1,0,0,0,0,17,suspicious,2023-08-10 17:00:00
28577.979345663072,22,22573.85506979212,25,0.12563409856478377,0.13615593649039995,0.07658303331552481,0.12220781619392054,15,5,transfer,Unknown,charity,finance,0,0,0,0,0,9,clean,2023-09-09 21:00:00
10252.305664681176,4,24432.721888476633,44,0.643345940905428,0.23119810546948874,0.15832904690337218,0.049490359219577285,75,6,transfer,Kuwait,investment,retail,0,0,1,0,0,11,clean,2023-07-17 02:00:00
9825.827061533864,13,2188.46928869079,46,0.13982261281501734,0.3635502719397735,0.003771661558453663,0.18430909680216254,96,4,payment,Kuwait,charity,construction,0,1,0,0,0,7,clean,2023-02-24 12:00:00
13462.321148821122,45,7827.742641240498,7,0.23753153471321636,0.14106758815968853,0.2869463171848016,0.09756439169484797,70,1,payment,Saudi Arabia,charity,retail,0,0,0,0,0,6,clean,2023-12-20 13:00:00
26117.21869416715,42,5140.79252443622,45,0.16592812734868592,0.08780292088861849,0.0784903547760803,0.1846893720150771,70,11,transfer,Egypt,business,finance,0,0,0,0,0,11,clean,2023-07-01 14:00:00
6411.2720091782285,50,16679.501106203083,6,0.3800226292016706,0.3142336961939665,0.3837300692151115,0.024398039427295418,92,8,transfer,Offshore,business,finance,0,0,0,0,0,14,suspicious,2023-06-15 18:00:00
16998.808468842766,49,2533.3820510043874,24,0.3211691186728126,0.618231718478477,0.06320819269201373,0.1449200783738435,57,11,withdrawal,Unknown,charity,construction,1,0,0,0,0,11,high_risk,2023-06-01 22:00:00
12511.400115524604,20,100.0,19,0.6100167193357181,0.07503232900544393,0.25507297580695004,0.00011042725100706198,25,13,payment,Jordan,business,finance,1,1,0,0,1,19,high_risk,2023-12-22 20:00:00
4659.722184016061,52,1419.256797301329,19,0.30832696436359663,0.5464795093432904,0.10828529014175711,0.0021325632202981552,23,9,withdrawal,Unknown,investment,unknown,1,1,0,0,0,13,high_risk,2023-12-26 18:00:00
31633.671531605378,13,3440.392267225308,36,0.2549393409409261,0.3109835791981465,0.06703364047103079,0.47034170073968223,12,3,transfer,Kuwait,investment,construction,0,1,0,0,0,8,clean,2023-07-25 01:00:00
23949.75200629099,17,3035.1179154782967,9,0.14865112517004503,0.28056717590758423,0.4804534009208803,0.17952659983274993,48,10,exchange,Kuwait,charity,real_estate,0,0,0,0,0,19,clean,2023-07-02 21:00:00
16113.998540773142,54,12537.271932292322,48,0.680795586549518,0.16704398699472164,0.03332379363158397,0.18894643835057962,112,4,payment,Offshore,charity,NGO,1,1,0,0,0,14,high_risk,2023-06-09 22:00:00
28515.085778124096,36,9129.503212500375,36,0.2731639355439437,0.26018758022781724,0.01068684596471841,0.04850775443986329,10,5,withdrawal,Russia,investment,unknown,0,0,0,0,0,5,suspicious,2023-05-11 10:00:00
30294.30957330795,33,2848.3305248159763,38,0.13158722460941152,0.15104526942726482,0.02898229713147395,0.14561747804810368,17,10,payment,Saudi Arabia,charity,retail,1,0,0,0,0,11,clean,2023-10-28 11:00:00
18483.679813639665,1,4896.133817256452,40,0.6286607942050515,0.10907685187802722,0.04703430503051199,0.1418029473404839,52,13,exchange,Jordan,charity,NGO,0,0,0,0,0,2,clean,2023-03-18 15:00:00
27211.302759313985,15,803.5065649993859,29,0.4588573656075864,0.10060567563191984,0.032187928245081536,0.012853476488002512,119,9,deposit,Egypt,personal,NGO,0,0,0,0,0,15,clean,2023-09-02 03:00:00
17933.694965579758,13,18273.75384704977,24,0.33896423375417534,0.29858521010636324,0.034551509186811366,0.1265793011670352,2,5,transfer,UAE,investment,unknown,0,0,0,0,1,16,suspicious,2023-04-11 12:00:00
17098.114375932975,17,21919.4017714952,48,0.08532332827707578,0.1656798877134086,0.13459152733129962,0.018806169003946306,60,7,exchange,Kuwait,personal,unknown,0,0,0,0,0,1,clean,2023-02-20 06:00:00
14459.046285332823,24,31217.981670007106,5,0.09780090967283875,0.16382992171249947,0.05950503032401971,0.19531715983229964,57,3,deposit,Egypt,charity,finance,0,0,1,0,0,3,clean,2023-07-26 14:00:00
20958.30587439096,58,16233.20210491897,42,0.3430155652929761,0.3638381841963703,0.06975903583691812,0.04247216792373208,109,1,withdrawal,Iran,charity,real_estate,1,0,0,0,1,10,high_risk,2023-04-28 09:00:00
2590.412631919185,8,1528.9052409987983,45,0.3892643710156325,0.7005157642299596,0.1634009447159312,0.03983282345526007,81,6,exchange,Kuwait,charity,construction,0,0,0,0,0,4,clean,2023-10-23 03:00:00
31913.1947707823,50,378.38068784292864,26,0.31086370513599954,0.24797266366050325,0.30438990272574334,0.04001139713446942,73,13,deposit,Kuwait,personal,NGO,0,0,0,0,0,16,clean,2023-07-25 14:00:00
30817.549832144032,27,6932.32684439061,14,0.5527228671460921,0.3030111888529105,0.011385606653120413,0.10755618874967883,47,10,exchange,Unknown,personal,unknown,0,1,0,0,1,9,high_risk,2023-12-31 11:00:00
445.2526731453302,45,19498.540110398462,39,0.2736000464618834,0.5259326974978755,0.023264707581153888,0.004688517046753611,71,1,deposit,Iran,investment,NGO,0,0,0,0,0,4,suspicious,2023-06-01 16:00:00
26214.710644129707,23,1561.8087788988057,29,0.15900798680606495,0.5234862369301572,0.3170193789124923,0.027335208235666937,13,6,withdrawal,Saudi Arabia,charity,finance,1,1,0,0,0,19,suspicious,2023-08-03 23:00:00
2069.4586110563346,46,100.0,6,0.6711778201678625,0.1021924941723965,0.24821731692435867,0.14289105879426647,74,8,withdrawal,Offshore,personal,unknown,1,0,0,0,0,19,suspicious,2023-10-29 03:00:00
6122.204737639629,8,13098.42229797762,7,0.16023075676171022,0.2674363438272883,0.14290450651327194,0.14737694024602294,22,14,withdrawal,Offshore,investment,real_estate,0,0,0,0,0,10,clean,2023-11-30 18:00:00
20409.882047411123,8,639.2376680519039,37,0.3332258195397585,0.4874511900049482,0.049732326737616385,0.07864052796135873,28,9,withdrawal,Kuwait,personal,construction,0,1,0,0,0,10,suspicious,2023-07-15 21:00:00
2628.8765209434478,59,4271.471705278195,18,0.36155418896871044,0.44136082851312547,0.008373962223549459,0.02408494438644154,55,8,withdrawal,Kuwait,investment,finance,0,0,0,0,1,14,suspicious,2023-03-29 19:00:00
25553.511332378584,26,9087.705943515948,23,0.291312499070624,0.23226158929501667,0.010871151043815433,0.22322562315440975,50,13,deposit,Russia,investment,unknown,0,1,0,0,1,1,high_risk,2023-02-17 12:00:00
26768.85445518336,47,2161.855961140872,44,0.3290304848953652,0.46530788031746306,0.132827068934868,0.07525042737334375,106,5,withdrawal,Saudi Arabia,personal,real_estate,0,1,0,0,0,16,suspicious,2023-05-11 17:00:00
10622.929579643955,59,701.5843643480222,38,0.2628500652268041,0.07361230502802686,0.06714784863645071,0.32059804472461373,114,7,exchange,Saudi Arabia,business,retail,0,0,0,0,0,5,clean,2023-10-31 13:00:00
100.0,13,11758.146175621345,1,0.11890758403445559,0.262220536726314,0.17519244181523988,0.02137145830017204,78,6,exchange,UAE,investment,retail,0,0,0,0,0,14,clean,2023-09-01 17:00:00
5074.910140677826,39,7957.8047018949055,4,0.15784128682273202,0.6174189663619377,0.39833373173437375,0.09295501653973237,19,9,withdrawal,Unknown,charity,real_estate,1,0,0,0,0,18,high_risk,2023-06-01 06:00:00
14392.942415456077,37,35716.64919855443,44,0.14322256875175168,0.26709485748791,0.0356971828355584,0.08441428273315335,118,4,exchange,Iran,personal,NGO,0,0,0,0,0,8,clean,2023-12-24 20:00:00
59597.452019616125,49,3376.5133064401116,47,0.1740292708464749,0.19124846869259732,0.1143581101008855,0.17796969664767828,1,8,withdrawal,Saudi Arabia,personal,construction,0,0,0,0,0,10,clean,2023-06-24 15:00:00
14987.486236335952,28,510.0163402867319,35,0.16300242339885218,0.7268471068046986,0.03995162770713847,0.07880251237966032,91,12,exchange,Saudi Arabia,business,unknown,0,0,0,0,1,3,suspicious,2023-08-17 12:00:00
4512.595455151755,25,10604.606072797364,23,0.7926547823005319,0.3701714272070383,0.05263142518991888,0.07455295715111297,68,11,payment,UAE,business,unknown,0,0,0,0,0,8,clean,2023-11-28 12:00:00
15077.062919123257,16,5900.6960064346395,27,0.2532169877307543,0.11474248616478266,0.24467142583219528,0.0032653926438649334,56,9,transfer,Offshore,investment,real_estate,0,0,0,1,1,15,high_risk,2023-01-21 09:00:00
11647.45510166507,55,1918.2895132910626,26,0.133916763045289,0.24913332424664092,0.11898822027663569,0.17632686590107524,88,7,exchange,Jordan,business,unknown,0,0,0,0,0,14,clean,2023-01-12 05:00:00
22701.378451941982,2,12176.142548685868,8,0.16724342136072082,0.3292539994542751,0.07368163243672875,0.3681831008948867,14,12,exchange,Saudi Arabia,investment,construction,0,0,0,0,0,3,clean,2023-07-22 08:00:00
1697.2052594374359,54,1822.7916938156966,43,0.050577027510123516,0.49079754697890215,0.29512084402633704,0.16440945931547524,64,7,transfer,Iran,business,real_estate,0,0,0,0,0,15,suspicious,2023-11-23 05:00:00
21471.127211047242,18,2415.9969672603997,16,0.2556974717157588,0.8690251253201494,0.10027770727541498,0.1554121079773149,101,2,payment,Jordan,business,NGO,0,0,0,0,0,1,clean,2023-07-05 17:00:00
11689.290286048343,17,776.7454256405492,41,0.281449718907375,0.3072442213629459,0.15758771477624747,0.217718956076975,87,9,transfer,Offshore,business,retail,0,1,0,0,1,7,high_risk,2023-10-24 08:00:00
49449.319166514986,30,4079.0389561385546,3,0.6950088505414233,0.2885651845948187,0.11985484225251829,0.048049811254826096,69,12,exchange,Iran,business,retail,1,0,0,0,0,14,suspicious,2023-03-30 09:00:00
6275.341349836667,39,4343.061695085954,32,0.23177486592468022,0.1653898062142385,0.18045220411150273,0.04179004528512672,84,5,withdrawal,Saudi Arabia,charity,finance,0,0,0,0,0,4,clean,2023-02-07 23:00:00
15020.455460175346,13,5781.626167381293,5,0.3458584092439203,0.6830534856190731,0.020964277953448712,0.16862830929241576,22,10,payment,UAE,business,NGO,1,0,0,0,0,14,suspicious,2023-02-16 13:00:00
40329.91463352827,32,9874.473807680439,20,0.18141239483412794,0.6216219530188553,0.018229205644621663,0.1745915883021339,110,3,exchange,UAE,personal,NGO,0,1,0,1,0,9,suspicious,2023-05-06 15:00:00
1622.2949649791192,50,18924.27826333767,14,0.38709618065672474,0.3953397462353365,0.06949738040424522,0.07446388867055993,104,4,withdrawal,Egypt,personal,retail,0,0,0,0,0,10,clean,2023-10-21 13:00:00
41523.80890258153,29,1185.5326873422662,32,0.4412483191773937,0.6089105512417995,0.09643745280490794,0.020919077608706024,44,13,withdrawal,Egypt,personal,unknown,0,0,0,0,0,10,suspicious,2023-05-04 01:00:00
17465.788253369534,46,447.0459704273819,26,0.060068090382018574,0.22239892112824922,0.04524652413173502,0.0016120828577451069,49,10,payment,Unknown,personal,construction,0,0,0,0,0,7,clean,2023-05-12 18:00:00
1053.7147543666244,30,149.6407046317974,47,0.007868090852084089,0.4483501004275663,0.05588202835544429,0.06548326400272889,99,2,exchange,UAE,investment,construction,1,0,0,0,0,15,suspicious,2023-03-11 04:00:00
5370.786246423597,18,1240.3414823425712,6,0.47802695161741404,0.17690024353370237,0.014728333281530868,0.13235523045618783,36,3,deposit,Iran,business,finance,1,0,0,0,0,4,suspicious,2023-01-20 08:00:00
18473.864926819686,13,8582.374803468398,36,0.35676114188126906,0.5811697854838153,0.18300287806942894,0.21731420871596036,69,6,withdrawal,Saudi Arabia,charity,NGO,0,0,0,0,0,18,clean,2023-09-21 10:00:00
1045.8889109214197,43,10400.260407779704,40,0.0828116952165478,0.31763855258435786,0.1668836937108037,0.417440105464737,97,14,transfer,Russia,charity,unknown,0,1,0,0,1,16,high_risk,2023-05-26 00:00:00
13090.225936424456,21,12353.161663419105,5,0.413105125304971,0.13009030495346455,0.1561973635968732,0.08157203145251732,88,13,deposit,Egypt,business,NGO,1,0,0,0,0,19,suspicious,2023-07-20 05:00:00
6367.0369726704175,30,2234.6241134216298,13,0.07920017016182229,0.542199974598932,0.06393076850409529,0.06819941313369264,34,12,transfer,Iran,investment,real_estate,0,1,0,0,0,8,suspicious,2023-04-26 09:00:00
14549.942857122522,21,2921.0541124375445,32,0.3171507761772657,0.06708518834035121,0.03314175571871642,0.002163782968541319,37,1,payment,Iran,charity,finance,0,0,0,0,0,16,clean,2023-08-28 15:00:00
702.3185891693228,48,5279.782997520271,16,0.21073012961714954,0.5296841466706318,0.07472645931429431,0.10998213938171646,89,2,withdrawal,UAE,business,unknown,0,0,0,0,0,6,clean,2023-11-24 01:00:00
30781.692673153688,55,522.139386985453,1,0.4978670834241888,0.34482169708022076,0.12940164515160718,0.1662744481971655,51,4,withdrawal,Russia,personal,real_estate,0,0,0,0,1,19,suspicious,2023-04-17 18:00:00
54452.91562716512,17,7556.318515536273,13,0.4141401718994155,0.5822697602300272,0.07360113615102089,0.297837116796274,37,1,payment,Unknown,investment,retail,0,0,0,0,1,10,suspicious,2023-02-21 08:00:00
52047.53496737626,40,32949.934316016894,11,0.163581829753037,0.13912531197054098,0.007263904967324059,0.1476052839575575,25,6,withdrawal,Kuwait,business,retail,0,1,0,0,0,13,clean,2023-08-04 01:00:00
20773.53985441845,19,3580.3820675942898,8,0.4241024626419138,0.3213579235665899,0.11411602633515947,0.07433875337798818,86,12,deposit,Saudi Arabia,charity,real_estate,0,0,1,0,0,16,clean,2023-10-02 05:00:00
2090.4179825070864,52,11181.996985466973,25,0.4205382086412505,0.24796486064226272,0.01986537756055896,0.11773001370106621,109,4,deposit,Russia,charity,finance,0,0,0,1,1,2,high_risk,2023-09-19 22:00:00
21298.5859674054,15,5545.7201119983765,40,0.45012941499052045,0.3590335077405927,0.08601183007230082,0.03741229907122591,5,2,payment,Kuwait,investment,real_estate,0,0,0,0,0,8,clean,2023-08-02 23:00:00
373.4133342376697,9,1094.00082826496,32,0.47604704784596,0.22364416490285302,0.05227325215523251,0.23889862948276705,8,10,exchange,Saudi Arabia,charity,NGO,0,0,0,0,0,9,clean,2023-02-09 11:00:00
335.57921601710797,52,6982.736537604361,24,0.35183866342012465,0.39690358209513066,0.1551384486464568,0.21541928829597348,53,4,withdrawal,Egypt,business,unknown,0,0,0,0,0,7,clean,2023-09-05 22:00:00
5864.786553258453,10,2851.96274847494,28,0.04049597215785925,0.20769265388453165,0.18068707058043781,0.11973990431835584,105,12,deposit,Iran,business,NGO,0,1,0,0,0,5,suspicious,2023-11-18 19:00:00
10060.315123825201,44,280.0714556848779,14,0.5684506782564406,0.28524710657710617,0.13732106719745382,0.11822210511824775,111,8,transfer,Offshore,investment,NGO,1,1,0,0,1,8,high_risk,2023-09-18 07:00:00
22071.73383875785,31,8061.323389631411,45,0.32621531237697254,0.12952406818911025,0.361337513027581,0.048467024794925914,27,6,withdrawal,Egypt,business,real_estate,0,0,0,1,0,3,clean,2023-08-20 05:00:00
17246.785903362284,53,15668.125693153203,3,0.2330848381636334,0.6572408933910874,0.0004451463650457036,0.22056038654962687,61,11,deposit,UAE,charity,unknown,0,0,1,0,0,13,suspicious,2023-08-07 05:00:00
8856.224810935628,23,3382.148833541096,36,0.16902793219590082,0.07499899765014356,0.017088865033846035,0.17541319997485644,99,1,deposit,UAE,investment,unknown,0,1,0,1,0,19,suspicious,2023-03-23 19:00:00
4795.367438376105,52,3958.247542816643,27,0.5584382072557583,0.1572464988920019,0.05050565479248528,0.24039825019246291,65,13,deposit,Kuwait,charity,retail,0,0,0,0,0,12,clean,2023-11-08 20:00:00
87772.93142485469,30,17732.850742769184,20,0.34232435783150256,0.404892359894951,0.16256438412341934,0.04024887088321249,84,5,exchange,Unknown,charity,unknown,0,0,0,0,0,19,clean,2023-09-06 19:00:00
8331.626851650512,33,13439.261278897502,47,0.7897954524203986,0.5704407713992344,0.005386617826748472,0.1588686736042983,71,11,payment,Jordan,personal,construction,0,1,0,0,0,8,suspicious,2023-06-28 18:00:00
9005.430726368144,57,10040.804648120187,15,0.11557410824802634,0.18607100127447837,0.09575471599239126,0.3474631201375767,45,6,exchange,Russia,business,NGO,0,0,0,0,0,19,suspicious,2023-08-24 09:00:00
2680.1518868183357,52,2288.6355388312572,27,0.018612442258509658,0.33798540731016713,0.020302904509736132,0.18412193530827242,3,4,transfer,Kuwait,business,retail,0,1,0,0,0,6,suspicious,2023-06-12 00:00:00
23757.250509559624,9,19282.846305677976,45,0.3025193210081061,0.070608521149174,0.2606697590925138,0.2116097105666419,61,4,transfer,Unknown,charity,NGO,0,1,0,0,0,7,suspicious,2023-04-13 17:00:00
17746.983570548608,54,1341.8198347469404,41,0.3734644158357922,0.2746659315780537,0.46550277527787226,0.04917602000075414,106,3,payment,Jordan,charity,retail,0,0,0,0,0,17,suspicious,2023-03-02 19:00:00
3741.7279417976397,47,7884.4945525593885,28,0.476520170802151,0.5647563109666831,0.029630351789623567,0.04577763211598661,50,13,payment,Saudi Arabia,charity,real_estate,0,0,0,0,0,15,clean,2023-10-19 02:00:00
1289.5958535356806,1,233.79259385703983,25,0.23060981256868882,0.45844964037003666,0.1423421921841027,0.17866335773838798,48,10,deposit,Saudi Arabia,charity,unknown,0,0,0,0,0,14,clean,2023-12-04 21:00:00
17114.937311058606,44,8256.302374520947,42,0.22772690607321208,0.14667655890958037,0.1596336055285305,0.057438977328401204,73,10,transfer,Iran,personal,NGO,0,1,1,0,1,15,high_risk,2023-01-22 05:00:00
15941.926416347145,35,2596.365868536583,44,0.26948199322332367,0.32120651743189416,0.09379159703485063,0.018351362031888366,47,6,deposit,Kuwait,charity,real_estate,1,0,0,0,0,8,clean,2023-03-25 10:00:00
4787.787730106095,11,4777.998871565556,46,0.1683165768147924,0.2209098211144089,0.07628302271311002,0.19654851823254116,14,12,payment,UAE,charity,unknown,0,0,0,0,0,8,clean,2023-06-18 13:00:00
45197.31609577664,34,3388.1921696421064,33,0.39422182017279966,0.1286153187415775,0.01155067832482007,0.16632944182749604,19,9,transfer,Saudi Arabia,charity,retail,0,0,0,0,0,6,clean,2023-05-11 06:00:00
2456.464247919763,16,1517.2519946332868,46,0.23993533185786928,0.166029522966307,0.02118672765208778,0.3653478662731671,91,13,deposit,Iran,investment,construction,0,1,0,0,0,3,suspicious,2023-10-06 11:00:00
8493.352087551175,9,7782.482118370868,14,0.567646641391592,0.2145472809542142,0.04745278410036889,0.334807415313354,62,7,withdrawal,Russia,investment,NGO,1,0,0,0,0,16,suspicious,2023-05-31 19:00:00
43133.52649199482,32,17094.90812916596,8,0.11786883107498913,0.16651402547496424,0.2491327366207117,0.13040918950243977,6,9,withdrawal,Saudi Arabia,investment,retail,0,0,0,0,1,3,suspicious,2023-04-01 22:00:00
8163.857140403251,15,25569.920126908717,48,0.18841432230039165,0.27897181976878943,0.19946485688849738,0.0871595454476014,7,12,deposit,Iran,investment,finance,0,0,0,0,0,13,suspicious,2023-12-06 00:00:00
15263.475265951542,12,1708.9758370785416,14,0.24239307385484682,0.1947358694793021,0.403284548001339,0.02270839054845825,101,14,exchange,Saudi Arabia,business,real_estate,0,0,0,0,0,15,clean,2023-02-14 01:00:00
7602.364545137094,33,10109.01177981475,1,0.19770541172978678,0.08710750106056933,0.11042559961815453,0.10839769561538411,90,6,deposit,UAE,investment,construction,0,1,0,0,0,10,clean,2023-07-30 12:00:00
4807.525951003219,45,8733.237192738177,16,0.3991071996283847,0.2780532286039644,0.1860153480416186,0.027768380935260083,13,13,transfer,Saudi Arabia,investment,real_estate,0,0,0,0,0,9,clean,2023-05-20 22:00:00
62006.55793697661,14,3365.171584557653,18,0.22300090004152445,0.5852806551080325,0.16213247997320987,0.5260535797588547,101,2,payment,UAE,investment,unknown,0,0,0,0,0,15,clean,2023-02-28 14:00:00
7897.568637681348,57,154.27156140648816,7,0.15956691711117135,0.2877842205838107,0.12179796311403461,0.1219953582923727,46,6,deposit,UAE,business,real_estate,0,0,0,0,0,12,clean,2023-12-20 03:00:00
33678.78760272198,57,9364.078498937522,15,0.3237829434214287,0.26436980292838347,0.35690911440364625,0.016285347049831173,33,7,transfer,Egypt,charity,retail,0,0,0,0,0,19,clean,2023-12-15 11:00:00
3919.5871872583566,8,23275.682240788108,24,0.30948418304426467,0.20910428751532104,0.04005827228339346,0.03046130297123335,116,2,transfer,Kuwait,business,retail,0,0,0,0,0,9,clean,2023-01-28 06:00:00
3594.901220682869,8,7999.990498786332,49,0.3659978668561264,0.19897456217867807,0.13070283374668717,0.16166729777510874,97,14,withdrawal,Saudi Arabia,personal,real_estate,0,0,0,0,0,3,clean,2023-01-31 00:00:00
474.435736433325,27,4571.582224008576,13,0.4323097180632175,0.21830977670975588,0.01544807607808983,0.27560329676492734,41,1,deposit,UAE,personal,unknown,0,0,0,0,0,13,clean,2023-05-09 23:00:00
15818.937883139844,12,5958.116120369972,9,0.6499020408633883,0.271923018792608,0.1525846530848087,0.07422329135242484,73,13,exchange,Jordan,investment,unknown,0,0,0,0,0,4,clean,2023-01-02 17:00:00
6895.485812583021,1,1781.437347995028,15,0.08416072675895618,0.3149658866846141,0.31255413878591304,0.132686148788536,79,6,exchange,Offshore,personal,construction,0,0,0,0,0,3,clean,2023-07-30 14:00:00
29966.070882401906,43,11107.787107932221,35,0.39804512860115965,0.36244456691292937,0.09004183449772696,0.2268177649311313,69,12,payment,Saudi Arabia,investment,retail,0,1,0,0,0,5,suspicious,2023-04-02 12:00:00
9614.296720542205,40,10976.602028172207,24,0.09209786964496626,0.20702054543607198,0.4672597128220077,0.054598821759091934,117,8,payment,Egypt,personal,real_estate,0,0,0,0,0,9,clean,2023-01-05 15:00:00
51721.23511801201,42,1258.0721827407647,33,0.09720130335478121,0.15962643847971017,0.10072488900706325,0.5170222938711225,29,11,withdrawal,UAE,business,construction,0,0,1,1,0,18,high_risk,2023-11-13 13:00:00
3078.182673912576,51,16828.456458559154,16,0.13808186173791495,0.20750361865952388,0.06640708846606876,0.2644307450613524,117,6,deposit,Iran,investment,finance,0,0,0,0,0,10,clean,2023-01-01 20:00:00
30445.282570948657,11,2508.8113155781625,8,0.02654646526340506,0.4441252519643056,0.06535913837746672,0.06870888702009041,7,8,payment,UAE,business,construction,0,0,0,0,0,19,clean,2023-02-23 08:00:00
22481.659570114465,39,32253.690260716867,29,0.20535979830988563,0.44036455542517083,0.3581102675822496,0.15087261577412334,95,6,deposit,Jordan,investment,NGO,0,0,1,0,0,15,clean,2023-10-26 12:00:00
22105.380658350543,43,3861.832622902977,23,0.3578891239130183,0.2248159834281354,0.2078365228735715,0.10391716111656661,54,6,exchange,Unknown,charity,finance,0,0,0,1,0,18,suspicious,2023-08-07 08:00:00
27943.989162218833,31,1566.990768832078,45,0.09156908070169385,0.11250708983647628,0.36481943696144603,0.016977111611730666,98,14,transfer,Russia,investment,finance,0,0,0,0,1,7,suspicious,2023-04-24 07:00:00
21470.881689055906,17,3467.4619915818234,31,0.5104783476273279,0.21658451564376396,0.020143263312341227,0.20281613839768478,11,8,exchange,Jordan,investment,construction,0,0,0,0,1,3,suspicious,2023-11-27 07:00:00
14761.331256353456,33,4641.124501134226,40,0.12206415275759688,0.4168229820489048,0.1899203154114828,0.07022108440932769,42,3,withdrawal,Jordan,personal,retail,0,0,0,0,0,2,clean,2023-08-31 18:00:00
2110.409788913737,32,574.6131171578128,49,0.02332251724781924,0.10600414004424866,0.2973446151705749,0.32754888923011666,83,3,deposit,Offshore,personal,construction,0,1,0,0,1,11,high_risk,2023-01-12 16:00:00
496.00370024978565,58,6906.140719530241,14,0.08471514484248123,0.16530884311990732,0.037722373753024854,0.28835374050077345,5,6,transfer,Saudi Arabia,investment,construction,0,0,0,0,1,15,suspicious,2023-09-28 10:00:00
38045.749527213964,29,7283.114235381141,30,0.09188304984357318,0.5085314084567897,0.04130792449654825,0.009222709049399378,87,4,transfer,Egypt,investment,NGO,0,0,0,0,0,7,clean,2023-05-15 05:00:00
14382.115341461704,21,10743.74762041954,39,0.4571642385226133,0.16507725880798282,0.04548146395240461,0.09130571926805035,47,7,withdrawal,Egypt,business,retail,1,1,1,0,0,19,suspicious,2023-03-05 19:00:00
23884.08808397459,21,236.83033850438468,27,0.39030134207198924,0.581800554913256,0.0391369307141584,0.38566629775061706,2,11,transfer,Saudi Arabia,investment,retail,0,0,0,0,0,5,clean,2023-06-11 01:00:00
9852.87540404692,40,6233.793514687202,47,0.2328119383234242,0.3285216069263009,0.007305960655828578,0.6346695927337318,43,7,deposit,Unknown,personal,NGO,1,0,1,0,0,19,high_risk,2023-06-19 20:00:00
1871.6874626101205,23,434.86754587804,16,0.32987714838768545,0.17388419562205967,0.0705965848822373,0.016538576973128244,4,9,exchange,Russia,investment,retail,0,0,0,0,0,10,suspicious,2023-01-03 16:00:00
2006.156236745076,56,9662.353303847196,6,0.4710192939803471,0.2573465865862668,0.04988558921311211,0.2557735922117324,81,2,deposit,Offshore,business,retail,0,0,0,1,0,15,suspicious,2023-06-08 19:00:00
17354.68222417067,6,458.7280288288402,33,0.3143351721736627,0.25897658914567717,0.028307962756228672,0.015394655322539714,119,11,payment,UAE,business,NGO,0,0,1,0,0,1,clean,2023-09-20 02:00:00
8439.835798862854,22,19418.644834987437,44,0.2859854496154639,0.179917914496258,0.048312048902170536,0.06460311296814884,95,2,transfer,Jordan,investment,retail,0,0,0,1,0,17,suspicious,2023-06-16 08:00:00
3356.995123374542,50,9687.51120759954,18,0.46038821634100857,0.16243944626635498,0.12337365972276305,0.11951098074960377,63,6,transfer,Iran,personal,NGO,0,0,0,0,0,10,clean,2023-02-03 16:00:00
10147.140201139964,38,5664.2961294185025,16,0.1332415153910693,0.08601874456357453,0.0009813302026219768,0.1217125397841575,59,14,deposit,Saudi Arabia,charity,retail,0,0,0,0,0,4,clean,2023-10-06 12:00:00
995.445761901895,37,4660.0614813831235,12,0.07274335887429516,0.10152260092645425,0.013373543487893633,0.20922385412498934,30,9,withdrawal,Unknown,investment,construction,0,1,0,0,0,17,suspicious,2023-05-08 05:00:00
13083.08148487426,45,1120.2840381215137,20,0.27741055071660764,0.11638770992655781,0.0007460317614798195,0.047142560302750464,2,13,deposit,Kuwait,business,NGO,0,0,0,1,0,10,suspicious,2023-07-03 06:00:00
4699.99194918686,51,2751.191131757209,45,0.2531457247444864,0.31436026534422123,0.013228178329210976,0.05784475222698526,88,7,exchange,Kuwait,business,real_estate,0,0,0,0,0,12,clean,2023-09-11 09:00:00
23959.609350479426,54,16257.966632676684,40,0.12265477726335168,0.3439849148157795,0.2639524506658237,0.4702824615997628,74,6,withdrawal,Saudi Arabia,personal,real_estate,0,0,0,0,1,11,suspicious,2023-10-10 02:00:00
5573.8259577029075,8,18785.080270143702,29,0.42312940708228747,0.40059283271458934,0.1143601296948847,0.11627791833213896,92,5,transfer,Iran,business,real_estate,0,0,0,0,1,3,suspicious,2023-04-05 14:00:00
9110.602637929687,41,100.0,30,0.19094101874741015,0.21503710932405987,0.0642901770591835,0.1487767626786322,43,8,transfer,Egypt,investment,construction,0,1,0,0,0,19,clean,2023-10-27 05:00:00
175.32879076396355,49,7213.904923365059,26,0.16822248837254486,0.049615718087937015,0.008577231449893969,0.02460959428335198,96,12,withdrawal,Saudi Arabia,charity,retail,0,0,0,1,0,18,suspicious,2023-04-05 14:00:00
1128.078334600468,35,10163.767722257453,22,0.33933389978162876,0.338174456437739,0.23380940543348055,0.12790143988613525,97,2,withdrawal,Egypt,personal,finance,0,0,0,0,0,18,clean,2023-11-04 07:00:00
7475.887456285758,51,7714.336289812344,33,0.18305552554061896,0.5796875066335894,0.04388933138103585,0.004406227486200889,18,12,withdrawal,Egypt,business,retail,0,0,0,0,0,4,clean,2023-02-18 07:00:00
9807.13273170019,11,681.6728734185062,39,0.03675159455717553,0.2644205764597954,0.0032869240335979023,0.057221974089547496,24,3,transfer,Russia,personal,unknown,1,1,0,0,1,5,high_risk,2023-11-22 07:00:00
13745.1315523787,24,1964.3904678703861,47,0.31012364086037136,0.40747317421295437,0.024729464799532617,0.13899973836685908,37,12,transfer,Kuwait,investment,retail,0,0,0,1,0,3,suspicious,2023-09-14 13:00:00
5172.5207261168725,49,2305.0869219360334,29,0.1621005788360801,0.3814854132567576,0.013035793083115416,0.16534335577087053,30,6,transfer,Russia,charity,NGO,0,0,0,0,0,1,clean,2023-12-16 08:00:00
17810.761715837787,21,14257.228336493601,22,0.28500484987591307,0.560338508214976,0.02745682707521751,0.18192859911461093,69,1,transfer,Iran,investment,NGO,1,0,0,1,0,17,high_risk,2023-07-10 05:00:00
29504.812566046534,51,4977.029145840486,45,0.20225277092024083,0.36307005885235405,0.06084889673875147,0.0704099882472759,59,12,transfer,UAE,personal,real_estate,0,0,0,0,0,17,suspicious,2023-12-28 20:00:00
22701.75958046356,2,5337.156962859107,13,0.2316862286750964,0.17573703414542652,0.19035613410798918,0.03799823814159545,23,8,deposit,Russia,charity,retail,0,1,0,0,0,1,suspicious,2023-08-05 12:00:00
606.3752459655474,40,21853.791389703056,9,0.16892844746409366,0.2461363596084461,0.11408282673303971,0.22623038500074752,30,14,deposit,Egypt,investment,retail,0,0,0,1,0,1,clean,2023-09-03 01:00:00
9823.527622531625,19,8108.712649029343,24,0.3959023583160074,0.55682429883063,0.01805284150905891,0.6884515822718619,68,11,deposit,Iran,personal,NGO,0,0,0,0,0,4,suspicious,2023-04-03 18:00:00
1662.8032621431921,39,18314.800631895494,15,0.04519676731488414,0.10700065351081904,0.24722870415861506,0.015542596726501575,41,11,withdrawal,Iran,charity,unknown,1,0,0,0,0,9,suspicious,2023-10-10 22:00:00
4156.969241770773,28,4877.9349258424145,36,0.11469517490619655,0.4333449784737714,0.17845868285077027,0.08474623153930193,51,9,transfer,Jordan,personal,finance,1,1,0,0,0,6,suspicious,2023-02-02 18:00:00
64757.739828441496,59,1294.8473924949242,13,0.17899823367089168,0.07687548135339325,0.05692159451934311,0.04591597408430643,88,2,deposit,Saudi Arabia,investment,finance,0,0,0,0,0,12,clean,2023-12-23 13:00:00
2305.9335325958796,17,21266.723002362327,27,0.29433627913457605,0.22092618086522087,0.43871706947109146,0.10983391345645935,67,13,withdrawal,Russia,personal,real_estate,0,0,0,0,0,13,suspicious,2023-08-13 20:00:00
10363.889343135112,6,4910.328607444528,44,0.13536982024141306,0.08330159686613199,0.23028872355192231,0.03763172238798208,15,9,exchange,Unknown,business,NGO,1,0,0,1,1,11,high_risk,2023-11-27 01:00:00
14441.136524419298,19,1603.5396748950793,37,0.27428660571662894,0.14477691604572193,0.037222563727501934,0.2701953461335206,56,5,payment,UAE,personal,finance,1,0,1,0,0,12,suspicious,2023-06-11 19:00:00
18183.34972286607,56,2880.8264015224177,7,0.23918110033432605,0.6020312207397043,0.1487508370858174,0.10203690886407527,110,8,exchange,Jordan,business,real_estate,0,0,0,0,0,10,clean,2023-09-21 23:00:00
12302.736360571658,38,417.1078616809158,8,0.437149309468624,0.34606433413609794,0.06086613037963359,0.22568284961847643,65,1,exchange,Egypt,charity,construction,1,1,0,0,0,16,suspicious,2023-09-09 11:00:00
147.2834307684484,28,5053.415766878972,37,0.3895054876639024,0.2475976468422317,0.10135274440028286,0.1617794618514997,74,1,payment,Unknown,charity,unknown,0,0,0,0,0,17,suspicious,2023-02-18 03:00:00
5928.147539967902,2,15345.559922412,41,0.4378737950188581,0.3752572342652638,0.0951321938833632,0.08338209060846921,109,12,withdrawal,Egypt,investment,retail,0,0,0,0,0,13,clean,2023-10-25 01:00:00
10938.19640359025,38,21694.111428478438,14,0.10533208295029786,0.18560384331494736,0.04788057805017588,0.08637287228072237,90,12,payment,Russia,personal,unknown,1,0,0,0,0,1,suspicious,2023-07-03 22:00:00
1379.5337565607608,55,21577.144111038593,12,0.12387447855458142,0.13575381067214257,0.009416944350965314,0.0072793282203361225,55,4,withdrawal,UAE,business,finance,0,0,0,0,1,9,suspicious,2023-12-02 21:00:00
6476.218366255239,37,1070.3545089445718,36,0.33271550991148036,0.13533411946457466,0.37208374855681486,0.09340318981835598,76,1,exchange,Kuwait,business,NGO,0,1,0,1,0,8,suspicious,2023-06-16 21:00:00
506.5026855828608,51,3850.832110838444,40,0.07567012808701722,0.38830577058591637,0.11332787035049402,0.2872268562259602,65,12,payment,Kuwait,investment,retail,1,0,0,0,0,18,suspicious,2023-04-06 20:00:00
1227.5653441213087,52,229.078813244843,17,0.12996466816351654,0.33390744293862273,0.04470816461165608,0.20104735185112932,2,14,exchange,Kuwait,personal,unknown,0,0,0,0,0,1,clean,2023-12-01 01:00:00
7585.6628030339225,4,15457.299978863537,40,0.1819848038923347,0.6624987000376203,0.05153790320462917,0.19611854245443106,11,1,payment,Unknown,business,unknown,0,0,0,0,0,3,suspicious,2023-04-12 00:00:00
2135.8275888699204,22,3554.7589451660224,29,0.16050173947235435,0.312431526048607,0.06608393391207434,0.08041097651719321,76,12,payment,Iran,investment,NGO,1,0,0,0,0,1,suspicious,2023-08-10 20:00:00
12574.01105877181,26,7978.206672026859,27,0.46551858456865064,0.11944437849524091,0.05258280610325801,0.1645251513271328,92,5,transfer,Egypt,investment,NGO,1,0,0,0,1,1,suspicious,2023-03-25 04:00:00
17541.878447376508,49,10039.278436561879,1,0.3130536717065901,0.2642014186031074,0.0016386582339126868,0.13391458024730427,97,2,deposit,Unknown,personal,real_estate,0,0,0,0,0,19,suspicious,2023-05-16 06:00:00
24185.63578666139,43,4494.771568439206,34,0.11771975615954777,0.33240316182702384,0.12150362884430038,0.07245103244120579,42,4,deposit,Saudi Arabia,personal,NGO,0,0,0,0,0,18,clean,2023-05-19 23:00:00
3349.970613867708,36,2927.3671538748004,4,0.6028718362754756,0.22864955472756432,0.12300576270668627,0.0012002154148040825,3,8,exchange,Kuwait,personal,NGO,0,0,0,0,0,12,clean,2023-02-03 23:00:00
2749.517027026154,58,26206.3021772212,24,0.3131514333338351,0.37662919807661904,0.1449802876563565,0.18079367879492964,41,11,exchange,Jordan,business,NGO,0,0,0,0,0,6,clean,2023-06-19 23:00:00
1656.7322592761352,13,26703.127584229303,21,0.09997551852699685,0.045982681261614394,0.11117268648931045,0.011476145912507498,49,6,exchange,Offshore,investment,construction,1,1,0,0,0,17,suspicious,2023-10-11 03:00:00
15176.761720561957,52,2733.5742082582133,33,0.12739747693215764,0.7234007414624595,0.24146968138978703,0.04616159823638128,83,2,transfer,Egypt,personal,unknown,0,0,0,0,0,12,suspicious,2023-01-29 02:00:00
18386.92409267399,58,5225.646075039822,7,0.4761432006069411,0.20353900248710435,0.10197415191881881,0.06743210887706583,82,3,transfer,Saudi Arabia,charity,NGO,0,0,0,0,0,2,clean,2023-01-23 15:00:00
481.43620104048165,32,28849.304840800243,1,0.30638253239008467,0.46796910894023186,0.18645031199820064,0.3500686803071229,37,2,exchange,Kuwait,personal,retail,0,0,0,0,0,4,clean,2023-07-19 03:00:00
41282.91081673363,17,100.0,41,0.25600020501304793,0.04537152491157098,0.2178154975346403,0.0815537404426354,92,4,transfer,UAE,business,construction,0,0,0,0,0,7,clean,2023-08-05 06:00:00
800.5572851851205,41,4257.459843966344,3,0.17070500366444427,0.3763226531456416,0.005893638417515716,0.19610231078536913,95,5,payment,Unknown,personal,construction,1,1,0,1,1,2,high_risk,2023-11-03 00:00:00
11690.26332143433,36,846.9522677240201,44,0.43435954320514847,0.16573719659493663,0.09386033569311121,0.09116855031866831,7,12,payment,Egypt,personal,NGO,0,1,0,0,0,15,suspicious,2023-09-23 15:00:00
18519.600060918587,55,5693.063400597667,15,0.045377182657818274,0.09607901912551034,0.03494911396675371,0.06898572145593151,111,14,payment,Kuwait,charity,retail,0,1,0,0,0,7,suspicious,2023-03-03 06:00:00
30715.553286821414,46,199.8348568131921,31,0.0965525400283701,0.38422839467339914,0.17244384073888613,0.2616744562550532,38,9,deposit,UAE,charity,construction,0,0,0,0,0,19,clean,2023-05-30 00:00:00
18781.012093080393,19,4179.116923017736,16,0.14567485985296452,0.1881174472414317,0.26773043708690264,0.12675125228524053,58,7,payment,Saudi Arabia,business,finance,1,0,0,0,1,3,suspicious,2023-07-01 19:00:00
24271.73808895089,58,1994.8640871616733,10,0.10294483964148218,0.20625249497150486,0.17027741937637553,0.4230642938829698,5,8,deposit,UAE,personal,construction,1,0,0,0,1,9,high_risk,2023-07-13 09:00:00
6220.241237196504,35,6096.692355691754,29,0.3241181361409992,0.09806571322418581,0.0068217145247752705,0.06002277540632372,61,7,payment,Egypt,personal,real_estate,1,0,1,0,0,12,clean,2023-05-31 18:00:00
25296.81854021885,46,44158.99561711725,6,0.4600782826569528,0.4793092291270853,0.09302747635930798,0.30235775568598805,83,11,exchange,Egypt,charity,construction,0,1,0,0,1,18,suspicious,2023-11-10 15:00:00
1252.5967463724398,40,12896.976296877305,29,0.6031652644817828,0.22279464603977936,0.05085773411044391,0.1814228098670769,77,10,deposit,Russia,personal,unknown,1,0,0,1,0,3,high_risk,2023-03-03 18:00:00
33780.75478177824,56,14947.850341642079,17,0.09850152803583379,0.2158822198384934,0.284824926518584,0.034615959332833506,39,8,transfer,Unknown,business,NGO,0,1,0,0,0,9,suspicious,2023-08-17 00:00:00
11897.575243183943,59,8068.6734545969275,22,0.30939664820406143,0.08358938173624832,0.08503455659484421,0.0691881342816718,28,13,deposit,Kuwait,charity,construction,0,0,1,1,1,6,suspicious,2023-06-09 04:00:00
25498.46414498278,28,339.58526366297747,24,0.24891242857402338,0.38181997471449586,0.27829145848368253,0.16932793147297406,57,11,withdrawal,Kuwait,investment,real_estate,0,0,0,0,0,5,clean,2023-09-08 10:00:00
9030.914579025695,1,1853.4156199380461,17,0.30865455344036463,0.14171710067321283,0.08540916230059288,0.09121822333861417,2,5,deposit,Kuwait,investment,real_estate,0,0,0,0,0,9,clean,2023-08-21 22:00:00
15474.58502580133,42,20729.02630986786,21,0.40590839289597425,0.3886663578352995,0.053801011330873894,0.6609976616571498,70,3,payment,Iran,investment,NGO,0,0,0,0,1,14,high_risk,2023-08-03 12:00:00
11210.967209381544,18,3647.0780792762703,11,0.20777656148268683,0.22975250365400887,0.09498186058354859,0.2801655685635781,79,12,payment,Russia,investment,construction,0,0,0,0,0,2,clean,2023-02-23 02:00:00
19728.56752480381,48,875.2760718394227,7,0.5662792562154779,0.43089902236240474,0.05372480099007471,0.026714208986785407,28,7,payment,Kuwait,charity,finance,0,0,0,0,1,3,suspicious,2023-12-15 18:00:00
1277.3234983343425,40,9696.184053201116,42,0.47077544067789745,0.3591702600222782,0.06250087085748503,0.2835761480913784,37,14,transfer,Saudi Arabia,business,construction,1,1,0,0,0,1,suspicious,2023-09-14 17:00:00
933.7504697852262,33,2847.20451003644,39,0.28405086637783344,0.3250316215505783,0.022043698664076246,0.24365811610560278,89,1,exchange,Iran,investment,retail,0,1,0,0,0,4,suspicious,2023-03-14 19:00:00
4257.407363098746,12,2505.1687744486544,5,0.3399508101650585,0.2540927166245064,0.2014886975964364,0.13703042624140577,96,3,deposit,UAE,investment,real_estate,1,0,0,0,0,13,suspicious,2023-07-26 14:00:00
2607.1722977272507,8,49627.19148485566,44,0.08187101390689405,0.06780238112432216,0.03987664169281759,0.2056314890069261,55,7,transfer,Offshore,personal,construction,0,0,0,0,0,8,clean,2023-04-29 03:00:00
30810.533355035976,24,15623.256364248808,48,0.08248890406098905,0.5662338929782512,0.18252474940370328,0.09123897292241262,101,13,withdrawal,Offshore,business,finance,0,0,1,0,1,18,high_risk,2023-03-03 06:00:00
3711.812372708309,16,4193.148904586188,21,0.09221521365692378,0.42276929127756124,0.31098880812578833,0.005505152275598243,100,4,deposit,Russia,investment,finance,0,0,0,0,1,4,suspicious,2023-11-30 01:00:00
55861.5421415114,50,31401.355464759272,18,0.29377849095902675,0.13929607580131195,0.15773446091315885,0.23201935449469652,94,7,payment,Iran,charity,finance,0,0,0,0,0,7,clean,2023-03-18 14:00:00
6162.34686497144,4,8401.16537854477,35,0.37572874944671175,0.14595499363154074,0.3102185864479386,0.08330428656939672,109,10,transfer,Russia,charity,unknown,0,0,0,0,0,13,suspicious,2023-01-19 05:00:00
3015.5565596827932,38,10839.061765095925,20,0.06729972522627377,0.22498851387118365,0.18914572688321868,0.10700790858715975,88,10,transfer,Saudi Arabia,business,unknown,0,0,1,0,0,1,clean,2023-10-12 08:00:00
23388.19646391521,44,256.16210822402644,15,0.22503367777558295,0.33454466260198706,0.06271882559204613,0.1938900443843195,82,6,deposit,Kuwait,investment,unknown,0,1,0,0,0,18,suspicious,2023-10-27 04:00:00
16125.24308012278,27,1037.2735653031466,5,0.0855751778280232,0.47686348742277906,0.02370035968842366,0.10616134574125033,1,4,transfer,Jordan,charity,NGO,0,0,0,0,0,14,clean,2023-12-28 01:00:00
10343.176630851507,9,8021.003281107921,13,0.2740697457973324,0.30222747317873766,0.025096866615551404,0.21796739844755658,3,7,transfer,Kuwait,personal,retail,0,1,1,0,0,8,suspicious,2023-12-20 22:00:00
12157.47448673431,47,18342.977938497195,12,0.20892590100414116,0.3071761420509805,0.13756527502268429,0.00223293229705573,71,8,transfer,Iran,charity,retail,0,0,0,0,0,10,clean,2023-07-05 03:00:00
19051.784095934494,16,7819.87830566265,21,0.3182436948974586,0.08377541658345074,0.06190616146919196,0.1472706744761413,97,14,deposit,Offshore,business,NGO,0,0,0,0,1,8,suspicious,2023-01-27 17:00:00
3890.399185300601,56,1151.1929372773266,37,0.3345742133853315,0.15866836258889622,0.06355561116203087,0.45271416624746563,85,8,payment,Egypt,investment,construction,1,0,0,0,0,3,suspicious,2023-05-30 19:00:00
84129.46848071557,12,984.2144982406885,6,0.37190527728274575,0.6943059983821652,0.051311995202785586,0.2017172423852795,14,7,transfer,Egypt,business,unknown,1,0,1,0,0,3,suspicious,2023-11-25 09:00:00
55209.599668351424,31,14872.732977583459,7,0.19887939233983135,0.16067291711329942,0.04143493304327288,0.3222813528685438,111,2,transfer,Jordan,charity,unknown,1,0,0,0,0,6,clean,2023-08-30 08:00:00
15761.296351988352,24,1200.0958763721574,26,0.4308168270134457,0.12906970945115157,0.08439048481373727,0.06318138421539285,48,8,exchange,Egypt,investment,retail,0,0,0,0,0,11,clean,2023-03-24 17:00:00
3338.5766770334003,55,5875.620343469392,42,0.10630373577722206,0.16436116702535125,0.14953965803763875,0.47119363040025813,37,5,withdrawal,Egypt,business,finance,0,0,0,0,0,4,clean,2023-06-13 05:00:00
17102.21692913053,14,302.55638403679495,48,0.2128064180914393,0.25478823441471304,0.02330184884424025,0.08119068141596995,3,14,exchange,Jordan,business,finance,0,0,0,0,0,16,clean,2023-11-10 18:00:00
1124.0605775143993,45,672.8790567957774,8,0.20412924790257375,0.15551572637938782,0.11799415590530034,0.23769837993455878,49,9,payment,Egypt,investment,NGO,0,0,0,0,0,11,clean,2023-04-06 19:00:00
466.98174785429217,25,8926.432210337023,9,0.24941283386361143,0.16679303237484605,0.0047805381080373785,0.03329083233901532,101,6,exchange,Offshore,personal,NGO,0,0,0,0,0,2,clean,2023-10-05 02:00:00
4469.681297083448,34,9348.366802144277,27,0.161992306838915,0.07807067044398484,0.11391522190063601,0.06276167251356922,56,4,deposit,Russia,charity,NGO,0,1,0,0,0,5,suspicious,2023-10-30 16:00:00
9315.829528101583,3,3341.9543973224418,4,0.7844827138973924,0.02500322538536885,0.03457244863523602,0.030015594584546796,89,9,exchange,Offshore,personal,real_estate,0,0,0,1,0,5,suspicious,2023-02-19 23:00:00
30405.298877862606,58,1942.7890724231727,21,0.21607983207783912,0.3569624723835553,0.14197891212147767,0.10726117362244655,60,1,deposit,Saudi Arabia,business,NGO,1,0,0,0,0,16,suspicious,2023-02-11 14:00:00
19483.544682268333,24,13443.617064799559,31,0.08066381035244369,0.12396207721826896,0.044808340847910716,0.1252764555009195,118,4,exchange,Russia,business,construction,0,0,1,0,0,14,suspicious,2023-03-01 18:00:00
20363.06857123983,54,1958.035440689729,21,0.15409987150622945,0.37507569086445813,0.09206788539955318,0.13497114217840273,97,11,exchange,Kuwait,personal,construction,0,0,0,1,0,7,clean,2023-01-01 12:00:00
8313.653691111209,42,6247.5616055178525,40,0.14794076923297544,0.2609211350168588,0.07232703411808435,0.014249083737139446,13,5,withdrawal,UAE,charity,unknown,0,0,1,0,0,1,clean,2023-09-21 17:00:00
6368.2279903422395,9,27588.536339247945,25,0.24190473925824996,0.17777513179303805,0.050376498304185516,0.156180464578704,53,4,deposit,Russia,business,retail,0,0,0,0,0,2,clean,2023-11-12 08:00:00
6955.2847582094555,26,1279.9645772171295,39,0.20458329680860593,0.21986373718144517,0.04885634433082782,0.11981886219230659,50,13,payment,UAE,investment,construction,0,0,0,0,1,14,suspicious,2023-05-25 17:00:00
65910.95837274757,20,22624.98295953978,15,0.15251289563845855,0.19947035951637695,0.03451654102010759,0.08462564726529422,97,9,transfer,Russia,business,finance,0,1,0,0,1,5,high_risk,2023-10-26 06:00:00
614.03613065893,40,1615.8823255385548,35,0.5647126596124842,0.3272439303459167,0.2692046287271505,0.02038083700007027,93,1,payment,Egypt,business,retail,0,0,0,0,0,13,clean,2023-07-09 03:00:00
30264.644876336082,10,6704.3332024142355,49,0.15713698253264669,0.10311832069894851,0.04164769740465184,0.2628820714445479,19,3,exchange,Unknown,charity,unknown,0,1,0,0,0,13,suspicious,2023-02-07 21:00:00
12965.276120289936,19,3785.769112138238,43,0.3259950246349965,0.34082238631917805,0.02112234006684469,0.31925409387052484,26,9,payment,Offshore,investment,NGO,0,0,0,0,1,7,suspicious,2023-04-10 17:00:00
8660.236215519893,3,26802.95470631291,41,0.295559121509601,0.5034847123209473,0.016706393862415927,0.03275215887303677,53,12,exchange,Offshore,personal,unknown,0,1,0,0,0,15,suspicious,2023-02-23 13:00:00
19378.823512333056,24,2556.5971919197605,37,0.3201326288744315,0.5230373111722022,0.06170147127985958,0.13514754047994132,57,7,exchange,Jordan,personal,construction,1,1,0,0,0,10,suspicious,2023-01-17 15:00:00
10002.51455398821,5,4082.0463170284943,42,0.2221334571924738,0.14134217585849448,0.027516713593705874,0.27806603837291977,119,5,transfer,Jordan,charity,construction,0,0,0,0,0,2,clean,2023-10-01 18:00:00
31003.595119016503,3,32530.777935053437,47,0.22951127232685756,0.4461071037311089,0.03240352776019668,0.22859968232543973,38,11,withdrawal,Egypt,business,NGO,0,1,0,0,0,19,suspicious,2023-04-20 18:00:00
34644.427194305616,58,6151.0801206840715,28,0.4690825474106663,0.5270822796876444,0.02373031263472249,0.04476922261123714,9,6,withdrawal,Russia,business,real_estate,0,0,0,0,0,13,suspicious,2023-08-14 18:00:00
8215.480520310372,27,5587.370364223639,14,0.17870841182965072,0.30069331971961993,0.16290813461376102,0.11362656484757791,46,4,transfer,Saudi Arabia,charity,NGO,1,0,0,0,0,6,clean,2023-08-27 15:00:00
4861.6186062771285,16,2384.8603755935137,4,0.28546974141409953,0.3085742320492277,0.027759532216641822,0.5526710295189795,94,5,payment,Iran,business,NGO,0,0,0,0,0,1,clean,2023-11-20 12:00:00
13460.206829113638,49,9668.226929548773,20,0.28623122192191064,0.09371779947834095,0.07253582411964614,0.04467307500288125,86,8,deposit,Iran,personal,construction,0,1,0,0,0,1,suspicious,2023-01-08 05:00:00
36518.33909285398,15,115.81794537726272,34,0.3477844405127324,0.3887965381938948,0.25822488312505143,0.11418582437014367,107,5,transfer,Offshore,personal,construction,0,0,0,0,0,12,clean,2023-05-19 00:00:00
3548.413484250368,35,406.243236576116,12,0.5478379849543062,0.04766010795229661,0.021732996796856564,0.11861931165870505,4,10,exchange,Unknown,business,finance,0,1,0,0,0,14,high_risk,2023-06-24 14:00:00
14631.321865493634,12,7317.507871988894,33,0.11895211826532315,0.1950999138607749,0.11025466089055848,0.23123233480812896,71,2,withdrawal,Kuwait,investment,finance,0,0,1,0,0,11,clean,2023-02-18 00:00:00
14977.170003383151,41,3344.447210005041,24,0.31697289390456035,0.4076728501439402,0.3151901137058911,0.1577163787241659,82,8,withdrawal,Iran,charity,retail,0,0,0,1,0,1,suspicious,2023-12-19 13:00:00
19813.95022690283,53,24514.894065898927,20,0.2855954604616594,0.34668236883961184,0.28146600246439646,0.24958187685844005,50,12,payment,Offshore,investment,construction,0,1,0,0,0,5,suspicious,2023-03-24 15:00:00
2115.9844455399066,44,18680.09695283607,5,0.5395357244577708,0.4258530429169798,0.0033992167103607924,0.3161861686088456,70,3,deposit,Iran,charity,construction,0,0,1,0,0,3,suspicious,2023-01-27 12:00:00
18872.47363690665,26,10005.895421370817,38,0.33795182176233063,0.410707200963513,0.03349369788781609,0.16032372481748006,93,5,transfer,UAE,business,unknown,0,1,1,0,0,13,suspicious,2023-08-27 13:00:00
35958.79809433867,47,13636.390466397566,30,0.2784461492488703,0.2913855702802767,0.3157606004250845,0.18528580026678748,5,13,exchange,Iran,investment,finance,0,0,0,0,0,5,suspicious,2023-05-17 20:00:00
2970.9684117021684,34,8804.878651455796,24,0.41425436775379304,0.28529833398188986,0.0010116652147675897,0.0073092893885054674,70,12,exchange,Offshore,business,unknown,0,0,0,0,0,13,suspicious,2023-01-08 19:00:00
4068.1438753074294,23,1073.574993987924,43,0.20382862088847206,0.4186346506201288,0.07472964493039502,0.2338564550786522,34,11,deposit,Unknown,business,construction,0,1,0,0,0,10,suspicious,2023-02-19 06:00:00
53312.65558292267,31,11603.877228560328,40,0.30492133231197915,0.6054982767512517,0.09521497787717405,0.4578940720824975,98,6,payment,Russia,charity,finance,0,0,1,0,0,3,suspicious,2023-07-03 05:00:00
2994.6458213273686,50,1887.7228914259688,7,0.2199334956546206,0.2618911873277367,0.08213675036983739,0.13581234979145745,65,1,deposit,Iran,charity,construction,0,0,0,0,0,1,clean,2023-05-14 10:00:00
28901.84651634987,20,3125.9069083375753,36,0.495141085843284,0.17168059219577306,0.16637935885159078,0.07240852612336456,18,14,payment,Egypt,charity,real_estate,0,0,0,0,0,13,clean,2023-02-04 03:00:00
10167.314138303236,12,13684.424601278424,38,0.10480687317109148,0.4247420961503925,0.07121605445668022,0.0484973235376846,27,3,payment,Egypt,business,NGO,0,0,0,0,0,5,clean,2023-01-04 23:00:00
4259.9545499155565,23,6152.033164338951,16,0.3613120175537935,0.22371487445961385,0.22654864112493556,0.40251937817226563,10,1,transfer,Russia,investment,unknown,0,0,1,0,0,11,clean,2023-07-07 03:00:00
30690.090026172733,4,15725.515807139942,15,0.5059230232375183,0.6071869367659839,0.13802726831558845,0.06770280823310665,103,7,transfer,Iran,charity,finance,0,1,0,0,0,12,suspicious,2023-11-27 09:00:00
8840.059883399337,23,1916.5752852888907,46,0.2580807113119288,0.2151221841183677,0.1350960597861057,0.2902128089093652,2,13,exchange,Jordan,charity,finance,1,0,0,0,0,11,suspicious,2023-04-02 11:00:00
10848.448036516771,48,7487.427129806853,23,0.3816994747458248,0.29701581086588885,0.25924922071745554,0.01947132762742949,83,2,withdrawal,Russia,personal,construction,0,1,0,0,0,15,suspicious,2023-08-27 19:00:00
6676.349387667118,55,700.0859554617709,12,0.047619667078379134,0.22370365446158536,0.08178988580689306,0.1467189885956171,91,10,payment,Unknown,business,construction,0,0,0,0,0,6,suspicious,2023-01-03 07:00:00
13482.320140276177,48,8241.52289640999,29,0.4147729478562761,0.5097746392682769,0.05563681940772578,0.03168371811748772,61,7,exchange,Egypt,personal,retail,0,0,0,0,0,3,clean,2023-05-05 08:00:00
2678.3594642644707,1,11501.847861823333,44,0.45886386594304135,0.16872219486441428,0.027302754092039406,0.07865652576966899,118,12,withdrawal,Offshore,charity,retail,0,0,0,0,1,16,suspicious,2023-08-17 04:00:00
7441.063595452103,54,7034.482016649944,48,0.24603507926489301,0.27084993146452946,0.010206102259461244,0.31804845692595257,22,14,exchange,Russia,personal,unknown,0,0,0,0,0,13,suspicious,2023-03-26 21:00:00
52307.370627317156,25,2476.493578024823,15,0.26190682577377233,0.5231794471073106,0.005064034249950186,0.12592833828889904,10,3,payment,Saudi Arabia,investment,finance,0,0,1,0,0,16,clean,2023-02-26 07:00:00
4478.788206360093,2,254.7548885360814,29,0.2878949379677275,0.2667343770707967,0.04916109407723662,0.16139522661124267,59,3,withdrawal,Russia,investment,construction,0,0,0,0,0,5,clean,2023-08-05 23:00:00
16038.860767756541,30,1017.6583944926991,45,0.15013113903031114,0.31210630680310875,0.021701261301676024,0.08365139230530558,108,1,deposit,Egypt,personal,unknown,1,0,0,0,0,15,suspicious,2023-04-02 01:00:00
5899.863065833906,3,7789.303493623174,43,0.14333445682795157,0.2331744878102052,0.16541636007406513,0.008877072216385423,91,7,transfer,Russia,investment,finance,0,0,0,0,1,16,suspicious,2023-09-23 14:00:00
22273.375360607475,58,21795.902512842524,49,0.45232323693521775,0.3407273344076519,0.274778699873373,0.19164931641611033,12,12,transfer,Egypt,business,construction,0,0,0,0,0,1,clean,2023-11-27 11:00:00
2104.001694152051,21,1850.7607775858387,21,0.20972948011286735,0.09851346218777719,0.0692893972779213,0.028497482800298596,63,8,withdrawal,Offshore,personal,retail,0,1,0,0,0,8,clean,2023-02-11 17:00:00
52509.156816366,25,10624.993069863967,15,0.2795162038286322,0.148416725355582,0.30517996129185027,0.21461182100069506,15,11,withdrawal,Offshore,business,finance,0,0,0,0,1,5,suspicious,2023-09-13 07:00:00
9071.263832471068,20,16106.29840710677,14,0.020209225213219717,0.07462703739272393,0.038891891998265524,0.18889705897212009,114,4,payment,Russia,investment,construction,0,0,0,0,0,7,clean,2023-01-25 02:00:00
4038.8031524658036,49,5886.469902434582,42,0.20202050937017926,0.6080314654395403,0.002678361301074756,0.05073425513304711,63,9,withdrawal,Egypt,personal,unknown,1,1,0,0,0,10,high_risk,2023-06-27 02:00:00
1145.065838339056,52,8851.521878242298,44,0.04325735301512787,0.29488664638959844,0.1842862344912641,0.12849501013036232,119,14,transfer,Offshore,personal,unknown,0,1,0,0,0,16,high_risk,2023-03-06 23:00:00
2790.569101568909,22,13499.858001402983,16,0.19978756421684538,0.06152767837647276,0.0694334433079565,0.03732267030168171,65,13,payment,Egypt,charity,real_estate,0,0,0,0,0,5,clean,2023-12-21 14:00:00
11002.475181443722,21,2416.143076614007,15,0.20302553846274574,0.16589937585948727,0.15784885736363344,0.11744725762346024,38,4,exchange,Jordan,business,finance,0,0,0,0,0,11,clean,2023-10-26 23:00:00
6164.776197077499,33,2817.9999794006367,42,0.28399998832762374,0.003204295498700183,0.15919189546859502,0.040640570576204876,105,10,transfer,Saudi Arabia,charity,unknown,0,0,0,1,0,18,suspicious,2023-11-13 14:00:00
26481.14826183236,52,100.0,4,0.1627385033704271,0.04892299888420583,0.02452159523787897,0.0973009095490471,88,5,deposit,Egypt,charity,finance,0,0,0,0,1,13,suspicious,2023-11-28 08:00:00
8455.157860283885,38,26395.077490586787,27,0.5560661362585096,0.12288253832794299,0.16265608317250377,0.06047916718168081,6,11,payment,Jordan,investment,unknown,1,0,0,0,0,19,suspicious,2023-10-28 00:00:00
4289.538554637766,15,19964.01048547915,23,0.14741342505587698,0.13388967415774947,0.22721802226787258,0.16369581499624852,93,6,deposit,Saudi Arabia,business,finance,1,0,0,0,1,12,suspicious,2023-05-24 07:00:00
14401.483748602017,58,11570.674199111812,29,0.13010536444292317,0.2282854812428137,0.10805419154846753,0.258156887816483,6,9,withdrawal,Saudi Arabia,business,finance,0,0,1,0,0,18,suspicious,2023-11-26 12:00:00
18402.339104390172,58,659.0223032849916,41,0.4661921048813842,0.3406769952314029,0.30895642616456165,0.04371149121740019,38,9,exchange,Egypt,investment,finance,0,0,0,1,0,15,suspicious,2023-12-10 10:00:00
2741.579215287702,46,4746.456606634088,9,0.28350808820043943,0.38465099374785844,0.011645751062737755,0.21180666013559207,48,8,withdrawal,Russia,investment,real_estate,0,0,0,0,0,6,clean,2023-02-11 08:00:00
2751.9790519614103,52,859.7174136807781,43,0.7427343676647191,0.15612345878191777,0.19934020398948613,0.24856798099062397,15,10,transfer,Saudi Arabia,business,retail,0,0,0,0,0,10,suspicious,2023-06-04 01:00:00
560.410920142241,15,128.3868480647946,43,0.1713545747406588,0.5552111913964225,0.15138029736408462,0.0616982693938728,72,12,exchange,Iran,investment,NGO,0,0,1,0,0,17,suspicious,2023-10-11 20:00:00
19999.95181184751,46,7660.714494808201,7,0.15603541545442812,0.14490616465590667,0.02945587168241631,0.22196070373703689,29,2,transfer,Russia,business,finance,0,0,0,0,0,10,clean,2023-11-14 21:00:00
16350.937877206485,25,25918.63399698117,42,0.04832803726329292,0.2416057394082495,0.0065268869024629715,0.15017284263700043,2,12,exchange,Jordan,investment,retail,0,0,1,0,0,4,suspicious,2023-07-07 02:00:00
9654.812544529392,21,18653.477136476973,4,0.2239367671304641,0.22766932226202286,0.009768819212352614,0.02049539205906761,75,10,deposit,Iran,charity,NGO,0,0,0,0,0,8,clean,2023-08-07 23:00:00
27884.887360142253,24,9545.708872475825,5,0.2725932921829488,0.04384179982500105,0.08291784995527209,0.2496420983409454,73,10,transfer,Saudi Arabia,investment,retail,0,0,0,0,0,5,clean,2023-02-21 06:00:00
24572.97481754027,57,813.0782446008923,5,0.05816165399440444,0.5160725227268901,0.004351957390374967,0.07145960979152952,16,1,transfer,Jordan,personal,retail,0,0,0,0,0,19,clean,2023-11-03 00:00:00
13204.965204538823,58,2563.4498951542546,11,0.30970167946246463,0.2870851660205362,0.09133495319172358,0.15248549592413782,58,12,withdrawal,UAE,investment,unknown,0,1,0,0,1,18,high_risk,2023-04-29 03:00:00
30405.15939793504,5,3085.967249455343,41,0.18156919937970542,0.06833758533075496,0.02107867326588227,0.20131796980093664,88,2,payment,Jordan,personal,construction,0,0,0,0,0,16,clean,2023-12-10 06:00:00
3457.0777555586033,6,11522.627947350968,28,0.21180239729849493,0.39207982577239003,0.0977146337500162,0.1597415334625842,34,14,transfer,UAE,business,NGO,0,0,0,0,0,4,clean,2023-04-07 21:00:00
1780.3953208542687,49,12965.980174601862,16,0.2468698250968819,0.08120090682813183,0.16260824415537314,0.1984644490466433,43,6,exchange,Kuwait,charity,retail,0,0,0,0,0,7,clean,2023-08-22 13:00:00
4715.51708592162,43,3890.4446701808074,41,0.2768032840539835,0.21282811974077437,0.014016218049901965,0.044865877742866385,24,11,withdrawal,Saudi Arabia,investment,finance,0,0,0,1,1,8,high_risk,2023-03-04 06:00:00
881.7166009494406,48,4328.684260684429,30,0.1137556889177729,0.16067337690773803,0.20285370124594135,0.07456113333014217,113,14,payment,Kuwait,business,construction,0,0,0,1,1,15,high_risk,2023-08-03 05:00:00
11362.710642509157,44,364.2398048335519,4,0.1930199682499604,0.28043545599676994,0.2214474747373907,0.02767239403426657,102,7,transfer,Offshore,personal,unknown,0,0,0,0,0,9,clean,2023-05-17 02:00:00
41375.718081029496,47,2730.201263926367,2,0.2820869467769443,0.15847927793144911,0.07635045924235812,0.00599389557774958,102,14,deposit,Iran,charity,real_estate,0,0,0,0,0,7,suspicious,2023-08-28 21:00:00
602.0762461407335,23,4801.41136674938,46,0.3782957271670144,0.2796727553302273,0.23648583861884717,0.009599853658222999,25,6,withdrawal,Unknown,business,retail,0,0,0,1,0,9,suspicious,2023-07-04 14:00:00
1953.5081997467512,4,995.2870283663934,3,0.2989155713999021,0.20901764264781858,0.023495172107907247,0.13181826596603377,41,1,deposit,Saudi Arabia,business,retail,1,0,0,0,0,1,clean,2023-11-05 17:00:00
9027.648724528965,27,4830.364443780117,21,0.22814770227436088,0.3887883520899191,0.14614093973769107,0.38223542731291577,117,1,exchange,Offshore,business,unknown,0,0,0,0,0,7,clean,2023-02-15 20:00:00
40743.12980813992,18,15348.155277904129,6,0.1316224178036897,0.1426758113352607,0.0306662495933206,0.27297721822747495,33,1,withdrawal,Kuwait,business,finance,0,0,0,0,0,2,clean,2023-10-29 22:00:00
5700.384165851805,21,6965.206476558935,43,0.5842600215963816,0.46129950103063405,0.2359572847408143,0.09338504476083709,108,1,withdrawal,Russia,investment,NGO,0,1,0,0,0,15,suspicious,2023-11-08 15:00:00
10615.837556570177,28,657.7526711041777,18,0.6709302615292949,0.12751920012498685,0.0003465046002191375,0.4143006283561465,43,10,withdrawal,UAE,business,NGO,0,0,0,0,0,10,clean,2023-06-21 13:00:00
636.9259950157755,35,1702.2921563933787,44,0.11931215874173558,0.35466532924158134,0.13812269773360816,0.17419301136428428,17,14,payment,Russia,business,NGO,0,0,0,0,1,9,suspicious,2023-09-01 03:00:00
2408.574770046284,22,5147.915906735354,5,0.25043357854755716,0.43381259883559264,0.13482110112940474,0.11332193774516454,7,10,payment,UAE,investment,finance,0,0,0,0,0,16,clean,2023-04-22 07:00:00
64721.26626800068,40,3588.9078251146398,9,0.668761499542735,0.3434095563070507,0.18970568873729846,0.21038879630614854,59,14,transfer,UAE,personal,construction,0,1,0,0,0,6,suspicious,2023-03-30 16:00:00
50337.06461729864,23,3554.4003693931068,20,0.18850220962216652,0.1769528613782562,0.030312362838686022,0.16229216167156782,27,1,deposit,Jordan,charity,construction,1,0,0,0,0,12,clean,2023-12-02 23:00:00
100.0,3,6027.721413567747,28,0.3527275866457332,0.33767291785404435,0.09467650882327718,0.18813543384281875,36,2,transfer,UAE,charity,finance,0,0,0,0,0,8,clean,2023-09-08 09:00:00
45489.61198018223,40,7024.177651982766,26,0.335824663025377,0.18539966140785222,0.03455806520955928,0.02258975152865477,105,2,deposit,Offshore,investment,real_estate,0,0,0,0,0,9,clean,2023-07-31 23:00:00
15288.144203527514,50,12750.940900162446,18,0.3189075701299525,0.19018766832093342,0.05057600573545854,0.18339497687541298,19,4,transfer,Kuwait,investment,finance,0,0,0,0,0,7,clean,2023-08-20 04:00:00
30365.01850464766,10,3335.84805976071,19,0.571462120666653,0.4128553752079412,0.18861614669681329,0.00037640082764744894,15,3,withdrawal,Jordan,personal,real_estate,0,0,0,0,0,14,clean,2023-03-29 09:00:00
9097.384036380143,25,13097.198231767488,3,0.2764307475143691,0.08733109559390469,0.19708425072560934,0.2262125578373443,70,4,withdrawal,Saudi Arabia,charity,unknown,0,0,0,0,1,11,clean,2023-08-16 01:00:00
10872.541030466566,52,3307.307650976693,9,0.2339367907638836,0.3887109294969649,0.1988331533780496,0.0046668933058893825,57,5,deposit,Jordan,investment,NGO,0,0,0,0,0,12,clean,2023-06-06 10:00:00
10066.2824926329,49,456.22916676011926,36,0.29278405969958227,0.10559651391479417,0.012837821281200442,0.13004643121228038,100,4,withdrawal,Jordan,business,real_estate,0,1,0,0,0,19,suspicious,2023-09-09 09:00:00
16488.07855598375,8,6462.857261296807,31,0.23390650198731194,0.08162679925955887,0.03434243404460837,0.047605758803087136,69,3,transfer,Jordan,investment,NGO,0,0,0,0,0,10,clean,2023-12-08 00:00:00
2256.2618131418576,55,7091.959057860342,49,0.40143605769131246,0.4648207299784541,0.13040408892511487,0.09804529763276941,53,3,payment,Russia,charity,unknown,0,0,0,1,0,19,suspicious,2023-11-02 16:00:00
456.479713799569,11,21810.55809727721,17,0.09689915977816523,0.28520111585045194,0.1467689416692666,0.26052589467923565,109,4,exchange,Kuwait,personal,NGO,0,1,0,0,0,13,clean,2023-02-10 18:00:00
5521.021320206713,5,10358.80812313003,23,0.1713651506078364,0.30713687657107536,0.0309982586766027,0.024814548695219055,69,6,transfer,Offshore,personal,NGO,0,0,0,0,0,3,clean,2023-11-21 10:00:00
18295.47521311259,58,19986.13870028616,34,0.2520823711972731,0.18428369345180332,0.031097037262497507,0.0726266160912391,2,7,deposit,Jordan,business,retail,0,0,0,0,0,16,suspicious,2023-01-04 18:00:00
3381.9458165491556,45,19117.982927301247,41,0.3612378623906861,0.21249726896606283,0.04628680337247052,0.2600938844003973,107,4,withdrawal,Saudi Arabia,business,finance,0,0,0,0,0,5,clean,2023-01-23 01:00:00
16786.776139979687,53,7422.335144362554,41,0.18802428085938283,0.24435281645373785,0.07643312479920808,0.09221455727929237,18,8,exchange,Kuwait,charity,construction,0,1,0,1,0,8,suspicious,2023-05-02 21:00:00
52554.45585343814,55,6002.178572386172,5,0.3823096672934226,0.3276243006529995,0.10147490664672289,0.23321852849772942,32,6,exchange,Russia,business,retail,0,0,1,0,0,1,suspicious,2023-02-05 21:00:00
1479.0959058268045,37,6521.451327138081,15,0.2171611027519536,0.1983893907468277,0.011362933581311265,0.03721594728414958,111,5,withdrawal,Unknown,charity,construction,0,1,0,0,0,14,suspicious,2023-11-24 18:00:00
16748.686258568043,56,30654.90988644646,47,0.6925246874236849,0.5667903594296012,0.014091382483304906,0.05053209627258929,113,8,transfer,Iran,charity,real_estate,0,0,0,0,0,5,suspicious,2023-02-19 00:00:00
8798.067596357603,59,11868.354117273044,3,0.31498320211889963,0.3036494477283659,0.20333719861024363,0.03540380631904762,29,6,withdrawal,Russia,investment,finance,0,0,0,0,0,16,suspicious,2023-11-25 17:00:00
30390.474332902744,45,898.775845633393,19,0.5915975371249916,0.610585787728869,0.11629450900053102,0.12441738951943548,49,1,payment,Iran,business,finance,0,0,0,0,0,1,suspicious,2023-03-03 21:00:00
2924.716485879657,38,12056.076174181826,28,0.3488735400555991,0.49440570056126126,0.08826203762112626,0.2931863895998206,84,11,deposit,Egypt,investment,finance,0,0,0,0,0,3,clean,2023-10-11 04:00:00
17695.348145705306,29,1495.824320656603,3,0.11426659362444344,0.710838667295925,0.03275622416805855,0.25638317604168165,83,1,withdrawal,Unknown,investment,retail,0,0,0,0,1,3,high_risk,2023-07-05 00:00:00
27313.062923964684,5,4744.25106105043,38,0.10594761538617095,0.3706421845885035,0.3794803346301328,0.21132710267699437,116,14,transfer,UAE,charity,unknown,0,0,0,0,0,11,clean,2023-01-14 07:00:00
43401.48581070409,9,1890.4349310715197,4,0.24074698344510648,0.07947027903519188,0.0741192389300008,0.1688933556608829,80,13,payment,Russia,charity,real_estate,0,0,0,1,0,11,suspicious,2023-02-15 05:00:00
17244.54352476933,59,9358.711481960852,24,0.44496019624151073,0.2588493627545753,0.04151363342224597,0.07345160958896348,75,10,payment,Unknown,charity,retail,0,0,0,0,0,5,suspicious,2023-07-06 05:00:00
10312.689189173094,48,16784.738239920865,31,0.17909377556828074,0.0624954156874305,0.10230801307977876,0.023609991027460208,60,10,transfer,Iran,charity,retail,0,1,0,0,0,12,suspicious,2023-09-14 02:00:00
14429.022833264122,2,2744.001092690835,45,0.06525378915135552,0.5167189274729652,0.008265218035503749,0.20646938583018268,28,6,deposit,Offshore,investment,unknown,0,1,0,0,0,6,suspicious,2023-10-06 12:00:00
30477.49364051867,1,684.5567127409091,45,0.6054696532348073,0.47195253563824463,0.1013772394619579,0.014636120752797252,86,8,exchange,UAE,personal,construction,0,1,0,0,0,16,suspicious,2023-08-18 14:00:00
12680.836381035087,40,2836.1963254262105,11,0.09764614422818685,0.24646507555767946,0.2757001704408612,0.0501491445194052,27,9,payment,UAE,personal,construction,0,1,0,0,0,6,clean,2023-03-24 04:00:00
462.874766008578,51,8926.764040016971,37,0.2586434995268425,0.28856666572562406,0.02704027771466383,0.23137511605112074,81,4,transfer,Egypt,personal,finance,1,0,1,0,0,9,suspicious,2023-10-08 20:00:00
40093.582609487596,30,3189.029767018211,1,0.2460130428997333,0.28547216491248234,0.27959276573292363,0.02757884395344511,8,11,payment,Kuwait,charity,retail,0,1,0,0,0,10,clean,2023-02-22 13:00:00
17544.863040167256,11,2607.0840710490875,9,0.04922538124617131,0.24806980759836816,0.21182677866319263,0.04902052525758464,72,7,exchange,Saudi Arabia,business,unknown,0,0,0,0,0,14,clean,2023-01-29 10:00:00
16928.963158192335,28,1630.9951046330036,17,0.3646355484271209,0.36995792643979725,0.025418455049731076,0.05938076727967821,23,9,transfer,Kuwait,personal,unknown,0,0,1,0,0,15,suspicious,2023-09-03 21:00:00
3643.9799702703594,44,5505.538639045007,1,0.16134849199931245,0.43442044962842163,0.19309138624531458,0.02723761678959117,32,12,payment,Offshore,investment,construction,0,0,0,0,0,7,suspicious,2023-07-02 07:00:00
16133.05490502133,12,2583.1456780254916,3,0.09874747475083866,0.5796352101585043,0.015991104289087718,0.08056701248293521,108,13,transfer,Russia,investment,unknown,0,0,1,1,0,5,suspicious,2023-02-21 21:00:00
7509.773473437883,39,10504.658982062982,47,0.6778840304774143,0.35357573741953147,0.11381764881357813,0.10421047879063558,15,8,transfer,Jordan,charity,construction,1,0,0,0,1,7,suspicious,2023-01-11 07:00:00
15800.267035308547,26,637.736236298437,26,0.4741981953561811,0.4272994894610743,0.1404912180741555,0.05511926209874938,91,12,exchange,Iran,investment,construction,0,0,1,0,0,8,suspicious,2023-02-05 13:00:00
1690.6960317404407,13,8725.939493466067,31,0.2456533766590818,0.1621224171712814,0.03990873801252103,0.2941844822222448,68,13,transfer,Unknown,investment,NGO,0,0,0,0,0,14,suspicious,2023-03-08 13:00:00
16087.384776987848,59,2169.8518498243243,26,0.6226141161062048,0.2281981233115431,0.05050067357075657,0.045426791459213134,40,8,deposit,Jordan,personal,retail,0,0,0,0,0,15,clean,2023-07-09 18:00:00
111625.84364556608,8,5375.458698288139,23,0.09117191219463971,0.43610372303346256,0.06408152335172748,0.08274043480602894,96,1,payment,Kuwait,personal,NGO,0,0,0,0,0,17,clean,2023-01-20 06:00:00
741.1949834145104,54,2695.986126352536,30,0.2144379099068057,0.278297290947708,0.020191083616521156,0.22047354811387163,57,10,withdrawal,Egypt,investment,real_estate,0,0,0,0,0,16,clean,2023-07-05 23:00:00
56697.94668843343,28,10263.224133172083,10,0.2966931452587947,0.20665655317780685,0.08234893290645677,0.3145566254601345,47,6,deposit,Kuwait,personal,NGO,0,0,0,0,1,9,clean,2023-03-27 00:00:00
7836.085236818959,58,23248.16227559106,8,0.4255518257439662,0.1505826624299487,0.00503692724803693,0.09820786538739457,101,11,deposit,Iran,investment,finance,0,0,0,0,0,11,suspicious,2023-03-27 21:00:00
30690.5019152363,30,19918.721225320587,44,0.3182140305446056,0.14266714958501797,0.009768125018914081,0.11467891499519682,118,9,transfer,Unknown,investment,real_estate,0,0,0,0,0,4,suspicious,2023-01-26 07:00:00
22875.450854014387,9,7005.533428394082,25,0.20829266163127433,0.40508766199355195,0.10100123748143394,0.07110403041864387,10,8,deposit,Unknown,personal,unknown,0,0,0,0,0,2,clean,2023-10-07 21:00:00
12555.826588898286,39,4968.254043213544,22,0.0666250575092864,0.5292050475027391,0.033213954508148916,0.06995441496632447,56,2,deposit,Offshore,charity,NGO,0,0,0,0,0,2,clean,2023-12-06 12:00:00
20116.901787789877,31,13643.20885858378,15,0.2677183101965148,0.48152817488331495,0.2348146804412229,0.1217581364065282,117,5,deposit,Offshore,personal,real_estate,0,0,0,0,0,15,clean,2023-02-12 20:00:00
31619.536514375093,58,9199.068564347202,41,0.1379065758315013,0.17794239108546206,0.17294487780676973,0.0245989372999703,92,11,transfer,Iran,charity,real_estate,0,0,0,0,0,8,suspicious,2023-12-03 20:00:00
7766.251179730541,21,1622.4551430742713,10,0.09739606093127037,0.28131170639794134,0.04007482954434301,0.1613948994186133,52,4,deposit,Egypt,business,construction,0,0,0,0,0,16,clean,2023-11-23 08:00:00
5940.888371865097,56,13759.34603486501,20,0.2985284239173358,0.37452835007583807,0.16619903876235528,0.15098163984375967,96,8,withdrawal,Egypt,investment,retail,0,0,0,0,0,8,clean,2023-03-25 22:00:00
16520.944757584602,47,4481.3089552674255,41,0.2614264534575827,0.1955177054699788,0.15391820410023208,0.031599396931927176,96,9,deposit,Unknown,business,unknown,0,0,0,0,0,5,suspicious,2023-09-17 02:00:00
24741.8676445661,34,1675.756344906204,47,0.17544449206161572,0.3118599793457075,0.0009590348392153133,0.04782304157082119,63,12,transfer,Jordan,investment,finance,0,0,0,0,0,11,clean,2023-11-19 07:00:00
21550.25053230768,55,2648.028063752147,23,0.5603909610116199,0.26335215709314336,0.18722474787332977,0.3584094260129956,51,3,transfer,UAE,personal,construction,0,0,1,0,0,5,clean,2023-03-03 04:00:00
23978.482146716633,31,2490.6307210776913,1,0.31565874497996604,0.44159160223970384,0.04744040372051387,0.028263848319430098,79,9,exchange,UAE,business,finance,0,0,0,0,0,8,clean,2023-11-18 07:00:00
8579.437451128297,52,5858.547216905225,2,0.0853661356202193,0.4499031869342624,0.08374858796608756,0.14052758205519844,70,1,exchange,UAE,business,retail,0,1,0,0,0,16,clean,2023-02-20 23:00:00
25542.57159578795,25,2136.4509847501363,19,0.21163020881789157,0.4405259440048875,0.56103560119867,0.1697036820457634,9,7,withdrawal,UAE,investment,real_estate,0,0,0,0,0,6,clean,2023-12-24 09:00:00
1921.0644398035718,12,1055.1554644937503,14,0.5901712743731661,0.32460662250743794,0.19639107578444517,0.031851793910180046,102,8,payment,Egypt,investment,NGO,1,1,1,0,0,6,suspicious,2023-01-13 08:00:00
11795.034425164244,1,1056.2907203652762,8,0.4428854225811574,0.4396004459567342,0.05391349060857717,0.08235257784170949,94,6,exchange,UAE,charity,real_estate,0,0,0,0,0,7,clean,2023-08-18 20:00:00
100.0,55,7002.652959110089,38,0.7290190637993533,0.18641645490466205,0.0038970515998900204,0.14349073462481243,41,4,deposit,Offshore,charity,retail,0,0,0,0,0,18,suspicious,2023-04-16 06:00:00
5886.437864147818,22,10616.940170608266,12,0.3050694681212426,0.38025239153951007,0.0067558953863615274,0.08566870826840327,40,4,transfer,Jordan,personal,unknown,0,0,0,0,0,3,clean,2023-11-15 13:00:00
6846.518439437792,40,3103.3556049243502,26,0.3239916578141213,0.2809215923149776,0.039780450375387584,0.45348566688726494,16,7,exchange,Egypt,business,construction,0,1,0,0,0,14,clean,2023-12-03 05:00:00
7567.0055278300115,37,282.12227513969924,27,0.20003598856420385,0.6344532677968754,0.09915613011434075,0.022548285303896333,25,10,transfer,UAE,business,real_estate,0,0,0,0,0,17,suspicious,2023-04-02 11:00:00
17834.647530467162,47,1088.618870205102,29,0.38160222066365024,0.18075673019994443,0.5482401661249919,0.13115888201790624,10,6,deposit,Saudi Arabia,charity,NGO,0,1,0,0,0,10,clean,2023-11-28 10:00:00
7379.030140671097,1,19692.13644445713,15,0.13816031726401595,0.06494143827698452,0.07628083643538876,0.08971286476936421,30,4,transfer,Russia,personal,retail,0,0,0,0,0,16,suspicious,2023-11-09 21:00:00
8931.968783458928,1,5442.537260846838,46,0.06221772956687346,0.1750695120611118,0.009717198030507204,0.36336470999711656,9,5,transfer,Unknown,business,construction,0,0,0,0,0,19,suspicious,2023-04-23 11:00:00
4068.159730979669,57,4834.833673442623,1,0.38480064245604473,0.14730774522387277,0.00013368249825901002,0.10328565569912737,40,10,exchange,Egypt,investment,construction,0,0,0,1,0,12,suspicious,2023-10-05 10:00:00
7008.156008260143,42,310.3356042208715,43,0.5297099546730135,0.046904974607541026,0.18157011142836185,0.07959084739934211,57,4,transfer,Egypt,investment,retail,0,1,0,0,0,14,suspicious,2023-07-16 20:00:00
3867.3764629957323,54,10434.383626041652,28,0.12867936171210123,0.23211835388125326,0.07543784592377333,0.010324525536192241,46,1,deposit,UAE,investment,real_estate,0,0,0,0,0,11,clean,2023-07-06 20:00:00
1140.1963238308083,42,6007.36434450355,3,0.1689423735077224,0.13542075489226357,0.13458386581065174,0.2054018505946173,119,4,withdrawal,Iran,business,unknown,0,0,0,1,0,1,suspicious,2023-05-26 18:00:00
13874.243929776843,21,1805.984882747004,18,0.3153849818260031,0.2382830897531386,0.129544699952405,0.006022695643421527,7,6,transfer,Jordan,personal,real_estate,0,1,0,0,0,10,clean,2023-12-27 13:00:00
16548.922126066034,15,932.9335703866943,34,0.6085978594537127,0.4747149902875101,0.004502200614006624,0.5172608805434085,43,11,transfer,Jordan,charity,real_estate,0,0,0,0,1,11,suspicious,2023-11-19 04:00:00
14493.655952226274,17,3868.1206479933444,32,0.03564566376786221,0.5013326980804912,0.025211851106351574,0.11978265587791759,116,2,deposit,Iran,charity,real_estate,0,0,0,0,1,4,suspicious,2023-04-03 06:00:00
9340.164225254211,22,14519.993740291617,29,0.08755653783832187,0.5391218196931334,0.006269546183687761,0.270985298722021,48,7,payment,Jordan,charity,NGO,0,1,0,0,1,18,suspicious,2023-04-29 18:00:00
7165.355171698498,38,16037.318435255806,25,0.3633124823886542,0.19739713095875644,0.09736446680475914,0.09522431465258248,113,9,deposit,Saudi Arabia,investment,real_estate,0,0,0,1,0,11,clean,2023-05-17 13:00:00
29853.190828421324,35,7387.456975973927,26,0.326318155170276,0.43868974378133285,0.11869302184460019,0.09464670712620925,119,12,exchange,Jordan,business,NGO,0,0,0,0,1,8,suspicious,2023-02-02 16:00:00
10980.870822023904,45,10402.002813786454,39,0.027053411415775937,0.24699788355935742,0.03579099477383755,0.47737767755024946,104,11,exchange,Saudi Arabia,business,NGO,0,0,0,0,0,7,clean,2023-09-11 14:00:00
9785.315872728741,16,978.7494434653712,8,0.33742098822326383,0.2393335508087805,0.1081681206428328,0.11559018228890165,76,10,withdrawal,Unknown,charity,finance,0,0,0,0,0,17,suspicious,2023-03-17 11:00:00
389.6483091302171,8,7096.303684804717,19,0.22421654826398085,0.24206774995012212,0.056037585696085995,0.020910916707083133,57,2,transfer,UAE,charity,retail,0,0,0,0,0,6,clean,2023-12-31 01:00:00
6261.118221161965,47,8796.078414192592,47,0.13911705017057902,0.6519444833754302,0.14499698887719784,0.1677793513796684,17,7,withdrawal,Russia,business,unknown,1,0,0,0,1,10,high_risk,2023-01-27 13:00:00
7175.270473482078,17,1792.2800174458373,42,0.08831981174223481,0.11301373389950176,0.015175872629008037,0.0732275928311396,25,2,withdrawal,Jordan,charity,NGO,0,0,0,1,0,12,clean,2023-05-20 21:00:00
7632.982712969988,17,16972.430473305456,22,0.1966321472929779,0.20840140574227997,0.01725473563205253,0.06625360767604355,111,9,transfer,Iran,business,unknown,0,0,0,0,0,2,clean,2023-01-27 01:00:00
13018.66582297906,54,1735.2715904229326,29,0.31185845237355847,0.237862621943358,0.07957337272167492,0.03205301319109326,7,12,transfer,UAE,investment,finance,1,0,0,0,0,13,suspicious,2023-07-24 07:00:00
11440.756565293033,26,3008.9286017269696,33,0.2876526644100095,0.09137684626945886,0.13613728021875415,0.027674922840640083,55,1,deposit,Egypt,charity,unknown,1,1,0,0,0,13,suspicious,2023-04-12 20:00:00
14043.770374122296,13,7752.403903159928,38,0.43943934567850823,0.11804924017103106,0.11734900270673858,0.39397366816997303,19,13,withdrawal,Iran,charity,finance,0,1,0,0,0,5,suspicious,2023-02-07 13:00:00
21715.09693180322,17,8136.628526241061,45,0.1555360239276425,0.4810779426950793,0.010514667000697102,0.08992616460025071,81,4,withdrawal,Saudi Arabia,business,finance,0,0,0,1,0,6,clean,2023-02-04 07:00:00
25148.556022277473,38,9615.392328798904,46,0.2793581155568478,0.3091678179436684,0.11266164879714316,0.09269357137604048,32,13,exchange,Unknown,personal,NGO,1,0,0,1,0,16,high_risk,2023-09-29 14:00:00
18994.271157470863,17,950.3738117526759,35,0.594753889789904,0.3058202333453075,0.03972478975789153,0.0700193044110903,87,12,withdrawal,UAE,charity,unknown,0,0,0,1,0,18,suspicious,2023-09-29 10:00:00
46691.98087506308,48,15148.447013830833,43,0.07771975376544941,0.44827348349689705,0.021708088577558,0.04734041110843929,109,2,deposit,Egypt,personal,unknown,1,0,0,0,0,17,suspicious,2023-12-29 08:00:00
276.0126687405004,14,6088.789880101636,3,0.25927309580127456,0.10530117182968667,0.07310103776211821,0.05923211215835293,32,1,payment,Saudi Arabia,personal,real_estate,1,0,0,0,0,15,clean,2023-02-16 10:00:00
3268.1986606876944,45,5099.002709232533,19,0.23939782850266336,0.17691463226233448,0.1280053642003346,0.17916745985208815,26,13,withdrawal,Jordan,charity,NGO,1,0,0,0,1,15,high_risk,2023-01-27 12:00:00
113.87427797123533,6,31747.741421588868,10,0.24562946675118508,0.24740488451063888,0.1912414059862942,0.12489068534708382,72,2,deposit,Kuwait,charity,finance,1,0,0,1,0,15,suspicious,2023-12-23 06:00:00
15639.493896116275,35,10788.23756579629,27,0.14916653504269303,0.2684912064155183,0.15861492804099145,0.04865524129959088,22,10,deposit,Egypt,personal,construction,0,0,0,0,0,4,clean,2023-05-20 17:00:00
34246.23015099715,46,1004.5604472038057,15,0.228274051183957,0.3987501243060163,0.015585308080318732,0.04801087805118897,110,6,payment,Iran,personal,retail,0,1,0,1,0,9,suspicious,2023-11-02 09:00:00
4185.440164166603,14,11302.393603433571,11,0.5400853840631544,0.5185760345787106,0.22773349832526985,0.32104511336946534,55,5,deposit,Russia,charity,real_estate,0,0,0,0,1,12,suspicious,2023-08-19 04:00:00
39266.53749335578,47,800.7635062637067,47,0.40695985202427143,0.4484786565388382,0.1336777351691114,0.39152723892123237,57,12,exchange,Egypt,business,NGO,0,0,0,0,0,14,suspicious,2023-08-13 04:00:00
932.3985290808096,8,222.83947230506413,26,0.5904955134372997,0.4227029890500673,0.02330169923489955,0.15700756734233826,8,13,payment,Russia,charity,finance,0,1,0,0,0,1,suspicious,2023-02-05 09:00:00
40870.93384500177,15,4135.096930665234,24,0.4428815420043864,0.3198400960441627,0.1071538263763931,0.20690621874969875,46,1,exchange,Jordan,investment,NGO,0,1,0,0,1,10,suspicious,2023-06-09 02:00:00
6499.237189598076,54,40384.420753399914,13,0.24529560321229463,0.3940395010922532,0.018243565235011274,0.11920119267361566,5,3,withdrawal,Egypt,investment,real_estate,1,0,0,0,0,15,suspicious,2023-01-24 14:00:00
1604.106920879053,27,1537.8497531381688,32,0.2642058384641418,0.2734490267575881,0.058180297021592366,0.5113309707135234,12,12,withdrawal,Russia,business,real_estate,0,1,0,0,1,11,high_risk,2023-11-30 16:00:00
9979.238233491174,13,8933.664517248706,37,0.5442898020526039,0.13908742037405072,0.19412536914992543,0.12838854647430564,27,10,deposit,Russia,personal,NGO,0,1,0,1,0,1,high_risk,2023-12-21 06:00:00
4451.378446172578,49,1523.4369432832682,4,0.13409609593651864,0.20555336316897768,0.21054850037920464,0.07096911160287539,84,6,deposit,UAE,personal,NGO,0,0,0,0,0,8,clean,2023-07-07 18:00:00
5029.424888874929,31,10321.678757412943,13,0.20121072824396324,0.5786057354714983,0.062314317673503795,0.07837381932367851,11,5,payment,Egypt,personal,retail,0,0,0,0,1,9,clean,2023-05-14 02:00:00
5507.156807419179,53,5631.298024523059,9,0.3253536887747457,0.22603615116932432,0.06800901155950594,0.4293463533749171,36,6,withdrawal,Iran,investment,unknown,0,0,0,0,0,3,clean,2023-07-04 13:00:00
24370.24529948135,56,9114.767049001946,49,0.2165087424575855,0.2939003820300573,0.15786489054643482,0.05914267262000965,52,8,transfer,Saudi Arabia,charity,unknown,0,0,0,0,0,1,clean,2023-06-14 19:00:00
11620.607072073906,35,1813.9318881473894,34,0.2823162474382105,0.5174735747697262,0.017261424767604932,0.02721566070143678,2,6,deposit,Jordan,business,NGO,0,0,0,0,0,10,clean,2023-05-23 03:00:00
5594.410436301788,6,10951.670589510337,37,0.18655511540000144,0.07492644142568941,0.10485523678496955,0.0072889097151016815,74,11,payment,Iran,charity,retail,0,0,0,0,0,6,suspicious,2023-06-22 08:00:00
14136.971414317686,5,43443.935037007446,48,0.23483861202321338,0.32748767952895014,0.11895842592797719,0.18160262280611061,106,14,deposit,UAE,personal,NGO,0,0,0,0,0,19,clean,2023-02-10 06:00:00
18889.67586972152,22,8764.547422354808,7,0.09563158849823909,0.288147657372056,0.14172653283354272,0.16431042105299254,71,5,payment,Saudi Arabia,charity,real_estate,0,0,0,0,1,4,clean,2023-03-14 23:00:00
4774.676133120691,58,5441.531724760777,1,0.21685698793491937,0.23962714571022584,0.05439460537393097,0.04391884023527285,12,11,withdrawal,Unknown,business,finance,0,0,1,0,0,19,suspicious,2023-07-21 12:00:00
8004.995009386532,49,20529.69605054119,12,0.27650280011814227,0.18776113655837592,0.08324561426056962,0.2609304171446491,55,4,deposit,Unknown,investment,unknown,0,1,0,1,0,7,suspicious,2023-11-03 19:00:00
1949.684392821008,23,127.8306114112652,21,0.21860029102152684,0.2738912633128316,0.06767966125000258,0.009400035122823005,80,5,deposit,Saudi Arabia,charity,construction,0,0,0,0,0,12,clean,2023-03-14 03:00:00
2997.803515832081,25,10472.4007855238,11,0.13683095672164194,0.5007552886288705,0.05087018585193961,0.03028217787487885,31,13,transfer,Kuwait,charity,NGO,0,1,1,0,0,5,suspicious,2023-11-03 06:00:00
17144.005389392554,34,17567.552391097284,44,0.24396645126190453,0.37020466587384,0.23495396976862742,0.5310548041084223,91,11,withdrawal,Iran,business,NGO,1,1,0,0,0,19,high_risk,2023-12-15 16:00:00
3003.0984222547086,26,509.26771490811376,44,0.15577639367902352,0.14189202839315282,0.08916517518118001,0.13830750435703817,32,9,payment,Russia,business,finance,1,0,0,0,0,19,suspicious,2023-09-06 16:00:00
11171.767495981501,47,4783.629448365579,44,0.11703908100184608,0.1820091998656445,0.1263577480076085,0.1290974373257197,106,14,transfer,Iran,personal,real_estate,0,1,0,0,1,7,high_risk,2023-02-22 10:00:00
18518.864991595285,5,1832.4827077196956,14,0.3753541366560025,0.15061973724310504,0.013873923050861582,0.040930304719678505,64,10,payment,Saudi Arabia,business,construction,0,0,0,0,0,14,clean,2023-11-27 16:00:00
1695.4632528070565,26,6687.243104878028,34,0.07913673611575166,0.18193800492228218,0.015450643604415283,0.26308527535529336,104,11,deposit,Jordan,investment,finance,1,0,0,0,0,9,suspicious,2023-05-20 20:00:00
12566.083088522202,20,8388.137150364302,34,0.2049433720840506,0.017011583960449442,0.2140707153983557,0.14950772377337393,91,6,exchange,Russia,personal,retail,0,0,0,1,0,5,suspicious,2023-11-09 07:00:00
4447.0644013872625,6,2883.4350978625885,25,0.2880399236498382,0.35655370063580355,0.05525542721643251,0.05512127954961517,59,5,deposit,Saudi Arabia,charity,construction,0,1,0,0,1,18,suspicious,2023-05-11 02:00:00
49422.94457711889,6,4929.217559675062,4,0.3453302338960554,0.10029096785995172,0.1681878534008525,0.04453832350752724,25,11,withdrawal,Jordan,personal,NGO,0,0,0,0,0,9,clean,2023-08-22 05:00:00
9911.525569902107,59,2620.696847591919,26,0.6832384179497308,0.14339271107952262,0.22222003717293654,0.10371565577570097,104,11,payment,Offshore,charity,real_estate,0,0,0,0,0,5,suspicious,2023-02-24 13:00:00
24597.88076153039,50,3688.556165112287,16,0.34392920834645974,0.13472918908050052,0.07871200065698065,0.3023620855973371,69,8,transfer,Offshore,business,NGO,1,0,0,0,1,16,high_risk,2023-08-09 18:00:00
11985.168749904167,18,1390.4469316205762,10,0.07723715091943512,0.11179350805842049,0.23667691264155438,0.10750803550762665,68,5,deposit,Offshore,personal,construction,0,0,0,1,0,9,suspicious,2023-06-26 03:00:00
665.7457391979918,4,17341.59799000085,45,0.3694480893719383,0.4837271457941737,0.24534688982209685,0.1120252990524984,117,5,payment,Jordan,investment,retail,1,0,0,0,0,11,clean,2023-11-26 01:00:00
15042.089753615286,17,100.0,2,0.45219654322566516,0.1706470926939902,0.16803898156217542,0.28300464695174293,44,8,transfer,Iran,personal,unknown,0,0,0,0,0,14,clean,2023-04-04 15:00:00
45363.00780187099,57,17124.354900699484,35,0.2692673529484156,0.22236109219601374,0.06390705013524156,0.04108321708986947,43,9,deposit,Kuwait,investment,unknown,0,0,0,0,0,3,clean,2023-01-26 06:00:00
13804.926341307368,14,6783.056643946114,19,0.22575802555031912,0.4685959810068516,0.1264200422765079,0.07752629029657183,15,8,exchange,Russia,personal,NGO,1,0,1,0,1,7,high_risk,2023-10-08 17:00:00
25654.533220615936,14,3223.6402181125113,6,0.27798842947951397,0.07637687292529041,0.05781224520991449,0.0486334239876749,13,9,exchange,Unknown,business,unknown,1,0,0,0,0,11,suspicious,2023-01-29 01:00:00
32339.1979523105,13,10271.552185292852,19,0.3556309879235232,0.39671658638085383,0.010883836826432746,0.11274838823484376,97,9,deposit,Offshore,charity,retail,0,0,0,0,0,17,suspicious,2023-08-15 10:00:00
3883.1109875475036,7,5670.183463646217,8,0.4174029017923686,0.14127303605800223,0.08706786699015767,0.09050375912867172,69,8,withdrawal,Russia,personal,NGO,0,0,0,0,0,18,clean,2023-10-26 04:00:00
3574.7114127023365,44,5530.9286709598755,14,0.26175299523724505,0.42648430903452805,0.1722053213134841,0.1228119668594345,70,14,exchange,Jordan,charity,finance,0,1,0,1,0,19,suspicious,2023-03-30 08:00:00
14161.905970642954,55,933.5495798764075,10,0.390195531658329,0.35179554005103886,0.2809156016037077,0.17614573943552927,45,7,payment,Egypt,charity,retail,0,0,0,0,0,17,clean,2023-02-05 11:00:00
7940.6614850036585,15,3948.0258904060697,3,0.06961778368215081,0.3428192838987766,0.03305793382093924,0.1377593816023901,25,13,withdrawal,Saudi Arabia,charity,construction,0,0,0,0,0,9,clean,2023-02-03 15:00:00
27475.724732533858,19,2206.7062586411475,38,0.17383438681653002,0.29215946130975423,0.27195348924815105,0.08443002196426706,25,7,withdrawal,Iran,personal,finance,0,1,1,0,0,14,suspicious,2023-02-09 06:00:00
34542.245305692835,43,126.56312515549611,29,0.18607011017981911,0.28103049782735606,0.295577869167275,0.08251136178877247,10,12,deposit,UAE,charity,unknown,0,1,0,0,0,11,suspicious,2023-10-26 17:00:00
6540.907176352721,47,3571.542302750286,15,0.0916689580156804,0.39708853654579007,0.08798410111797213,0.06681817385799449,62,1,payment,Egypt,personal,NGO,0,0,0,0,0,15,clean,2023-03-10 10:00:00
4054.914219126646,44,752.9218912145378,23,0.28193205800799226,0.47395250301420916,0.019513864235873566,0.10331278071302562,12,7,payment,Egypt,investment,retail,0,1,0,0,0,4,suspicious,2023-09-28 13:00:00
22747.78943688673,35,2374.644072357538,23,0.3333141108992758,0.3188494327709916,0.10018634241677689,0.016834000683154677,67,10,transfer,Jordan,charity,real_estate,0,1,0,0,0,19,clean,2023-06-01 01:00:00
4819.7418410124865,17,776.6402269130517,18,0.5198424886831704,0.642507519246738,0.01802874353448334,0.054070571828561,29,6,exchange,Jordan,investment,unknown,1,0,0,0,0,9,suspicious,2023-06-25 10:00:00
25941.433882785524,35,851.2585118262493,46,0.2655245199479473,0.10340814283597473,0.2519076534365188,0.11862450148495421,93,14,exchange,UAE,charity,real_estate,0,0,0,0,0,2,clean,2023-12-23 18:00:00
8267.899511331152,19,1775.2674592534622,19,0.3705530018402642,0.4481214705981882,0.26578826248408555,0.3450601175675025,43,12,withdrawal,Kuwait,personal,NGO,0,0,0,0,0,8,clean,2023-12-09 00:00:00
16518.982548080552,20,70398.80918853013,28,0.36403679602059164,0.09194672024487942,0.03363934300397951,0.10693613072402912,88,1,withdrawal,UAE,personal,finance,0,0,0,0,0,7,clean,2023-09-26 00:00:00
1506.180259366887,36,100.0,26,0.2228559989076974,0.06383224555702148,0.06671277176459833,0.20604198913564492,88,10,deposit,Saudi Arabia,investment,unknown,0,0,0,0,0,18,clean,2023-05-22 18:00:00
14666.881035980612,35,8143.7672513244015,10,0.3156678806224363,0.28810611493078736,0.11016856728425836,0.12700489882617885,89,13,payment,Jordan,investment,NGO,0,0,0,0,0,19,clean,2023-05-29 23:00:00
9015.842069441775,32,1218.16077543938,47,0.13493334705286117,0.18701239672605252,0.04665438660808472,0.004976396395201385,111,10,exchange,Russia,business,retail,1,1,0,0,0,18,high_risk,2023-09-13 07:00:00
13250.401560999073,58,20268.890721329568,4,0.4832251209799644,0.5532569555735956,0.025017013104946882,0.05335651074618414,113,8,transfer,Unknown,business,real_estate,1,1,0,0,0,15,high_risk,2023-01-10 12:00:00
2759.098723847369,48,786.486880099898,2,0.5272330828810553,0.4752659296060973,0.39071144125598417,0.013777584903108332,37,9,exchange,Iran,business,retail,0,1,0,0,0,11,suspicious,2023-04-28 15:00:00
20026.81957122799,44,24819.98347461435,3,0.3418123428694055,0.5175879058707136,0.04417344863450448,0.003127480386850028,69,11,exchange,UAE,charity,unknown,0,0,0,0,0,12,clean,2023-01-21 06:00:00
29794.413948178164,40,7551.893744043537,7,0.35713969088135883,0.0737873135937592,0.29003775473004456,0.15819127474341274,119,11,exchange,UAE,investment,retail,0,0,0,0,1,3,suspicious,2023-04-22 01:00:00
3664.3549003280905,24,100.0,16,0.12034730581881191,0.4696747558021781,0.10743555932705898,0.10580915309950055,11,2,withdrawal,UAE,business,unknown,0,0,0,0,0,4,clean,2023-12-08 06:00:00
1509.1531689420144,17,17955.072736409915,31,0.4416641207214477,0.19107507016650319,0.12821078836310718,0.016805650032952583,40,13,payment,Iran,investment,construction,0,0,0,0,1,18,high_risk,2023-01-06 18:00:00
358.8368989736099,7,5900.3344173352925,10,0.22064778020135895,0.25921800778863596,0.15903071404331123,0.18239395412871817,107,4,payment,Saudi Arabia,business,retail,0,0,0,0,0,12,clean,2023-06-26 20:00:00
15407.140320743809,43,2437.754934858422,19,0.3816198897809455,0.17835930720133383,0.05421221384920481,0.1201311540690719,119,11,exchange,Egypt,investment,construction,0,0,0,0,0,16,clean,2023-02-22 14:00:00
14012.77459985877,50,11663.32584462772,28,0.2304454190745533,0.3601039217356112,0.08217684031002034,0.11603804774539608,63,7,payment,Jordan,investment,real_estate,0,0,0,0,0,12,clean,2023-11-06 20:00:00
11867.931200753485,1,20901.79877714447,17,0.28619005882513765,0.21464482142240596,0.04046547290051007,0.20741495296494308,22,14,deposit,Saudi Arabia,business,NGO,1,1,0,0,0,7,suspicious,2023-02-24 14:00:00
3958.4499441193325,35,5288.396103913061,28,0.2670195288088587,0.2868269366461739,0.015162106044831885,0.5513260880144457,116,12,withdrawal,Offshore,charity,retail,0,0,0,0,0,12,suspicious,2023-03-24 04:00:00
7436.739975978077,32,3033.1580736723963,19,0.11463311989481231,0.2093288703122507,0.019966208057891382,0.10079748036796157,15,13,withdrawal,Saudi Arabia,business,retail,1,0,0,0,0,4,suspicious,2023-11-11 19:00:00
13538.64071308983,36,12445.09682545775,37,0.568850569677509,0.18444112038024918,0.006552301396774692,0.385218303671947,9,11,payment,Unknown,investment,real_estate,0,0,0,0,0,16,suspicious,2023-12-18 22:00:00
10300.525724878738,13,9160.236706737458,23,0.26973230049901636,0.34726030927170326,0.0067992565918217505,0.22771845715804429,114,13,exchange,Saudi Arabia,personal,retail,0,0,0,0,1,16,suspicious,2023-05-03 02:00:00
66076.9974507199,6,17567.981472241263,20,0.4083479036832517,0.12102754021562068,0.4274497011091762,0.036161150391792476,70,1,exchange,Russia,charity,unknown,0,1,0,0,0,17,suspicious,2023-03-31 15:00:00
2200.37418922991,58,9434.606101832043,13,0.3242820099808756,0.20612795287189276,0.1335928138926879,0.027835448027893415,64,8,exchange,Kuwait,charity,construction,1,0,0,0,1,9,suspicious,2023-08-01 21:00:00
17818.763436306956,14,2232.7216559739736,13,0.0921936800478581,0.3062228925888002,0.0029360720784039926,0.021918130368176362,90,12,payment,UAE,personal,finance,0,0,0,0,0,14,clean,2023-03-04 13:00:00
7770.744012155991,37,21465.99243431979,43,0.06389827342743251,0.06787756887944017,0.12250874954990418,0.183122103407527,6,9,exchange,Offshore,business,unknown,0,0,0,0,0,5,suspicious,2023-10-19 07:00:00
8384.479884775736,48,885.9844389651012,11,0.03733690354295178,0.4817960353653265,0.2105927306078534,0.27518631085073564,96,13,payment,Saudi Arabia,investment,finance,0,0,0,0,0,18,clean,2023-05-06 11:00:00
18966.342921285795,15,2495.1724627403196,48,0.15559719433777164,0.17086683932162078,0.044585463967869554,0.02297517530326619,43,13,transfer,Offshore,business,real_estate,0,0,0,0,0,12,suspicious,2023-03-20 08:00:00
17686.088629797217,47,5874.997520387018,15,0.19688751338235413,0.17912677493898232,0.008732094965031014,0.0548883824023016,20,8,payment,Russia,investment,real_estate,0,1,0,0,0,7,suspicious,2023-03-07 14:00:00
71090.80211796555,4,6672.932091987877,17,0.20159352280402296,0.4430633850029878,0.011542301905780896,0.08498875425549864,99,2,deposit,Jordan,personal,retail,0,0,0,0,0,2,clean,2023-10-12 12:00:00
2061.2718620487467,40,123.43203124160716,28,0.4247626822087775,0.26470102844556165,0.14202237631049835,0.21875238234133498,43,8,exchange,UAE,investment,unknown,0,0,0,0,0,18,clean,2023-05-21 15:00:00
1649.0587506098311,59,12133.875410333569,19,0.2073449463506079,0.19367063422428507,0.20833187546883153,0.012031044685205116,62,8,exchange,Jordan,investment,NGO,0,0,0,1,0,3,clean,2023-01-14 06:00:00
19328.741485103135,16,3590.413572889321,4,0.033132430140270806,0.09685689266236558,0.20099760411756842,0.22130734147387707,67,2,withdrawal,Russia,business,finance,1,0,0,0,0,15,suspicious,2023-01-23 06:00:00
12955.008757019707,28,4172.646579669285,22,0.18598382754080975,0.42628277229484995,0.01660271432725982,0.4866919197978101,82,11,payment,Iran,investment,construction,0,1,0,0,0,11,suspicious,2023-07-05 21:00:00
4806.398886750392,16,13259.348101462536,22,0.03768662687677207,0.32692257297847593,0.04134139444249677,0.015367956650425417,99,9,transfer,Egypt,business,NGO,0,0,0,0,0,10,clean,2023-05-09 02:00:00
1241.2603102169621,4,3815.045188753336,37,0.41296013662530745,0.13375759308758414,0.019459491253830015,0.23967322911109532,52,1,exchange,Iran,business,unknown,0,0,1,0,0,19,suspicious,2023-06-29 18:00:00
1343.263065958619,45,387.0109609079587,39,0.6754313090337782,0.20797247150346845,0.051928940846812155,0.05005247517738769,74,7,withdrawal,Offshore,charity,NGO,0,0,1,0,0,13,suspicious,2023-04-19 03:00:00
33691.777686983834,26,1552.948748555276,34,0.2935369658814276,0.1697779699675066,0.047616729181379026,0.10795592054292988,100,13,payment,Jordan,personal,real_estate,1,0,0,0,0,16,suspicious,2023-06-12 07:00:00
3195.4354778994602,28,24970.939482854676,33,0.393245576265178,0.11216927365610131,0.5167232210019369,0.06331056623010291,94,2,withdrawal,Kuwait,business,unknown,0,0,0,0,0,18,clean,2023-10-15 07:00:00
5859.494894213712,32,584.0532912513157,44,0.1794876359124095,0.38294650842182615,0.3059203109269295,0.002428233413259027,26,8,transfer,Saudi Arabia,personal,construction,0,0,0,0,0,12,clean,2023-07-16 15:00:00
3855.4774514344995,45,3507.186421670581,42,0.24764326134938447,0.41471861995831183,0.07716907990552986,0.14931664896778102,94,8,payment,Kuwait,charity,unknown,0,0,0,0,0,15,clean,2023-11-20 05:00:00
6577.488522156311,2,5596.20651972323,40,0.18641296888236875,0.4249666360664464,0.04012770325018667,0.09076633817862008,31,4,exchange,Iran,business,retail,0,0,0,0,0,2,clean,2023-04-01 00:00:00
1079.2704109744475,31,5438.386631410612,33,0.624656972520562,0.21375889300269668,0.014077238063452329,0.02340634448927923,55,8,payment,Russia,personal,NGO,0,1,0,0,0,13,suspicious,2023-06-07 10:00:00
10980.184830383021,3,100.0,12,0.337603562709081,0.12384216462876606,0.14506337614968196,0.20007957409064195,68,5,exchange,Russia,charity,construction,0,0,0,1,1,12,suspicious,2023-07-07 01:00:00
1050.1026956616206,54,5563.802812503979,2,0.02879296831938231,0.21192369608652753,0.02434428248867633,0.20705046354066242,57,9,deposit,Egypt,charity,finance,0,0,0,0,1,15,suspicious,2023-11-01 17:00:00
24168.33063238878,8,3873.111978037345,28,0.21852111661752877,0.305190958895123,0.09513524176222794,0.27530322693952425,24,1,exchange,Jordan,investment,real_estate,0,0,0,0,0,3,clean,2023-03-23 13:00:00
3992.95961526309,24,28627.105602533306,10,0.2476224459368273,0.4897228423424928,0.07162058840900598,0.027649754721810266,65,13,withdrawal,Unknown,investment,unknown,0,0,1,0,1,17,high_risk,2023-08-14 02:00:00
11648.32036722892,15,1386.8223793451666,22,0.3445137807943357,0.5748227194688885,0.18199463675198368,0.10177432052891042,26,5,transfer,Offshore,personal,construction,0,0,0,0,0,6,clean,2023-08-05 09:00:00
31813.842247346125,43,3497.5559869262706,17,0.2676906446227921,0.5617015879029237,0.02463583555988373,0.2854520836809747,49,14,payment,Unknown,business,retail,0,0,0,0,0,11,suspicious,2023-07-02 23:00:00
15784.98060615396,31,4350.668668714979,26,0.24133425960329236,0.10690131600239623,0.03867407933938699,0.02189196457621654,93,13,deposit,Egypt,investment,retail,0,1,0,1,0,4,suspicious,2023-08-06 15:00:00
11420.034488620975,9,3963.471317563175,3,0.3324456101653984,0.029647964862204904,0.35448692756234557,0.3558478384868971,38,9,deposit,UAE,business,finance,1,0,0,0,1,10,suspicious,2023-04-23 13:00:00
5880.840637262191,39,8768.86328159175,7,0.34915802425400166,0.2264243759773492,0.18279865837605874,0.020034560837332547,36,6,deposit,Kuwait,investment,real_estate,0,0,0,0,0,19,clean,2023-04-25 14:00:00
6074.521518357702,45,1941.8007713940985,44,0.343395616152479,0.1087777346992599,0.016515167991013973,0.6213140531643119,54,4,withdrawal,Russia,investment,retail,0,0,0,0,1,9,high_risk,2023-10-21 14:00:00
16606.63725854604,2,1998.6887157289277,8,0.33596836823938125,0.09830479889293545,0.02760847852150238,0.02915168294218554,9,1,exchange,Offshore,personal,real_estate,0,1,0,0,0,19,suspicious,2023-07-17 18:00:00
77092.45012060957,8,10451.32135177028,20,0.09519440258348992,0.4495699845804033,0.033419672682213485,0.0629881510177693,42,13,deposit,UAE,investment,construction,0,0,0,0,0,15,clean,2023-04-24 06:00:00
16263.505904478467,7,5549.827094271398,12,0.40637359015695035,0.22260772868199413,0.059406541462427714,0.10293875880433835,96,10,transfer,Saudi Arabia,charity,unknown,0,0,0,0,0,9,clean,2023-10-31 23:00:00
12239.33266451972,56,4291.276640664684,35,0.24721130257816246,0.24312012102440897,0.02451729104323846,0.2623673168250937,101,12,transfer,Saudi Arabia,investment,finance,0,0,0,0,0,13,suspicious,2023-09-09 13:00:00
19676.18286289217,44,1482.958881328742,17,0.35686582698779956,0.16812525480692514,0.10264903549412523,0.23516910989540876,104,14,payment,Saudi Arabia,investment,retail,0,0,0,0,0,2,clean,2023-11-09 19:00:00
9388.093919736133,51,1661.382963697762,28,0.2658512328764058,0.05229366185422357,0.24092789034898351,0.5832389897086823,82,6,transfer,Unknown,personal,unknown,0,0,0,0,0,8,suspicious,2023-10-26 07:00:00
930.4026522482632,39,100.0,41,0.32525185482969493,0.20648313170935217,0.14132455897227902,0.035602970980438395,24,11,exchange,Egypt,personal,retail,0,1,1,0,0,12,suspicious,2023-11-12 20:00:00
12393.213902159416,42,767.0338994783209,10,0.39325703245967536,0.3719305762882159,0.09468900976277977,0.00915529841057002,40,14,exchange,Offshore,charity,finance,1,0,0,0,0,9,suspicious,2023-06-22 17:00:00
47418.05140943002,57,6510.571638997341,22,0.09097933371071557,0.26179357672992526,0.1937073293372571,0.057069671179237516,82,7,deposit,Egypt,personal,retail,0,0,0,0,1,5,suspicious,2023-02-05 05:00:00
2891.087444110553,16,17795.600153277894,38,0.18892842500996682,0.48572541616418113,0.24479139270085024,0.23306992543815894,103,7,exchange,Russia,investment,finance,0,0,0,1,0,4,suspicious,2023-01-22 16:00:00
17567.98137702387,35,2708.039779297761,33,0.1642863153350331,0.21812220465296867,0.07504966214431397,0.4978823102977806,8,9,exchange,Saudi Arabia,charity,unknown,0,0,0,0,0,13,clean,2023-09-28 07:00:00
3364.670156133869,30,3176.96685796886,22,0.051200119477250915,0.20770668286989227,0.3540028759789427,0.017698657897448924,103,4,deposit,Russia,investment,construction,0,0,0,0,1,15,suspicious,2023-01-09 18:00:00
11512.491390396697,10,982.8173919519521,44,0.31954166154629954,0.22990500051995075,0.016600104857767195,0.009706181510861495,54,4,payment,Jordan,investment,finance,0,0,0,0,0,2,clean,2023-10-06 12:00:00
1525.1172555354133,38,3936.435881165931,37,0.08329361212845056,0.17709841984143068,0.13709787920016744,0.231352246894629,115,5,exchange,Offshore,charity,construction,0,0,0,0,0,1,clean,2023-09-16 02:00:00
8977.67486768821,18,303.45693202222,13,0.579476039583109,0.2656029045204081,0.08851315116937306,0.09771060807296643,11,12,exchange,UAE,personal,real_estate,1,0,0,1,0,4,suspicious,2023-10-02 15:00:00
21168.84987813685,50,19969.426335062024,27,0.6208996638707637,0.20442425953378662,0.2637731688252391,0.35240034830843936,107,14,withdrawal,Kuwait,personal,unknown,1,1,0,0,0,10,suspicious,2023-08-15 10:00:00
6405.806422281812,5,8945.085441722224,15,0.11252926441689372,0.150975832034806,0.0014680165800705627,0.015504750482682437,99,9,payment,Jordan,investment,finance,0,0,0,0,0,1,clean,2023-12-24 00:00:00
16400.419093141325,53,37464.024171953286,22,0.29552709400342836,0.37317101231219973,0.3299002244533128,0.2362925678260946,88,2,deposit,Egypt,personal,unknown,0,0,1,0,0,2,clean,2023-12-03 19:00:00
23804.139643745253,29,17152.56844117517,30,0.33616327214139,0.12597253624067198,0.030480436507263012,0.2190412846659722,116,4,withdrawal,UAE,business,NGO,0,1,0,0,0,12,clean,2023-02-02 20:00:00
39296.020390563135,39,5124.295054639626,43,0.33497771780289254,0.055196877307816014,0.054093778625768654,0.06100125586527013,77,14,withdrawal,Offshore,charity,construction,0,0,0,1,0,16,suspicious,2023-02-22 03:00:00
4011.175315733334,34,5866.5056413770435,40,0.33071376632173877,0.1755388056556626,0.24555904253753777,0.24311115777833867,95,9,payment,Unknown,charity,construction,0,0,0,0,0,3,suspicious,2023-12-09 21:00:00
7645.291993718022,43,1691.4596228456137,37,0.6032646104536045,0.3313848608914103,0.14750755998341833,0.4815362903696865,56,6,exchange,Russia,investment,unknown,0,0,0,0,0,9,suspicious,2023-02-20 05:00:00
2480.4801798360418,45,4959.7587955911695,34,0.34315155830525845,0.3074018645214497,0.051021504095401106,0.19726645027341894,94,14,deposit,Offshore,investment,unknown,0,0,0,0,0,3,suspicious,2023-10-10 21:00:00
73359.82443072082,23,18666.653578954247,44,0.16909768482251533,0.14310963259124915,0.008477680357145382,0.1730394139725277,29,6,payment,UAE,charity,NGO,0,0,1,0,0,16,clean,2023-07-05 20:00:00
39259.63645737858,5,417.53631045309066,34,0.33391378889797807,0.1870785618363261,0.19903652570161856,0.32563376679372597,42,7,withdrawal,Kuwait,investment,construction,0,1,1,0,1,8,suspicious,2023-04-22 06:00:00
11646.53398198684,30,15934.775121190534,48,0.2558546012211838,0.4062842907871757,0.07291005711205806,0.11953315617163922,6,5,transfer,Kuwait,charity,NGO,0,0,0,0,0,19,clean,2023-12-29 02:00:00
27680.564880929574,6,3335.620313467092,35,0.11041182705184092,0.28403570361855773,0.18716452338306105,0.17064074597171167,3,4,deposit,Iran,charity,NGO,0,0,0,0,0,11,clean,2023-03-07 10:00:00
11039.504329474294,56,18381.7966034711,42,0.10980792534183983,0.039647926770398335,0.18003307482909914,0.019300541858562354,92,11,transfer,Iran,business,unknown,0,0,0,0,0,6,suspicious,2023-07-27 07:00:00
14655.972729325962,58,22625.47534506484,19,0.252441043778289,0.3862697320371808,0.016085931000888003,0.014872368277624923,74,3,exchange,Kuwait,charity,NGO,0,1,0,0,0,14,suspicious,2023-05-06 11:00:00
1400.2346931453271,46,8890.29547772846,8,0.40926039757818294,0.24581765704290476,0.18379308700027158,0.08485261918343957,98,2,payment,Iran,business,construction,0,0,0,0,0,1,suspicious,2023-09-28 01:00:00
21114.021527336085,44,8735.249477679756,39,0.2636784310112573,0.2735089885747763,0.44834207421265476,0.3368283431318559,65,7,exchange,Egypt,investment,real_estate,0,0,0,0,0,12,clean,2023-09-15 17:00:00
2049.560028433607,4,4822.85975188494,33,0.5311580804012489,0.297186674496147,0.20850699605612005,0.09486730008053805,12,5,payment,Jordan,personal,construction,0,0,0,0,0,15,clean,2023-01-06 22:00:00
26236.33102403009,29,14440.714118237258,44,0.45149162768409395,0.2023423472860757,0.13805286685868134,0.04571298536215787,36,1,withdrawal,Jordan,personal,NGO,0,1,0,0,0,16,suspicious,2023-01-23 03:00:00
22850.836005279976,23,26080.24100370203,28,0.3024359623163166,0.1396730179731192,0.11685240635329278,0.20561115844394576,56,4,exchange,Jordan,business,retail,0,0,0,0,0,4,clean,2023-11-30 11:00:00
18503.326036404134,6,11936.14799954688,37,0.45616601970234905,0.06797809329097834,0.10833053102356088,0.08526269102000646,52,9,transfer,Saudi Arabia,investment,construction,0,0,0,0,0,8,clean,2023-06-21 19:00:00
552.4555207732968,32,7781.5498108281445,48,0.3379518050280474,0.36706404425688116,0.08917174875422165,0.020898143488328948,32,8,withdrawal,Offshore,charity,real_estate,0,1,0,0,0,17,suspicious,2023-07-20 06:00:00
5417.310600773252,42,7467.35058621245,25,0.3911684955479673,0.25535676070201396,0.009083961623965974,0.06998481070392938,56,11,payment,Jordan,charity,construction,0,0,0,0,0,3,clean,2023-06-11 15:00:00
4579.802087686912,18,15148.737802488877,36,0.017976743421496064,0.37296626694160473,0.04493704171775482,0.16780503920590767,11,7,withdrawal,UAE,charity,unknown,0,0,0,1,0,3,clean,2023-03-16 11:00:00
6697.503930292754,15,6233.1928130543065,17,0.12500997404244402,0.09337301670694628,0.05569558453108883,0.1723121557742223,1,5,transfer,Saudi Arabia,charity,NGO,0,0,0,0,0,15,clean,2023-02-23 01:00:00
1375.8546085856644,40,13031.408072553842,24,0.3448001508091992,0.3461698531886842,0.060377021564247166,0.3729057340588942,112,1,deposit,Kuwait,charity,real_estate,0,0,0,0,0,15,clean,2023-08-17 17:00:00
41459.26951338111,58,5688.619858460136,21,0.17143112447085532,0.35066116716417123,0.006968229654369095,0.03947204462048626,6,12,payment,Saudi Arabia,investment,finance,0,0,0,0,1,8,suspicious,2023-07-02 21:00:00
12104.895281447723,32,515.8326630099629,2,0.28272689041483895,0.08701847420715579,0.19026538198716877,0.3086207213540734,91,5,deposit,Egypt,business,construction,0,0,1,0,0,15,clean,2023-06-16 00:00:00
5468.971829214032,9,3875.3783571381714,31,0.34843023739905726,0.21060682494594982,0.13196217976215202,0.03895056701312035,79,8,withdrawal,Unknown,investment,unknown,0,0,0,0,0,8,suspicious,2023-10-18 09:00:00
7587.111466598986,37,4702.243109844095,44,0.4268730419937465,0.13933711230891208,0.21796363365889398,0.12340684064929056,74,4,exchange,Unknown,business,finance,0,0,0,0,0,19,suspicious,2023-01-09 05:00:00
8891.454033639453,10,1221.6414204290331,33,0.01979948840412275,0.129812260132734,0.3255013049524147,0.02252854046696962,24,12,payment,Unknown,business,finance,0,0,0,0,0,4,suspicious,2023-12-14 17:00:00
13766.665053311881,20,865.104548705544,30,0.472950623054485,0.45303188932943383,0.01805255064651106,0.06710925895231087,72,5,withdrawal,Offshore,investment,finance,0,0,0,0,1,1,suspicious,2023-06-12 10:00:00
10875.123780681593,6,6133.746122843058,12,0.2978066000685604,0.39801104725396,0.12225302157437676,0.2984417349264266,81,8,payment,Saudi Arabia,personal,retail,0,0,0,1,0,3,clean,2023-01-10 03:00:00
37772.3556977647,48,711.9056469756288,44,0.139911844654334,0.08652432235479429,0.0068865341500039005,0.14363534730582192,24,5,transfer,Jordan,investment,NGO,1,0,0,0,0,8,suspicious,2023-01-20 04:00:00
10306.387693811843,56,2887.129620628082,12,0.26066819359895615,0.31914319167097827,0.032756889143294,0.01667279136329774,77,14,withdrawal,Russia,personal,unknown,0,0,0,0,0,17,suspicious,2023-05-16 05:00:00
72723.94898040353,59,10919.299960469074,49,0.4146561285519516,0.23240771631376986,0.002975889288646194,0.1069324410435765,9,4,exchange,UAE,business,retail,0,0,0,0,0,17,clean,2023-09-22 17:00:00
28599.976699924206,3,26690.51176284397,24,0.1190702129908198,0.6701227753414969,0.060948532607150885,0.012051608875101573,59,11,payment,Iran,investment,unknown,0,0,0,0,0,6,suspicious,2023-06-26 09:00:00
3507.580257591478,42,10123.115032872807,24,0.45068395622307705,0.1539607616438409,0.005476011671274289,0.1675809063551473,70,4,exchange,Offshore,business,unknown,1,1,0,0,0,11,suspicious,2023-05-05 10:00:00
40016.99190883281,11,39277.86996809963,11,0.5183477591272448,0.7603513013296517,0.3424358706264129,0.034312630096956565,93,13,exchange,Offshore,personal,NGO,0,1,0,0,0,6,high_risk,2023-07-21 04:00:00
1855.6916926491442,43,9587.583987802942,13,0.2527618276670299,0.2175696263654519,0.11281922458523246,0.005401448403258128,23,6,transfer,Kuwait,business,real_estate,0,0,0,0,0,1,clean,2023-12-16 02:00:00
25510.943610160888,17,2782.7917264173816,27,0.12621156547145454,0.10552353582200141,0.04418701882973316,0.4715390303059651,86,10,deposit,UAE,investment,finance,0,0,0,0,0,3,clean,2023-08-17 23:00:00
7185.624280006457,32,8919.214943171697,8,0.17615306683593246,0.637243769834997,0.034192275068340716,0.10852921094194184,85,1,withdrawal,UAE,personal,construction,0,1,1,0,0,9,suspicious,2023-04-12 15:00:00
31552.85652364854,4,9689.503908810922,10,0.3259512878782334,0.17952924125061195,0.06817963932530127,0.2844248244269372,17,4,deposit,Kuwait,personal,real_estate,0,0,0,0,0,15,clean,2023-03-09 11:00:00
30380.743787334402,4,3718.2437529055187,8,0.27545222356893795,0.11678639151567129,0.09079121868919661,0.28882567338531945,98,14,deposit,Kuwait,business,construction,0,1,0,0,0,8,clean,2023-08-24 13:00:00
24592.689875361713,17,142.98094866674455,20,0.3456008789725796,0.15568975020506898,0.25695406357017647,0.13591722098625766,90,1,transfer,UAE,business,NGO,1,0,0,0,0,16,clean,2023-03-02 19:00:00
23411.890403463916,41,9717.568340313583,8,0.34020327845571363,0.4379580473203461,0.10035231837038303,0.02350911026480046,114,12,exchange,Offshore,personal,finance,1,0,0,1,0,10,high_risk,2023-02-25 07:00:00
5450.728043876801,19,175.5120392611118,9,0.31348110937942947,0.39384813803176905,0.012107590666929496,0.137447864764416,25,6,exchange,UAE,business,unknown,0,0,0,0,0,14,clean,2023-02-17 15:00:00
1265.719938011242,5,7979.747692166851,7,0.3794324025182743,0.43851959087008474,0.09837043480414409,0.40164398889338854,112,8,withdrawal,Unknown,charity,NGO,0,1,0,1,1,16,high_risk,2023-03-30 23:00:00
7737.074471134495,32,1429.3442045258716,14,0.18014853214620594,0.27707957913080616,0.07314891623879266,0.1849396076222825,38,4,transfer,Egypt,personal,real_estate,0,0,0,0,0,15,clean,2023-09-30 21:00:00
2858.775350499863,22,6670.381050898697,28,0.5983548327933296,0.3561425543262317,0.09968852167974228,0.02351500570440798,3,8,payment,Offshore,personal,retail,1,0,0,0,0,9,suspicious,2023-12-06 14:00:00
17809.24726466211,56,5608.032124594738,2,0.25938697555997264,0.22560747420071167,0.01766985167916026,0.08649503939734307,67,14,exchange,Offshore,charity,unknown,0,0,1,0,0,10,suspicious,2023-10-02 00:00:00
6372.006393196596,6,108.84626090191475,43,0.49640322127186015,0.09316590776075898,0.06099054518692011,0.3172931742619747,14,2,withdrawal,Iran,investment,NGO,1,1,0,0,0,8,suspicious,2023-05-28 19:00:00
55703.85453190624,35,3606.1999778711115,8,0.36693159285937993,0.16938180253518154,0.04754240501339676,0.04605084621948921,106,5,payment,Jordan,investment,retail,0,0,0,0,1,12,clean,2023-10-18 19:00:00
15365.326718041864,22,7352.17902332056,13,0.19360377744669285,0.5028531992226615,0.011454495637830223,0.01882363634017626,10,14,deposit,Egypt,investment,unknown,1,0,0,0,0,5,clean,2023-01-07 04:00:00
25930.127631149066,1,15102.985714691707,21,0.32136507483045057,0.2148680062004603,0.09580183918394262,0.03961993531387442,66,3,transfer,Jordan,investment,unknown,0,1,0,0,0,14,clean,2023-03-05 19:00:00
2132.5231314983916,20,17560.048516681145,47,0.3005018157282731,0.4772175448001965,0.1297420269219857,0.11466164925207681,71,14,payment,Offshore,charity,finance,1,0,0,0,0,3,suspicious,2023-09-25 17:00:00
29709.098150046764,22,5290.862400098147,28,0.2638350578455884,0.3106186647948948,0.09359845016254426,0.042996737150127966,14,7,exchange,Kuwait,charity,real_estate,0,0,0,0,0,15,clean,2023-08-29 14:00:00
38412.02172924199,48,10428.061459029217,35,0.5729607213607305,0.23568641712206082,0.007232291815106018,0.22716648006436713,113,13,withdrawal,UAE,business,NGO,1,0,1,0,0,6,suspicious,2023-01-24 06:00:00
10014.00210822374,55,3043.6973429576215,23,0.18732914520204372,0.15320882684988332,0.2683747950914319,0.0858845087033818,81,9,withdrawal,Jordan,charity,NGO,0,0,0,0,0,19,clean,2023-08-13 14:00:00
13980.69824737486,11,3350.669433743577,46,0.4242854946896952,0.22821794743989907,0.0075879731553146175,0.06423919065456453,10,1,transfer,Egypt,charity,NGO,0,0,0,1,0,18,suspicious,2023-04-21 05:00:00
21710.411014977566,13,1729.9743018794302,15,0.4103349990613711,0.11397753430015532,0.24290468679755783,0.10982687211781589,99,8,deposit,Saudi Arabia,investment,construction,1,1,0,1,0,7,suspicious,2023-05-27 03:00:00
2882.644626818689,59,6603.343242301415,2,0.2714816504133973,0.4965621625063533,0.03500113969283248,0.19834608808009863,49,4,exchange,Kuwait,investment,finance,0,1,0,0,0,3,suspicious,2023-08-18 17:00:00
10474.388223245918,42,3021.60293631383,12,0.07999906074457003,0.19861210229163342,0.12447115349288002,0.03602593571206351,109,13,deposit,Iran,business,construction,0,0,0,1,0,5,suspicious,2023-04-01 13:00:00
7628.997235043517,3,705.1512406508859,36,0.38377796640366213,0.15768125685388865,0.06007820929826288,0.22294180203625105,91,10,transfer,Egypt,charity,unknown,0,1,0,0,0,16,suspicious,2023-08-29 19:00:00
2373.9316656789156,9,9241.615704667523,3,0.2198058552698401,0.5039694162006585,0.06226934448303036,0.3088657673278965,62,11,transfer,Saudi Arabia,personal,retail,0,1,0,0,0,15,clean,2023-01-11 08:00:00
6871.942236850973,12,9841.253233946456,5,0.09922730092616538,0.34981321697026524,0.10727795187529073,0.13721368778679074,48,5,deposit,Jordan,investment,construction,0,0,0,0,0,9,clean,2023-05-30 08:00:00
1059.1104405616531,23,3570.202056326853,3,0.33474192438046735,0.10894187108119312,0.012943542891651226,0.00018412033901285402,3,12,payment,Iran,investment,retail,0,0,0,0,0,3,suspicious,2023-02-26 11:00:00
392.2631995321897,14,638.6113104861219,47,0.09866405558505192,0.26660223774352176,0.022137323540372757,0.023685349421116646,47,1,payment,Iran,charity,construction,0,0,0,0,0,12,clean,2023-02-28 01:00:00
2178.2704849284537,33,4445.157509229346,19,0.3336708620940493,0.045402238512382974,0.057251243983355245,0.04055503091762353,60,5,transfer,UAE,charity,retail,0,0,0,0,0,1,clean,2023-10-02 13:00:00
49499.30009965662,18,4671.981413464175,2,0.4087100513983619,0.3579423355688155,0.014389334494456063,0.07747685307198363,25,9,payment,Russia,business,finance,0,0,1,0,1,6,suspicious,2023-05-06 07:00:00
11961.941498371843,49,8837.144737238987,44,0.21457475668270165,0.24952842178407927,0.028701395076175786,0.036450216823893974,7,8,payment,Saudi Arabia,business,construction,0,0,0,0,0,2,clean,2023-11-13 21:00:00
50642.667478261596,59,3031.555967989534,37,0.5213065150486286,0.7532840193923047,0.07348493548475417,0.047646438273653814,77,8,withdrawal,Iran,charity,finance,0,0,0,0,1,13,high_risk,2023-05-10 00:00:00
8497.661865123748,41,9180.721614179056,17,0.228091474276097,0.29660751647566846,0.20575125286022886,0.2061501205193639,39,6,deposit,Iran,charity,finance,1,0,0,0,0,8,suspicious,2023-03-27 08:00:00
5605.488424960561,9,16413.897675351967,14,0.6406057950380312,0.342515218635179,0.142514022230451,0.17679001494664634,43,12,withdrawal,Unknown,personal,retail,0,0,0,0,0,18,suspicious,2023-10-08 03:00:00
10582.604621659497,23,2169.075724554819,28,0.1840045279641104,0.21404392444275305,0.029622398668957953,0.002274120066549193,46,9,withdrawal,Saudi Arabia,business,construction,1,0,0,0,1,16,suspicious,2023-07-08 03:00:00
8684.203359398225,10,30875.275988799352,27,0.4657345381239367,0.38035757851094876,0.13320919197093375,0.17040558929513075,89,4,transfer,Russia,personal,construction,0,0,0,0,0,2,clean,2023-05-29 21:00:00
1675.117508975879,19,3906.8808202731634,10,0.342926716371232,0.2693095393053514,0.07059481972715866,0.09122045314137923,43,6,transfer,Kuwait,personal,real_estate,0,0,0,0,0,16,clean,2023-04-07 18:00:00
15359.23806596239,47,2487.7004181768757,3,0.16718494953597554,0.47462755186804295,0.10890498494791423,0.2624830971449673,29,3,transfer,Saudi Arabia,charity,retail,1,0,0,0,0,3,clean,2023-09-22 08:00:00
3650.92442997496,5,4378.688501737938,36,0.2569404360600969,0.34235627280339614,0.211217707795278,0.0094272762125126,83,2,withdrawal,Offshore,charity,construction,0,0,0,0,0,16,suspicious,2023-04-03 09:00:00
14497.504267586457,47,793.2382746277339,38,0.026442030916142795,0.3069129762500817,0.1649164969892807,0.10028251293055108,103,9,exchange,Egypt,charity,unknown,0,0,0,0,0,16,suspicious,2023-12-09 03:00:00
15755.952589869295,52,1074.7077481778856,25,0.20100279785494765,0.2283265791728101,0.06504591086033519,0.16114576754337814,86,5,withdrawal,UAE,personal,real_estate,0,0,0,0,0,9,clean,2023-10-22 01:00:00
2473.5592733166964,23,4281.41166672018,22,0.2825434354848789,0.08695677384012973,0.14574828209269977,0.16242576027802402,66,11,withdrawal,Saudi Arabia,personal,construction,0,0,0,1,0,19,suspicious,2023-01-10 11:00:00
949.6831342579708,30,11498.832727603183,48,0.1926559624230055,0.45569507095520917,0.04369566849674733,0.45040705042432694,86,2,withdrawal,Unknown,business,retail,1,0,0,0,0,11,suspicious,2023-09-01 23:00:00
22763.932398358953,25,18445.698988699885,39,0.09176911132814294,0.2629208601099233,0.0005719962046015269,0.4509677732308689,99,5,payment,Saudi Arabia,business,NGO,0,0,1,0,0,2,clean,2023-02-11 05:00:00
9237.249331370795,28,8744.652667220005,47,0.2970668871105968,0.3395499410141342,0.03792028781442037,0.3129083481357294,98,6,payment,Unknown,investment,unknown,1,0,1,0,0,16,suspicious,2023-06-01 01:00:00
898.8585015572378,34,889.4152313339132,30,0.1891425243385493,0.029773824737242514,0.32463594727164546,0.02771342802587727,117,8,transfer,Saudi Arabia,business,construction,1,0,0,0,0,16,clean,2023-12-03 17:00:00
79078.97965104997,45,8918.41538370834,21,0.2964533699874834,0.3706123215301525,0.03264190621387857,0.12453146496333543,69,5,withdrawal,Offshore,investment,finance,0,1,0,0,0,15,suspicious,2023-02-28 07:00:00
892.7562213663552,56,8072.247989349773,30,0.2868697606836943,0.3772480848197066,0.16831402269848583,0.06086232094002309,27,12,withdrawal,Offshore,business,finance,0,1,0,0,0,7,suspicious,2023-07-01 12:00:00
17813.385202502268,48,13109.447549977509,28,0.6311072784529376,0.3935818293116175,0.01416790816224546,0.22980715167671936,82,2,transfer,Jordan,investment,unknown,0,0,0,0,0,12,clean,2023-05-03 09:00:00
61729.471164854294,47,13955.1301429351,31,0.7056353993323261,0.10696866049964081,0.14739718909123833,0.20470666122761053,112,13,deposit,Offshore,business,unknown,0,0,0,0,0,15,suspicious,2023-09-23 13:00:00
4100.379254357205,25,16211.94395120476,26,0.4716618932407757,0.15426310752822975,0.06993593347506405,0.40652658298170735,3,7,exchange,Iran,business,unknown,0,0,1,0,0,2,suspicious,2023-03-12 03:00:00
2301.6279185037743,10,4277.279537617214,43,0.47571625265250134,0.32014592794108687,0.14287043675862854,0.06618524158352779,56,5,exchange,Iran,personal,unknown,0,0,0,0,0,7,clean,2023-07-30 17:00:00
1941.1260903601403,14,9575.034722997734,22,0.43174348502792537,0.531371078289397,0.09742703423339175,0.3566635958994591,111,13,deposit,Kuwait,charity,retail,0,0,0,0,0,12,clean,2023-06-18 18:00:00
5420.470589116647,42,2498.5347512704616,21,0.47803256656552884,0.040820863839458446,0.25436233890379434,0.013078384510967855,64,11,transfer,Iran,business,finance,0,0,0,0,0,19,suspicious,2023-12-16 01:00:00
1597.8480532734222,57,58541.20127452994,1,0.618646353060288,0.13754584143121878,0.0656978484378655,0.2306473485036565,21,2,deposit,Kuwait,personal,construction,0,0,0,0,0,14,clean,2023-02-22 04:00:00
17672.69204892275,46,1542.216926417042,37,0.09260671516194761,0.19006157316769123,0.133543416348188,0.0367626029971316,24,12,exchange,Egypt,personal,construction,0,1,0,0,0,2,suspicious,2023-03-11 20:00:00
964.7469569929063,58,100.0,13,0.25674136598954383,0.41709571577894333,0.000644165550415447,0.07091590015796209,90,6,deposit,Saudi Arabia,charity,finance,0,0,0,0,0,14,clean,2023-09-16 15:00:00
10682.568786519552,30,1288.9471869436356,21,0.33331246670110204,0.3457142912049707,0.0782027874783616,0.012719793291430925,20,11,withdrawal,Offshore,business,construction,1,0,0,0,1,14,high_risk,2023-12-24 05:00:00
85693.19830199903,55,11964.314029033094,46,0.6281102270709287,0.3200873639331682,0.0396526040491689,0.20629504941931806,52,7,payment,Iran,investment,NGO,0,0,0,0,0,18,suspicious,2023-10-24 19:00:00
25227.73165015073,41,4736.0493778423015,9,0.26784270189559123,0.41460450521215675,0.08558193112321928,0.17825761999202733,13,8,withdrawal,Jordan,investment,finance,0,0,0,0,0,3,clean,2023-10-23 01:00:00
14326.231149298104,25,4746.418352927935,17,0.07972778220595257,0.4224785623200839,0.19633878605848112,0.06377667074963342,70,3,exchange,Offshore,charity,NGO,1,1,0,0,0,17,suspicious,2023-11-21 09:00:00
5484.732496304779,14,24812.81794932358,47,0.40370456719318554,0.1344646335218327,0.028918769581891962,0.03685543408277896,90,11,payment,Offshore,charity,NGO,0,0,0,0,0,16,suspicious,2023-04-12 09:00:00
14668.337142285354,35,20169.40301227253,21,0.027417203119009106,0.23101613104237637,0.06957375606755946,0.11281585432034263,112,4,payment,Unknown,charity,real_estate,0,0,0,0,0,13,clean,2023-05-08 22:00:00
11231.213338193014,52,2982.3734899234896,31,0.08526195059471654,0.45487194995736013,0.07204276754648185,0.04133087655573817,43,12,deposit,Egypt,business,finance,1,1,0,0,0,17,high_risk,2023-07-08 17:00:00
8329.067419750436,48,1876.246413021518,39,0.5158380623351615,0.3161576050622559,0.20834522852817025,0.0537785805758193,94,6,withdrawal,Jordan,business,construction,0,0,0,0,1,6,suspicious,2023-04-14 04:00:00
2101.183887905177,34,15096.41787797353,22,0.207304516674919,0.2768779468241604,0.2428962296461042,0.10243234402647361,78,3,deposit,Egypt,business,real_estate,0,0,0,0,0,5,clean,2023-05-22 14:00:00
32653.065897180713,10,18917.307205971494,12,0.19448004198527347,0.47722938026405015,0.18407444997478145,0.02812356388473509,111,11,exchange,Offshore,personal,construction,0,0,0,0,0,17,suspicious,2023-10-31 15:00:00
8961.682946891733,35,6240.051205490823,6,0.38525511002618523,0.23355357937554275,0.033044167617317884,0.09629959812399623,117,6,payment,Iran,investment,retail,0,0,0,1,0,15,suspicious,2023-05-30 06:00:00
3246.6627309212035,11,7941.5675802085025,16,0.2109709351142247,0.18894422811812878,0.05160074385301873,0.15371710629388974,37,9,deposit,Jordan,personal,NGO,0,0,0,0,0,2,clean,2023-08-12 07:00:00
6877.277750744029,11,2375.55101689979,26,0.4001551518987801,0.19925328290923852,0.38183951685562306,0.09198979250734976,102,12,payment,Egypt,personal,construction,0,0,0,0,0,7,clean,2023-09-17 14:00:00
8019.85401930201,21,12907.675422326221,5,0.37550046199009496,0.024005622118971878,0.03838581952692499,0.06441055424310045,30,5,withdrawal,Unknown,business,real_estate,0,1,0,0,0,4,suspicious,2023-09-03 08:00:00
26363.666266358,21,8000.040657346012,9,0.2831591016702666,0.3601818722135796,0.17676163060607183,0.0019060031233177801,15,2,exchange,Russia,charity,finance,0,0,0,0,0,19,clean,2023-05-22 12:00:00
19842.154842889173,22,5601.592071638393,46,0.2606639214826741,0.18351069637705042,0.025535710101380577,0.3867849326152591,83,10,withdrawal,Unknown,charity,construction,0,1,0,0,0,13,suspicious,2023-12-25 15:00:00
21999.874892552878,45,495.9271646143859,40,0.3730905377134682,0.06290277519791956,0.09664239305811559,0.12745291290215469,75,2,deposit,Offshore,personal,finance,0,1,0,0,1,3,high_risk,2023-01-12 22:00:00
166.38840032300794,7,19809.316191205093,14,0.11781460564766408,0.2813624624431561,0.013052055419959858,0.06968218043474407,84,14,deposit,Iran,charity,construction,0,1,0,0,0,9,suspicious,2023-02-04 05:00:00
8071.770396614631,55,7645.481224906144,44,0.27219339801152764,0.18605621609368175,0.003537948697383275,0.11176246279302413,25,11,transfer,Kuwait,personal,unknown,1,0,0,0,0,10,suspicious,2023-06-20 19:00:00
9847.72081557241,17,1712.3912133270014,42,0.1213136646036166,0.20399037515616963,0.02798560089143819,0.08132774992623859,38,7,withdrawal,Egypt,charity,NGO,1,0,0,0,0,18,suspicious,2023-12-23 00:00:00
290.6825919966945,2,7459.078740267414,30,0.3191556893528231,0.07877791696364266,0.06225937838633585,0.10953398924115042,43,14,exchange,Jordan,business,construction,0,1,0,0,0,16,suspicious,2023-01-15 17:00:00
4512.790560327394,12,9052.308151504727,26,0.16196803502390678,0.3730707192375133,0.11936390348669018,0.008616888424966645,30,4,payment,Saudi Arabia,personal,NGO,0,0,0,1,0,4,clean,2023-06-22 18:00:00
21424.87022571567,57,5968.5084229158565,45,0.3663188244863406,0.05337699912111322,0.07729839816842625,0.22631243852116847,40,9,transfer,Jordan,investment,unknown,0,1,0,0,0,17,suspicious,2023-03-07 03:00:00
2212.015760008339,42,10129.672368255338,29,0.27422287000073614,0.6062742503535388,0.026410696160065705,0.06307337430835248,59,9,exchange,UAE,personal,construction,1,1,0,0,1,16,high_risk,2023-06-23 23:00:00
11495.775678972872,18,6967.746834518664,19,0.4150247241891296,0.16062165835216716,0.19650679678268085,0.38178878158096197,23,6,withdrawal,Jordan,charity,construction,0,0,0,0,0,1,clean,2023-04-24 15:00:00
3634.9313411534067,54,23616.721872944705,47,0.08923076768277993,0.5708257690047875,0.06043409091395868,0.019182225780365735,44,10,payment,UAE,business,unknown,0,0,0,0,0,5,clean,2023-02-03 01:00:00
182.9224537316643,59,441.54038632262416,8,0.6153360403402338,0.20852618977451456,0.048158247237518485,0.08168368413323684,81,13,exchange,Jordan,business,NGO,1,0,0,0,1,2,high_risk,2023-05-15 02:00:00
4140.28442775449,11,898.5950661845436,23,0.31245284704198917,0.2952928097473531,0.12083513469961216,0.026612798034836096,1,5,transfer,Jordan,investment,NGO,0,0,1,0,0,8,clean,2023-05-12 21:00:00
55866.825347143174,16,1526.1044040260997,42,0.14201652563850561,0.05136755559888836,0.2994777806756029,0.6921358951988854,106,7,payment,Kuwait,business,retail,0,0,0,0,0,16,clean,2023-04-11 14:00:00
24257.29736942321,49,9373.879795857421,35,0.20588748183149594,0.5902394120511967,0.0011741780017886512,0.2588913837111485,78,5,withdrawal,Egypt,business,finance,0,0,0,1,0,6,suspicious,2023-03-01 11:00:00
48125.213252868496,51,8298.539316633638,31,0.582373813070798,0.07117336720950218,0.012180332984889606,0.06415272459997962,103,13,payment,Russia,personal,real_estate,1,1,0,0,0,14,high_risk,2023-01-24 04:00:00
10037.18436166752,18,17809.353618936555,35,0.5599032384584985,0.358789908202684,0.02821300722201466,0.09410981329567307,82,9,withdrawal,Saudi Arabia,business,NGO,0,0,1,0,0,4,clean,2023-05-07 05:00:00
1743.5618129278876,35,10560.381983337014,32,0.45278492497964995,0.554692664106766,0.01176533081159568,0.195520658156289,41,9,deposit,Offshore,charity,NGO,0,0,0,0,0,8,suspicious,2023-09-20 10:00:00
11909.752155025417,53,5679.994874759537,5,0.09331576394782079,0.2847827522572285,0.204267133303396,0.4162059197155372,62,7,deposit,Saudi Arabia,investment,construction,0,1,0,0,0,14,suspicious,2023-07-26 15:00:00
9087.414466303928,59,38460.04631979348,16,0.11428691717330679,0.5047800140335544,0.33080189313012426,0.24152657270936992,60,4,withdrawal,Saudi Arabia,investment,real_estate,0,0,0,0,0,4,clean,2023-10-17 21:00:00
27902.863310997138,26,2475.146723476491,17,0.13738333729536975,0.6193181627717341,0.019950842944990783,0.010348148136327796,80,1,exchange,UAE,personal,retail,1,0,0,0,0,14,suspicious,2023-05-17 21:00:00
1548.4847412993574,16,14327.278312170127,32,0.33212182801069917,0.4985642360916602,0.10944895058700051,0.2702600985107409,10,4,transfer,Unknown,charity,construction,0,0,0,0,1,8,suspicious,2023-04-28 19:00:00
10048.526034447694,6,4452.030292623785,38,0.20894963836184968,0.5101166587779683,0.025179205402888382,0.1305471033470418,108,12,deposit,Russia,business,unknown,1,1,0,0,0,19,high_risk,2023-04-30 23:00:00
2438.6427557688667,57,8369.71799982891,32,0.2011643752202366,0.27208954529847834,0.06328584597894048,0.014095502048325634,73,14,exchange,Kuwait,personal,unknown,0,0,0,0,0,5,clean,2023-07-27 20:00:00
5888.438925205566,44,10394.139007287957,20,0.3762792003008411,0.1288205691121528,0.05338291113293074,0.2068872219222056,78,3,payment,Egypt,charity,construction,0,0,0,0,0,12,clean,2023-08-14 21:00:00
20054.398170371864,43,8035.602226217494,48,0.30850991407649025,0.15994624893121162,0.10881107516368364,0.07189336759962994,66,1,deposit,Iran,business,unknown,0,0,0,0,0,3,suspicious,2023-08-25 03:00:00
9694.472899374266,47,1211.3036089771383,2,0.04669509667911538,0.20312196084884196,0.16647987245805435,0.10442169611271858,57,13,exchange,Unknown,personal,retail,0,0,0,0,0,17,suspicious,2023-01-16 20:00:00
7071.388446323889,47,4680.816727550598,20,0.08879655156537782,0.39159850516935885,0.2685012899219314,0.031462777284613754,42,10,transfer,Kuwait,investment,finance,0,0,0,0,0,19,suspicious,2023-06-25 12:00:00
7524.923102378673,48,6594.039582514396,47,0.39185482411722355,0.23354836435353765,0.03317147963964964,0.0038585443757915925,54,4,payment,UAE,business,finance,1,1,0,0,0,6,suspicious,2023-05-26 23:00:00
9227.432413753848,42,15126.122240407209,18,0.5616375918434734,0.24889338696554,0.016926158803800658,0.37054582823557347,85,7,deposit,Kuwait,investment,retail,0,1,0,0,0,19,suspicious,2023-04-27 00:00:00
23057.91302841696,12,4690.800361376149,1,0.3790390397007706,0.08102554462329895,0.0955610222230885,0.07463507092762152,42,2,deposit,Unknown,business,unknown,0,0,0,0,0,13,clean,2023-04-29 22:00:00
33396.127744856196,13,20081.5302934598,29,0.5163854775735791,0.19300424795051627,0.14636408876950327,0.2757334656184362,66,13,transfer,Egypt,business,finance,0,0,0,0,0,9,clean,2023-04-04 19:00:00
46628.37094533449,4,4643.895792298148,29,0.10248116131254002,0.24447100417863027,0.06263424814592057,0.16181826900747423,70,12,withdrawal,Iran,investment,unknown,0,0,0,0,0,18,suspicious,2023-11-03 09:00:00
23190.144456835464,39,6366.3995330905755,19,0.07869783228613676,0.2172741522748133,0.009719977249093415,0.0070600616645970305,11,12,deposit,UAE,business,unknown,0,0,0,0,0,14,clean,2023-06-03 08:00:00
5683.9593840607695,54,12728.293385648023,44,0.023435465487264794,0.23399543626530633,0.16748108829895836,0.5061498336125994,105,7,withdrawal,UAE,charity,real_estate,1,0,0,0,1,8,high_risk,2023-08-04 07:00:00
17477.759020215308,2,6998.651064963296,40,0.515381923071199,0.08227258405413694,0.030303433780317593,0.004664290840536797,67,6,transfer,Jordan,business,NGO,0,0,0,0,1,11,suspicious,2023-05-21 18:00:00
8633.212400473409,26,25794.74039830194,6,0.42697745648570334,0.42502514327759494,0.18350744871058394,0.039045199913434865,115,9,transfer,Russia,personal,finance,0,0,0,0,0,18,suspicious,2023-04-24 11:00:00
4408.935603734665,59,8638.383090493158,44,0.27434965897670394,0.17342942342546905,0.02931266672259617,0.04634616200533718,11,11,exchange,Egypt,charity,unknown,0,0,0,0,0,18,suspicious,2023-07-03 08:00:00
27570.65589285868,27,5917.0389004575745,39,0.32827148339709017,0.24905782943879895,0.045072537963170935,0.4218394343866137,4,2,deposit,Offshore,business,real_estate,0,0,0,0,0,15,suspicious,2023-02-15 01:00:00
587.7617511563408,27,190.9977130866945,46,0.5692756003287346,0.12069434052326705,0.007921620769544327,0.1948956717020612,79,14,payment,Offshore,personal,retail,0,0,0,0,0,6,suspicious,2023-03-11 23:00:00
34805.431395605585,15,4271.838296610345,8,0.13967698411753965,0.0682126280231548,0.3459768162765815,0.34303572312314895,90,6,payment,Unknown,personal,NGO,0,0,0,1,0,17,suspicious,2023-07-31 20:00:00
9283.889022589194,8,2844.8146652553846,24,0.030190801931688625,0.2439290172588209,0.0036156801460730977,0.07393470506766014,108,13,transfer,Unknown,charity,finance,0,0,0,0,0,8,clean,2023-04-01 06:00:00
15208.614470018361,7,11029.964771380179,20,0.139937527964396,0.5692672120069696,0.15498807107512796,0.21285647700392435,100,11,payment,Russia,charity,retail,1,0,0,0,0,16,suspicious,2023-08-24 14:00:00
16153.668535743933,47,1868.3563886686832,14,0.059808706704710064,0.18366234559341382,0.00220516093321594,0.14640776375941444,79,6,payment,Jordan,charity,retail,0,0,0,0,0,2,clean,2023-07-31 08:00:00
33823.75347088531,55,1837.5203361480635,5,0.7253254306621951,0.30790973221102774,0.18134104327640446,0.004409740707489546,49,6,payment,UAE,investment,NGO,1,0,1,1,0,1,high_risk,2023-07-15 13:00:00
15186.643380064068,46,1681.019469988297,41,0.39272791782123956,0.35786141293589413,0.10753495845035017,0.04075599782643185,114,3,exchange,Offshore,investment,NGO,0,1,0,0,0,13,suspicious,2023-03-18 05:00:00
14276.187961663081,40,1073.8815850429187,40,0.5773191446831485,0.44723646329979444,0.13159626637594998,0.14087121111040116,22,6,exchange,Unknown,charity,construction,0,0,0,0,0,7,suspicious,2023-05-31 10:00:00
1034.658011728581,12,2980.193383997276,34,0.31374073217071863,0.44213915312717766,0.037829315558410015,0.5274969609996805,37,9,transfer,Jordan,business,finance,0,1,0,0,0,19,suspicious,2023-08-17 21:00:00
10959.870629838271,13,17366.99085784342,16,0.34575977032179345,0.535141034950777,0.14105549654040742,0.11403144211901524,10,14,payment,Saudi Arabia,investment,retail,1,1,0,0,0,3,suspicious,2023-03-08 15:00:00
2440.7666063493225,43,11930.696211480537,45,0.24203849660397253,0.23765513349467415,0.0076831770392753115,0.05520686340780724,20,12,transfer,Jordan,charity,NGO,0,0,0,0,0,12,clean,2023-05-02 02:00:00
20058.778787141175,17,10631.791109458038,7,0.5252687798042955,0.4643286588850277,0.008675836318907325,0.05906815695663737,96,13,transfer,Unknown,charity,retail,0,0,0,0,0,12,suspicious,2023-09-16 14:00:00
10768.420984881424,17,12769.678551776935,16,0.2945177987261529,0.34304867630180397,0.01659580885479483,0.02286421481007407,73,11,transfer,Kuwait,personal,retail,0,0,0,0,0,17,clean,2023-01-17 23:00:00
17102.195200072623,56,2511.309205810701,7,0.0978432120475535,0.31321958874086525,0.03189606448772866,0.02634674163168832,50,3,exchange,Saudi Arabia,investment,unknown,0,0,0,0,0,17,clean,2023-09-21 09:00:00
638.4917912453153,36,17474.271097509394,27,0.4316315614720315,0.355964076493986,0.2893227261167966,0.09431654739562884,31,2,exchange,UAE,charity,finance,1,0,0,0,0,18,suspicious,2023-11-12 21:00:00
1329.059020027178,21,1181.5374816617134,14,0.29393087334357987,0.20846366675493694,0.026352877010435514,0.07347560452379485,44,8,deposit,Unknown,personal,finance,1,1,0,0,0,3,suspicious,2023-05-15 15:00:00
18898.805699743898,8,3279.95150293814,14,0.2946133996973513,0.45661364623431083,0.06821327991162644,0.0014909163144939852,104,13,payment,Saudi Arabia,business,finance,0,0,0,0,0,15,clean,2023-04-05 00:00:00
1122.216444519395,5,7069.5839239055995,44,0.4013614293998844,0.24269553822099305,0.2812509960501495,0.3448683043179381,31,14,withdrawal,Unknown,personal,finance,1,0,0,0,0,2,suspicious,2023-03-12 05:00:00
1108.8439030351813,26,868.7488993818434,33,0.64639188328475,0.31405959185335275,0.009816383411258279,0.12443777376767115,92,13,exchange,Saudi Arabia,investment,finance,0,0,0,0,0,7,clean,2023-07-31 23:00:00
182.73570014693956,16,10478.52490574537,33,0.6925531597635645,0.3839411320077486,0.0576787695397984,0.26982620958341946,75,3,withdrawal,Saudi Arabia,investment,retail,0,0,0,0,1,13,suspicious,2023-12-15 03:00:00
47025.39729329684,36,3918.3344585150157,44,0.6194852384045413,0.14738256509013847,0.09954032049618398,0.013468335351005807,100,12,payment,Unknown,business,real_estate,1,0,0,0,0,13,high_risk,2023-04-24 21:00:00
20063.040645234913,28,12274.853748997386,20,0.35445110300932337,0.25520034647331236,0.1607104332784118,0.008287964924136141,41,5,payment,Saudi Arabia,personal,construction,0,0,0,0,0,19,clean,2023-12-02 01:00:00
6536.964536005487,54,5432.317851116931,47,0.4386648999649919,0.0973593811685929,0.0914352339039433,0.16645958707472108,4,5,exchange,Russia,personal,finance,1,0,0,0,0,6,suspicious,2023-08-29 09:00:00
5276.069718451482,29,1596.1440082720967,36,0.19882180590354243,0.5418250425534661,0.292709506375778,0.15244553018384538,114,2,withdrawal,UAE,charity,unknown,0,0,0,0,0,10,clean,2023-10-03 14:00:00
6454.896760003201,47,10617.016252984904,7,0.38846404853787597,0.05222441929637891,0.5324471532360433,0.07546564633636337,14,2,transfer,Russia,personal,real_estate,0,0,0,0,0,8,suspicious,2023-09-30 04:00:00
22351.742995974753,12,2324.3581908760743,32,0.27391239871271333,0.11869212073692177,0.17770576042110994,0.030429617125489066,46,6,transfer,Egypt,investment,unknown,0,0,0,0,0,10,clean,2023-03-14 10:00:00
16242.735264427549,37,5399.4771424168985,48,0.0919612410900342,0.2474148317556171,0.14162792085839973,0.16049312303217433,54,2,exchange,Egypt,investment,retail,0,0,0,0,0,6,clean,2023-09-14 19:00:00
3072.107326649995,30,628.3057192843174,3,0.4106631318736402,0.4441504479231674,0.010909710125205013,0.06691379883919138,93,14,withdrawal,Iran,business,NGO,0,0,0,0,0,12,clean,2023-09-09 01:00:00
2869.3932218253285,23,7695.885272538363,39,0.1292976714454058,0.1788230647123886,0.17203959677998185,0.0938838549179153,92,6,exchange,Saudi Arabia,investment,construction,0,0,1,0,0,1,clean,2023-03-12 09:00:00
1553.6923679150923,16,8769.508216014408,29,0.23336220243574526,0.22373295718223649,0.021347463929296605,0.05748633351273093,89,12,transfer,Russia,personal,retail,0,0,0,0,0,2,clean,2023-02-23 19:00:00
16195.506150502692,14,3807.197703940348,24,0.23476036589496485,0.07799583821456416,0.01366255097599017,0.122097504916706,87,12,payment,Saudi Arabia,investment,retail,1,0,0,0,0,11,clean,2023-03-31 17:00:00
21682.556988355736,10,24706.77804585831,22,0.5158848851135669,0.18434997121137928,0.038757501901953026,0.07237775319250327,33,7,exchange,Egypt,charity,NGO,0,0,1,1,0,3,suspicious,2023-10-26 13:00:00
4619.2192433038545,7,16582.519345476085,6,0.24082690700953882,0.28798244011837665,0.22118588418555732,0.08395110765612789,30,13,transfer,Iran,charity,finance,0,0,0,0,0,1,clean,2023-12-28 00:00:00
317.5112767742269,45,9846.39323061063,48,0.46551131960299985,0.5108206249725064,0.36044579635941043,0.2625357294136039,9,4,payment,Saudi Arabia,investment,NGO,0,0,0,0,1,4,suspicious,2023-11-11 03:00:00
1286.1736118540414,52,10004.381478218862,24,0.11772293179621407,0.12474707343966161,0.08415700550284087,0.12195384452020565,38,10,exchange,Egypt,business,NGO,1,0,0,0,0,3,suspicious,2023-08-13 19:00:00
51564.82504256015,37,2327.1159786677736,40,0.16585870605901765,0.7876029277336472,0.37418555612574117,0.3319319494988776,89,4,exchange,Kuwait,charity,unknown,0,0,0,0,1,17,suspicious,2023-10-03 16:00:00
5252.8284795543805,29,8555.89033585186,23,0.5283654585649964,0.31317016565484224,0.06011989392171509,0.39867924673505495,82,13,transfer,Iran,investment,finance,0,0,0,0,0,7,suspicious,2023-09-23 23:00:00
21994.560649560302,3,1767.23114213794,38,0.17493158938718611,0.18315161931258842,0.4051727608194592,0.19324345330047066,43,3,transfer,Kuwait,investment,retail,1,0,0,0,0,12,clean,2023-02-27 05:00:00
14698.98758232057,15,1243.9093528716942,10,0.15024485270920432,0.39215861405519015,0.011503469378992848,0.10744493884845005,7,1,payment,Iran,personal,construction,0,0,0,0,0,19,clean,2023-07-10 06:00:00
7217.537337439887,36,60309.345768509294,16,0.44950867905777414,0.28266477422400477,0.03117299296181208,0.18496990163503274,88,4,deposit,UAE,business,real_estate,0,1,0,0,0,6,clean,2023-01-27 19:00:00
3454.170284338553,47,7790.848847521398,11,0.33272835872571166,0.3610487980406091,0.04270391366847735,0.025856041294573036,40,3,payment,Kuwait,charity,retail,0,1,0,1,0,7,suspicious,2023-04-25 16:00:00
1941.1513358565173,46,4510.828253207452,32,0.17188820423737453,0.3511259561778217,0.07380727700427374,0.016398020330055496,85,8,exchange,Saudi Arabia,personal,retail,1,0,0,0,0,5,suspicious,2023-05-07 22:00:00
14318.184427192207,52,2719.267725900077,45,0.3527458662407963,0.5357228341883533,0.00043844514347481247,0.31647954122522154,119,5,exchange,Saudi Arabia,charity,retail,0,0,0,0,1,4,suspicious,2023-05-19 23:00:00
22350.428375113763,19,7409.12150449974,6,0.29221805459891326,0.2807790456657309,0.18850083102574405,0.13688507512842385,62,7,exchange,Jordan,investment,unknown,0,0,0,0,0,11,clean,2023-06-19 14:00:00
15488.334503455633,13,406.9239985646091,24,0.34408686817608986,0.3473225910281016,0.19665333948003683,0.13599293866555834,55,3,transfer,Egypt,charity,real_estate,0,0,0,0,0,10,clean,2023-08-10 06:00:00
11334.984415297085,42,795.7432057182821,33,0.15586328444570258,0.13467822070174015,0.18602111522710232,0.21169790465842356,35,3,exchange,Kuwait,business,construction,0,1,0,0,0,3,suspicious,2023-06-13 20:00:00
642.8488096366356,21,267.2688151388353,12,0.12192180798305183,0.28812211638301166,0.01732860172997814,0.3935071042896217,43,11,exchange,UAE,business,retail,0,1,1,0,0,18,suspicious,2023-04-08 15:00:00
51861.17294630331,37,5531.905791320842,27,0.22382617159437118,0.2759661821143551,0.06868676402692113,0.08966500377456196,11,6,payment,Saudi Arabia,business,real_estate,0,0,0,0,0,15,clean,2023-09-05 21:00:00
24045.4417326654,27,7342.467648023375,38,0.06801283441157446,0.5278436089815225,0.3130670232446151,0.5845149714133707,2,10,transfer,Kuwait,personal,retail,0,0,0,0,0,12,suspicious,2023-01-28 19:00:00
5197.093929564709,55,516.1354678847609,18,0.0466921126264105,0.19136371740297994,0.20554223201206415,0.2447934160890854,79,4,payment,Saudi Arabia,charity,NGO,1,1,0,0,1,16,high_risk,2023-06-22 20:00:00
58658.108590758275,52,10218.78691188849,45,0.11398038402534146,0.22235574810255368,0.2615562991998419,0.02239623658014751,79,8,deposit,Unknown,business,real_estate,0,0,0,0,0,5,suspicious,2023-03-20 18:00:00
13815.0870670422,29,2095.02380555183,39,0.18385653400494942,0.31061028903826754,0.0370803170129487,0.03816930713679652,5,3,payment,Kuwait,personal,real_estate,0,0,1,0,0,10,suspicious,2023-11-08 10:00:00
13099.282530672755,20,9246.57904419276,13,0.10875022690887927,0.40953834223521773,0.027916194335217144,0.05697029972488457,116,5,payment,Jordan,personal,unknown,0,0,0,0,0,11,clean,2023-03-05 07:00:00
20679.249423075216,25,32093.482752720236,40,0.12882989029931058,0.32627390099025894,0.058526542043356146,0.057866664169552946,40,1,deposit,Iran,personal,unknown,0,1,0,0,0,1,suspicious,2023-12-24 05:00:00
25051.343007658154,6,9398.053458608465,30,0.40709365558127736,0.4426550695927855,0.05074449287189872,0.38225266999265395,80,14,payment,Egypt,charity,real_estate,0,0,1,0,0,16,clean,2023-02-22 16:00:00
16027.588361220744,36,17177.861855704137,49,0.060121605260941485,0.132694499953108,0.08150340408288582,0.1963731890045419,108,1,exchange,Egypt,business,finance,0,0,0,0,0,12,clean,2023-06-30 13:00:00
2056.1349297057745,2,23682.690422226307,41,0.2597213226656694,0.366761920104104,0.0938391659262003,0.19304360663887896,46,8,exchange,Iran,charity,retail,0,0,0,0,1,2,suspicious,2023-10-15 19:00:00
6193.408384732624,22,5335.954125292302,13,0.039872861960273294,0.3750596925963263,0.20339863952094864,0.06486984181449669,21,7,withdrawal,Jordan,personal,unknown,0,0,0,0,0,12,clean,2023-02-27 08:00:00
39483.772596363095,32,9694.023380064908,34,0.2459818253718945,0.6719245552671524,0.19845570651924518,0.11296220600340508,109,1,transfer,Iran,charity,NGO,1,0,0,0,0,2,high_risk,2023-02-17 17:00:00
3815.945818064159,16,15282.682244399779,36,0.08728884820179872,0.13123525154273827,0.10489425635918147,0.08098224532526493,9,6,exchange,Egypt,business,real_estate,0,0,1,0,0,11,clean,2023-03-31 06:00:00
6982.216641190195,18,3528.0201363722513,30,0.31041101401819216,0.46799572295595,0.003419965411893882,0.4552504256597539,71,2,transfer,Unknown,investment,NGO,1,0,1,0,0,3,suspicious,2023-08-04 21:00:00
8486.538400780964,5,2423.961147416185,25,0.16893668210053586,0.3383275601791803,0.015012663483790127,0.3119282697242999,27,12,payment,Saudi Arabia,personal,finance,0,0,1,0,0,5,clean,2023-01-04 21:00:00
8681.348113849994,54,23439.34245100596,2,0.23105090685813776,0.12678971222277036,0.11216341570130792,0.35417970886555217,17,1,withdrawal,Russia,charity,real_estate,0,1,0,0,0,15,suspicious,2023-03-15 13:00:00
14237.617208283478,36,10365.883616708768,36,0.6197176083073928,0.39977724052740715,0.019214622726267016,0.12367235763510599,66,10,exchange,Jordan,business,construction,0,0,0,0,0,5,clean,2023-03-12 03:00:00
42990.53075670294,30,1984.431367997713,18,0.17514863155679522,0.33405650214035976,0.07649291741865467,0.0571906330930688,104,5,payment,Saudi Arabia,business,real_estate,0,0,0,0,0,19,clean,2023-09-29 04:00:00
4130.230864112797,45,4769.374633224011,5,0.5810713967266852,0.39824918971516243,0.008252638846333425,0.01572810944901158,26,5,withdrawal,Offshore,business,construction,0,0,0,0,0,12,suspicious,2023-11-23 11:00:00
1943.114070074285,19,12734.818379619695,19,0.26499865256744537,0.6676105032804831,0.022421045657274825,0.014070841200681035,109,2,payment,Jordan,business,unknown,0,0,0,0,0,8,clean,2023-12-25 02:00:00
3299.7997784079716,23,6336.017727743464,42,0.2693989854421736,0.26924764275919133,0.016522490422474844,0.25472789160811743,72,12,transfer,Egypt,personal,unknown,0,0,1,0,0,3,clean,2023-10-07 04:00:00
32695.54621650828,34,8397.482171842441,18,0.07714831068978997,0.05479330636140289,0.05231426651006527,0.007690618132995276,114,5,payment,Offshore,personal,real_estate,0,0,0,0,0,13,clean,2023-11-18 20:00:00
15568.861216143418,13,11211.85534876922,32,0.19730469357011432,0.14164959469244814,0.018670474800997896,0.32163504450533464,45,14,payment,Offshore,investment,unknown,0,0,0,0,0,11,suspicious,2023-07-08 12:00:00
5051.126668185276,43,7783.083141411885,21,0.4255238850593484,0.27846412803850706,0.13333193497898313,0.1275808774252365,55,7,payment,Russia,charity,real_estate,0,0,0,0,0,11,clean,2023-09-03 19:00:00
25387.967816620807,54,6213.609946636789,10,0.24147407240899285,0.5360052600284753,0.007933190336400737,0.11650921532449501,40,4,withdrawal,Russia,business,NGO,1,0,0,0,0,7,suspicious,2023-10-05 06:00:00
29639.201087995432,29,11078.021501283558,37,0.14081799368786657,0.4509230832840036,0.0065041393453355995,0.11543816092421919,16,2,payment,Offshore,business,real_estate,0,0,0,0,0,6,clean,2023-05-15 15:00:00
28112.221919716132,36,10402.784114600263,49,0.08610855991494962,0.48826026279854456,0.12819821134066145,0.15975257715027188,84,13,withdrawal,Russia,personal,construction,0,0,0,0,0,11,suspicious,2023-02-04 07:00:00
37685.993149113485,22,7951.25974740903,22,0.45080357452381514,0.3849624777693213,0.13824397768881644,0.2076158209218543,96,5,withdrawal,Egypt,investment,retail,1,0,0,0,0,9,clean,2023-08-13 20:00:00
4360.1185862192315,52,3567.664921279974,13,0.42527414450415135,0.3647162988223242,0.1864847522104033,0.11548192372467204,32,11,deposit,UAE,charity,real_estate,0,1,0,0,0,15,suspicious,2023-01-16 19:00:00
21100.02331234583,52,4164.477332385871,17,0.6148729301410637,0.17855803708006188,0.12897815828776563,0.17843320739089202,35,6,payment,Russia,charity,retail,0,0,0,0,0,16,suspicious,2023-07-15 07:00:00
9257.785617781714,47,28170.272748660736,9,0.11714971777962145,0.3951684360183281,0.0038610718470483544,0.03550739160064032,64,13,exchange,Unknown,personal,finance,0,0,0,0,0,2,suspicious,2023-11-23 01:00:00
27677.266306101777,36,953.7459111679117,24,0.4496559837751105,0.42280983107394043,0.10143782791136959,0.21066326238654295,64,8,withdrawal,Unknown,personal,unknown,0,0,0,0,0,11,clean,2023-08-02 17:00:00
19556.38202902135,9,2501.3182455576207,44,0.0789640487454933,0.7110159018805543,0.00851599155032407,0.011198015820295878,15,14,payment,Russia,personal,finance,0,0,0,0,0,6,suspicious,2023-01-23 15:00:00
22471.63130798389,39,5424.520071019935,14,0.20247970859567826,0.3988038872466787,0.03777181442824838,0.17227968399047708,42,9,exchange,Saudi Arabia,investment,finance,0,0,0,0,0,12,clean,2023-04-06 03:00:00
16013.762860263138,51,14498.784676254932,46,0.3040507720626174,0.4212137669194352,0.17078399209269624,0.006805460423518675,50,11,transfer,UAE,personal,real_estate,0,0,0,0,0,5,clean,2023-07-10 02:00:00
2929.802964359188,19,1429.9102327157668,8,0.4291184811554731,0.24840616569745233,0.26201433166323507,0.23040265828854475,32,10,exchange,Kuwait,investment,finance,0,0,0,0,0,18,clean,2023-07-02 22:00:00
11812.755362883068,38,2594.266319580995,37,0.08567129264048551,0.18049671681112342,0.03081199011691704,0.34157925909547954,30,8,withdrawal,Saudi Arabia,personal,real_estate,1,1,1,1,0,12,high_risk,2023-09-06 12:00:00
62668.89892525418,6,544.5025854585198,19,0.6129403488114324,0.26502499288224535,0.11085736814075303,0.5642808214198426,83,7,withdrawal,Jordan,personal,unknown,1,0,0,0,0,8,suspicious,2023-11-26 22:00:00
41561.99082011149,52,9793.003179406298,28,0.27019975326494855,0.5895985944618656,0.070493056983971,0.2278659278959145,24,9,withdrawal,UAE,investment,unknown,0,0,0,0,0,1,clean,2023-06-21 00:00:00
662.0016917637911,47,2176.668886233011,46,0.11816801932658705,0.5421443800623527,0.08539851576005733,0.03565507565495941,66,9,deposit,Kuwait,charity,finance,0,0,0,0,0,3,clean,2023-01-20 11:00:00
2701.5270172613236,15,3937.0091078667747,41,0.3449930397641723,0.3701572339596318,0.009511065904111693,0.21050186305122712,21,6,exchange,Iran,personal,real_estate,0,1,0,0,0,4,suspicious,2023-10-24 19:00:00
2118.7671022902787,57,4691.601304576879,30,0.5158014863048007,0.39420657392321407,0.019911512587636515,0.014575578098483933,42,12,payment,Jordan,personal,construction,0,0,0,0,0,8,clean,2023-10-13 01:00:00
19418.307810905804,20,17754.33356419923,7,0.20954349883611875,0.613183823477487,0.13333964944678586,0.09198247827762339,80,3,payment,Russia,investment,construction,1,0,0,0,0,18,suspicious,2023-06-29 00:00:00
25538.54671043769,9,4239.12013749574,26,0.256289599820403,0.4559435200313395,0.020755536552935643,0.17258955835667436,104,14,withdrawal,Unknown,charity,retail,1,0,0,0,0,8,suspicious,2023-10-10 19:00:00
3602.655125250793,32,1255.336206968391,40,0.1079656988083178,0.12602454111917746,0.1210925503953675,0.018446987582605285,103,12,exchange,Saudi Arabia,charity,retail,1,0,0,0,0,2,suspicious,2023-12-19 20:00:00
10573.824207592936,4,5943.994231169444,46,0.2710480466439936,0.14465085994315224,0.07714172150434596,0.05002981634535055,100,11,transfer,Unknown,investment,NGO,0,0,0,0,1,12,high_risk,2023-10-07 15:00:00
27554.776057167055,50,26365.62184411117,46,0.2200078057147785,0.45286016555610653,0.05305707809584638,0.1380024516153861,58,8,exchange,Offshore,business,retail,0,0,0,0,0,19,suspicious,2023-09-26 02:00:00
19796.454279707646,18,7485.534595805995,11,0.22361704480624844,0.03918424343792381,0.12153229388679791,0.06506667581150838,105,3,payment,Jordan,business,finance,0,0,0,1,0,8,clean,2023-06-05 12:00:00
11721.062174306924,5,32780.664224246226,14,0.1725173706345966,0.2641683422684906,0.004746084354929611,0.3433659644054379,2,1,withdrawal,Iran,charity,real_estate,1,1,0,0,0,9,suspicious,2023-07-11 01:00:00
13386.697568550484,20,14716.20962876282,21,0.04710188276430047,0.4787066795494791,0.13285603080484165,0.09511375977660648,16,13,exchange,Kuwait,personal,retail,0,0,0,1,0,15,suspicious,2023-10-16 05:00:00
10650.14475102609,23,293.027699218479,8,0.18185234068674527,0.10294905743202393,0.17303230212695025,0.22066955845887515,93,12,deposit,Offshore,charity,real_estate,0,0,0,0,0,19,clean,2023-06-04 20:00:00
5297.682750024308,11,8592.909060599892,3,0.256015757487291,0.5993909346433688,0.06457373617528019,0.09743900720874253,7,4,withdrawal,Offshore,personal,finance,0,0,0,0,0,15,clean,2023-10-22 10:00:00
12486.897112022332,37,2703.5756164858335,28,0.16113177705351683,0.30926324804438854,0.036020312092455126,0.010604268154367862,55,14,deposit,Jordan,personal,real_estate,1,0,0,0,0,19,suspicious,2023-11-24 22:00:00
17513.904466452186,22,6560.881186843543,29,0.13249949649641504,0.26946795911731547,0.2031023086122515,0.017758680662563336,15,9,withdrawal,Saudi Arabia,personal,NGO,0,1,0,0,0,9,clean,2023-03-25 09:00:00
30991.711126611786,58,2620.760185900453,23,0.16866645970046756,0.2882523011797573,0.13431736956098675,0.10359798084841543,23,13,payment,Unknown,charity,real_estate,0,1,0,0,0,18,suspicious,2023-10-02 11:00:00
15171.032323122816,4,3432.3728299863938,18,0.2452715352722616,0.014139416692398678,0.05267089987908651,0.21373822105876866,119,8,transfer,Offshore,personal,finance,1,0,0,0,0,16,suspicious,2023-12-31 20:00:00
21477.00569378289,29,20529.146582070734,35,0.2151598450554143,0.26739751139666507,0.28065377150561277,0.2417648538562747,69,14,exchange,Kuwait,charity,NGO,0,0,0,1,0,13,suspicious,2023-04-19 00:00:00
2616.580057336857,44,1851.8576203741018,13,0.3551905347512261,0.19887373352997456,0.03958797090607139,0.1447643120347581,1,14,exchange,Egypt,personal,construction,0,0,0,0,0,15,clean,2023-01-31 11:00:00
9286.11777999564,34,16578.718106537937,12,0.12949124914964197,0.0880604469176771,0.057155618376752156,0.0634563661784207,116,6,withdrawal,Iran,personal,real_estate,0,1,0,0,0,19,suspicious,2023-09-13 19:00:00
140.63148246684236,13,247.45028783372064,47,0.057675738597300574,0.09299778376730554,0.14213464922033436,0.020328248725103748,69,3,transfer,Offshore,charity,real_estate,0,0,0,0,1,15,suspicious,2023-03-13 05:00:00
4248.955010368003,42,762.1949812161745,5,0.20839163201903735,0.41506906011286177,0.005642804455847809,0.18765861956418614,13,3,transfer,UAE,charity,unknown,0,1,0,0,0,5,clean,2023-08-04 14:00:00
19444.705284169286,9,15430.26360132159,39,0.46635766306739396,0.35590712154780313,0.08732094395705155,0.09666674819428964,26,7,payment,Jordan,investment,unknown,0,0,0,0,1,4,suspicious,2023-12-05 04:00:00
72072.53161329209,42,7966.049519205886,11,0.20787156727713008,0.34360441582973994,0.20559945210929723,0.10713951000217695,52,14,deposit,Offshore,personal,NGO,1,1,0,0,0,18,high_risk,2023-06-12 19:00:00
1566.7156456663915,31,11002.39662426987,11,0.49707074382569444,0.19042135599485072,0.29833546073587786,0.19259362339645494,13,5,exchange,Russia,investment,retail,0,1,0,0,1,14,suspicious,2023-03-29 02:00:00
7699.78885082129,7,1879.8838361817004,47,0.6078966439284913,0.7072224907954958,0.06256037076546607,0.06464984170716138,96,3,withdrawal,Offshore,personal,retail,0,0,0,0,0,10,suspicious,2023-01-07 05:00:00
24146.892283526224,4,6161.667926379804,42,0.0703556215729767,0.33074145297216867,0.040108060152915154,0.047748963848126574,55,12,transfer,Iran,investment,finance,0,0,0,0,0,1,clean,2023-11-25 18:00:00
3423.0129189234563,19,10691.481152807002,47,0.3052743881312257,0.15907819968920306,0.12064267713512256,0.19314822820948147,29,12,exchange,Russia,investment,finance,0,0,0,0,0,17,suspicious,2023-07-31 21:00:00
12148.078685214236,42,7896.155236447348,31,0.7145786074866135,0.16516715774908824,0.13059899318522705,0.23404111235258138,18,12,exchange,Saudi Arabia,business,unknown,0,0,0,0,0,1,suspicious,2023-01-16 06:00:00
19811.605238522032,30,5104.709125659782,31,0.4484506284839917,0.42523731012057486,0.11207248124869348,0.26487968007514645,2,1,exchange,Kuwait,charity,unknown,1,0,0,0,0,19,suspicious,2023-05-21 12:00:00
14356.122557471486,31,25707.88033779912,13,0.46254074462370076,0.14412310678783335,0.10704511888828433,0.059544807587608606,27,11,transfer,Unknown,business,retail,0,1,0,0,0,15,suspicious,2023-04-02 06:00:00
3124.2810095017508,35,9019.979825670292,14,0.17255649617843777,0.374175646939592,0.18229869447114483,0.0531146750013263,50,9,payment,Iran,investment,unknown,0,0,0,0,0,2,clean,2023-05-23 07:00:00
6586.52055784486,57,19066.093366407134,49,0.17669140267183006,0.0893181105072916,0.07621085586778367,0.11903827821528676,42,11,exchange,Offshore,business,real_estate,0,0,0,0,0,4,suspicious,2023-11-21 00:00:00
22972.70062340981,21,10467.869790866132,45,0.31267250923459666,0.1466046450962154,0.03012435307814219,0.0692470849977899,67,12,transfer,Unknown,business,real_estate,0,0,0,0,0,3,suspicious,2023-03-25 01:00:00
12119.165027942647,31,10638.209192719813,42,0.4215412152823785,0.25217130834708756,0.4456095221718223,0.26131175602767087,117,12,transfer,Jordan,charity,unknown,0,1,0,0,0,8,suspicious,2023-10-20 02:00:00
100.0,19,667.2117405479398,25,0.27301186855605625,0.09456120312420882,0.03510573080017338,0.7198175660662613,94,5,withdrawal,Iran,investment,finance,0,0,0,0,0,11,clean,2023-11-26 12:00:00
21468.796002414358,31,3563.6073917603444,33,0.46711534434802143,0.08702799202154551,0.004585323779224188,0.09740448037645094,10,11,payment,Jordan,personal,retail,1,0,0,1,0,6,suspicious,2023-06-24 15:00:00
539.248159673313,53,15636.264534553387,33,0.554512443182363,0.24724888536154285,0.02242108186707521,0.08079925727342342,9,7,payment,Unknown,personal,real_estate,0,0,0,0,0,9,suspicious,2023-12-07 16:00:00
20540.60192029566,32,2118.017071626625,15,0.05905119431681313,0.06470067961077487,0.037929020796757786,0.12569130235322734,3,10,payment,Kuwait,investment,NGO,1,0,0,0,0,17,suspicious,2023-09-21 04:00:00
3393.7360297780824,2,981.9151806133249,16,0.5152320828192959,0.06538443999321565,0.15878957349939887,0.2362282086304354,86,9,transfer,Offshore,charity,finance,0,0,0,0,0,15,suspicious,2023-12-20 22:00:00
47577.55079339679,59,3157.46027611817,44,0.49250100033999045,0.12414864053065708,0.029112819968824574,0.019704332107090668,38,4,transfer,Unknown,business,NGO,1,0,0,0,0,13,suspicious,2023-06-03 01:00:00
6881.582119344051,52,1992.1832626026526,38,0.23419534163950262,0.17985958114635503,0.01723272186303467,0.23923037311521836,75,13,payment,Offshore,charity,unknown,1,1,0,0,0,15,high_risk,2023-07-01 19:00:00
5938.625164550345,10,20752.937315456344,6,0.11758007489051861,0.38454967471825524,0.2641675099393928,0.11722409825391177,70,13,transfer,Egypt,personal,NGO,0,0,0,0,0,18,clean,2023-11-13 05:00:00
2418.1741250267837,2,16197.605409736194,44,0.43445317628518687,0.18735810133691644,0.04189120003050995,0.18169248057605397,69,12,payment,Egypt,charity,retail,1,0,0,0,0,17,suspicious,2023-12-06 16:00:00
5470.697795232859,2,5540.110733817117,25,0.26527021239964754,0.42620456337788376,0.10306433088659268,0.2505816549838795,30,11,withdrawal,UAE,business,retail,0,1,0,0,0,9,clean,2023-07-29 20:00:00
31391.034182649586,24,506.44864283410584,15,0.2946511960271852,0.3878754932526378,0.36097448007048255,0.033601648831451274,14,5,deposit,Unknown,charity,finance,0,0,0,0,0,2,clean,2023-01-21 16:00:00
84131.19346063584,17,10029.853190726122,4,0.14705839522734887,0.6474794945824422,0.0864447446947013,0.11849951406155954,2,3,deposit,Saudi Arabia,personal,finance,0,0,0,0,1,18,suspicious,2023-12-10 09:00:00
6890.336524031702,32,7812.822511185538,4,0.15982746874358,0.20930471616077317,0.011347575055572578,0.11012421403481103,97,7,deposit,Offshore,personal,finance,0,0,0,0,1,9,suspicious,2023-11-30 04:00:00
8929.710907655543,16,28201.75984042656,30,0.2856057596497476,0.4548408449335639,0.17044811110353217,0.08730350984448142,101,13,deposit,Kuwait,investment,NGO,0,1,0,0,0,19,suspicious,2023-11-11 20:00:00
19205.840568673644,16,6548.835024186098,34,0.3995188443715513,0.2615278630876031,0.2131517846525114,0.06659197358796574,8,1,withdrawal,UAE,investment,unknown,0,0,0,0,0,10,clean,2023-08-30 20:00:00
32599.135191945214,46,3280.530098450259,27,0.17932621982637706,0.29869869251534326,0.12139117250151477,0.025796830658784,74,8,transfer,Offshore,investment,unknown,0,1,0,0,0,14,suspicious,2023-02-03 13:00:00
13485.765430179252,39,5855.4648871069985,31,0.5089363381998852,0.21535690285726022,0.003859227265898531,0.26398459041487354,85,3,withdrawal,Russia,personal,finance,0,0,0,0,0,1,suspicious,2023-12-24 22:00:00
7452.008991838972,53,31006.798297281806,32,0.40060606662358006,0.38517758069769026,0.1523853236032076,0.08163564107544528,83,13,exchange,Saudi Arabia,business,unknown,0,0,0,0,1,18,suspicious,2023-04-10 10:00:00
7981.296647255059,31,9535.364008848359,44,0.4128279009878001,0.12412937449921119,0.10152612535776946,0.03311970968038594,99,4,transfer,Unknown,personal,retail,0,0,0,1,0,1,suspicious,2023-10-30 21:00:00
17842.084031337665,43,8917.351384174059,39,0.6749435903943612,0.5587734809771646,0.2065860449625523,0.1358529705978816,18,10,payment,Iran,personal,construction,1,1,0,0,0,9,high_risk,2023-08-02 06:00:00
100.0,24,2202.672613438485,9,0.13848258356578824,0.08837926262368709,0.014759360458004817,0.006776057608304276,71,4,exchange,UAE,charity,unknown,0,1,0,0,1,16,suspicious,2023-04-08 13:00:00
14497.558783388778,1,10888.210982903933,41,0.41460772596849216,0.4377198743680139,0.016859253921305977,0.024687721014579174,13,11,exchange,Egypt,investment,retail,0,1,0,0,0,19,suspicious,2023-09-23 17:00:00
6589.044175946243,11,11099.058164527349,8,0.5816827691183228,0.3721206927824349,0.00234455371006658,0.10570526647730205,46,7,withdrawal,Jordan,charity,construction,0,0,0,0,1,3,clean,2023-07-15 23:00:00
23712.56232166194,55,3053.46894743184,14,0.1970941858561585,0.14918575756743035,0.3158459923381094,0.10795771431235539,114,14,exchange,Kuwait,business,construction,0,0,0,0,1,1,suspicious,2023-08-11 03:00:00
1464.0376348478405,21,5288.752630702324,33,0.2297867603924758,0.16084280530873188,0.04673471831377188,0.14723238453532772,54,12,withdrawal,Iran,business,finance,0,0,1,0,0,8,suspicious,2023-09-28 03:00:00
13308.34484066755,4,2791.9598886853732,23,0.4390520168533365,0.0777134001381042,0.04320538320499225,0.4369381051017917,12,7,exchange,UAE,charity,NGO,0,0,0,0,0,17,clean,2023-09-29 08:00:00
9836.98742840417,7,2394.8537369328974,21,0.3932270111952051,0.3159962301496087,0.051148935737850044,0.14599892455507343,40,4,withdrawal,Saudi Arabia,personal,finance,0,0,0,0,0,5,clean,2023-07-24 15:00:00
15421.979947119671,26,209.89821580883776,12,0.09897355212098513,0.5820690520987112,0.039927295085332985,0.10503881888454404,88,6,transfer,Saudi Arabia,charity,retail,0,0,0,0,0,10,clean,2023-10-08 16:00:00
1005.7826776602279,47,2686.1514121313708,2,0.32381373656826945,0.5159960665962334,0.0588621134147827,0.42778123258965445,82,8,exchange,Egypt,charity,finance,0,0,0,1,0,8,clean,2023-06-24 13:00:00
13011.929506322163,50,6458.951618218059,13,0.04546884133843119,0.24849707824234693,0.00037923564898462733,0.015148524411930268,38,10,withdrawal,Russia,personal,construction,0,1,0,0,0,12,suspicious,2023-12-19 03:00:00
12365.404809043208,12,100.0,4,0.45711391684162805,0.018899351423928613,0.16945123714782787,0.22135415950705908,12,14,deposit,Jordan,investment,retail,0,0,1,0,0,16,clean,2023-11-22 15:00:00
12337.22839651026,31,2663.8803303538302,20,0.17997863803116657,0.44695952112130904,0.027588871653345188,0.21428976444300374,67,4,deposit,Offshore,investment,retail,0,0,0,0,0,19,clean,2023-06-24 05:00:00
13875.721990611175,17,17056.68732237322,48,0.4243954333509234,0.2531874945161931,0.19285805552029348,0.09140107377737479,25,13,exchange,UAE,investment,NGO,0,0,0,0,0,4,clean,2023-06-04 19:00:00
16926.85586735631,33,7204.295518667454,14,0.1297754235630796,0.059263631226726864,0.2576116116384677,0.06272967183482656,35,1,withdrawal,Kuwait,charity,NGO,0,0,0,0,0,10,clean,2023-11-24 23:00:00
24520.489651739892,11,7489.148494695743,30,0.26722394682028505,0.3304360031580364,0.00798032608728046,0.002072745580081481,16,7,transfer,Russia,charity,retail,0,0,0,0,0,4,clean,2023-07-20 06:00:00
4716.97779189374,28,4131.588624224819,29,0.1046891895551661,0.17136826985561926,0.25256063968409714,0.19396335183596394,113,2,exchange,Egypt,personal,NGO,1,0,0,0,0,16,clean,2023-06-15 16:00:00
26148.775332168465,32,9027.760471901653,8,0.12984853226121795,0.5922835564367289,0.03043432268521334,0.0423105980302957,112,11,transfer,Unknown,investment,NGO,0,0,0,1,0,3,suspicious,2023-05-09 20:00:00
10344.969243894142,1,1685.1042408517653,12,0.12132956062692644,0.33674215313120975,0.030526299362235557,0.015822866724788314,45,13,withdrawal,Kuwait,personal,finance,0,0,0,0,0,19,clean,2023-01-29 23:00:00
1202.837811950537,47,13662.883100174973,41,0.14848136175352572,0.29925005242364944,0.05477006208296519,0.21291986862028975,13,3,deposit,Unknown,business,NGO,0,0,0,0,0,2,suspicious,2023-12-11 21:00:00
905.0253911258641,28,992.6245423072014,38,0.45462002721733213,0.41975186668471187,0.13018119807235853,0.6582373295692174,24,8,withdrawal,Iran,business,finance,1,0,0,0,0,8,suspicious,2023-05-13 10:00:00
6102.352625403823,53,8536.94047649262,26,0.23346323029850377,0.40196940721424546,0.049366307295289104,0.09719758857975824,76,2,transfer,Saudi Arabia,charity,finance,0,0,0,0,0,11,clean,2023-01-25 08:00:00
23049.572840955123,42,3338.0669177848254,2,0.28662362163523974,0.20558645574954562,0.09701964455117305,0.042839411285856104,2,2,deposit,Iran,business,unknown,0,0,0,0,0,7,clean,2023-05-29 06:00:00
18448.640760311762,7,11011.163201836871,40,0.2284749019011779,0.42250984844470857,0.13526732507025424,0.556527357839748,90,4,exchange,Iran,personal,NGO,0,1,0,0,0,6,suspicious,2023-07-20 14:00:00
23311.109947103963,2,6383.876909123804,14,0.055464583434579544,0.06458731173351956,0.30448009186410524,0.22111431012884647,110,6,deposit,Offshore,personal,NGO,0,1,0,0,0,9,suspicious,2023-06-15 16:00:00
10924.437498227822,42,4816.995443524236,6,0.38056900508091857,0.11366976173928739,0.16604401111834585,0.15631128969770333,10,10,exchange,Jordan,business,unknown,1,0,1,0,0,4,suspicious,2023-03-25 07:00:00
8702.608678468549,24,1485.0713530072574,42,0.5312608390308925,0.2304118459138389,0.13115746020551766,0.05503642936757234,19,11,exchange,Saudi Arabia,personal,unknown,0,0,0,0,1,14,suspicious,2023-04-02 03:00:00
2392.8957634032427,4,8102.885853604368,40,0.17811253435000773,0.10870162008389953,0.03307893021620931,0.12055938060919319,119,2,deposit,UAE,personal,retail,1,0,1,0,0,15,suspicious,2023-09-07 20:00:00
5966.757229985479,44,29437.722482087644,31,0.060373568498309035,0.20586002451953211,0.04438617868105466,0.27767718282573534,86,9,deposit,Kuwait,charity,finance,0,0,1,0,0,19,suspicious,2023-07-03 17:00:00
8537.931258288498,19,13971.3872474271,17,0.1650944177014403,0.1726155098600001,0.2379112800506191,0.19358738547861495,24,12,transfer,Egypt,personal,unknown,0,0,0,0,0,19,clean,2023-02-04 07:00:00
1391.608074038426,26,495.07295421034524,25,0.3042353489968824,0.11427439189440186,0.06265736109647972,0.07148445197602056,90,2,deposit,Kuwait,charity,retail,0,1,0,0,0,16,clean,2023-03-12 06:00:00
3738.693329709195,11,3775.7805737545723,32,0.08517005200246007,0.5381408309792023,0.3808522239336143,0.34405612371301014,61,9,payment,Iran,personal,construction,0,0,0,0,0,12,suspicious,2023-09-22 21:00:00
13677.956706881414,40,20784.56793693843,12,0.4680926896523028,0.1333001584979511,0.031110207950292953,0.41222687717607653,5,7,deposit,Unknown,charity,unknown,0,0,0,1,1,10,high_risk,2023-07-07 04:00:00
19957.963603645512,50,5594.026240106772,49,0.1592362837260543,0.480759024122377,0.025636437157256796,0.18578659727217223,80,11,transfer,Kuwait,business,retail,0,0,0,0,0,6,suspicious,2023-06-18 23:00:00
96082.09320951214,43,8680.32227061538,13,0.06539936113674144,0.24584400083418806,0.3280982281855061,0.09319082687215076,101,3,payment,UAE,charity,real_estate,0,1,0,0,0,18,suspicious,2023-03-01 08:00:00
40571.33406606473,11,19498.020070687868,19,0.07326640663513095,0.532587998185202,0.0016453519968668417,0.1904492730837623,34,9,payment,Kuwait,personal,unknown,0,0,0,1,0,19,suspicious,2023-05-06 22:00:00
15432.034647043087,45,16558.762056139454,44,0.30313060660556934,0.04581430576242331,0.15676877950707974,0.0472169673306023,102,9,withdrawal,UAE,investment,construction,0,0,0,0,1,8,suspicious,2023-02-19 15:00:00
8203.219649228966,3,5574.356602442973,48,0.22559342096569895,0.2274138391835171,0.18352747646427084,0.17254330355040506,92,6,payment,Kuwait,investment,retail,1,0,1,0,1,15,high_risk,2023-06-09 09:00:00
15166.331936697816,12,4604.994178778293,25,0.19726692659749345,0.17931756497048248,0.3721835261239366,0.09684311851702301,64,2,exchange,Russia,charity,NGO,0,0,0,0,0,5,clean,2023-08-15 13:00:00
23102.28952114639,3,3320.3985824291253,31,0.3973007259194012,0.4643791108514882,0.42952451359610766,0.269883405048767,12,7,transfer,Saudi Arabia,charity,NGO,0,0,0,0,0,13,clean,2023-08-31 12:00:00
1889.1669672905105,42,10155.758438342578,37,0.3450731382865402,0.2009021776520256,0.20120611699608557,0.0016988940625099953,109,4,withdrawal,Kuwait,charity,unknown,0,0,0,0,0,14,clean,2023-02-21 05:00:00
7912.073267545933,27,2706.042757392541,25,0.32453167874233435,0.330579014890634,0.07261494980976081,0.16858183271955474,109,4,deposit,Offshore,business,unknown,0,0,0,0,1,15,suspicious,2023-12-28 10:00:00
27470.197677570457,49,2300.257804698,16,0.24644905823339472,0.3863101460805466,0.2710377156394668,0.028916628845881594,59,7,payment,UAE,personal,real_estate,0,0,0,0,0,2,clean,2023-03-20 06:00:00
7263.557554273698,54,3523.55730625537,38,0.4474205357673033,0.19996853146885235,0.10352175954550177,0.18450764741074596,21,5,withdrawal,Kuwait,charity,retail,1,0,0,0,0,19,suspicious,2023-09-30 09:00:00
12725.005443150676,2,1560.4833674542035,43,0.14023890032385888,0.30088915041250835,0.030327223173478392,0.015328508190047161,96,1,exchange,Unknown,investment,retail,0,0,1,0,0,2,suspicious,2023-05-27 16:00:00
13292.584237976085,49,9502.69134978156,49,0.18231298037900998,0.5824259369736744,0.11525557797767205,0.14847193681049062,89,3,withdrawal,UAE,business,retail,0,0,0,0,0,5,clean,2023-06-29 02:00:00
3058.871069255264,16,7661.9169104992825,23,0.6068149643939372,0.24034146682722582,0.021290949970933965,0.06583570329977093,78,7,exchange,Saudi Arabia,investment,finance,0,1,0,0,0,5,clean,2023-11-07 20:00:00
6746.791418233956,2,5275.81990708452,14,0.17574855860439587,0.3469129314961011,0.06745674861317523,0.17050462805098845,115,13,withdrawal,UAE,charity,NGO,0,0,1,0,0,2,clean,2023-02-07 00:00:00
6108.504061329524,54,3958.6442307292236,6,0.6067441055476297,0.2164101175609346,0.07657491754407623,0.2826496261359698,47,9,withdrawal,Jordan,charity,real_estate,0,0,1,0,0,17,suspicious,2023-08-14 18:00:00
398.18932822004416,30,19180.666346664573,25,0.06729067831003499,0.6539759955056379,0.015177372642404114,0.09257886270328824,53,9,deposit,Egypt,personal,NGO,0,0,0,0,0,7,suspicious,2023-12-31 05:00:00
367.3378690579548,20,236.45040626761195,23,0.21605939892443982,0.49101497827981266,0.006216571915747017,0.09011400960612186,99,7,deposit,Saudi Arabia,business,retail,0,0,1,0,1,10,suspicious,2023-08-16 14:00:00
26729.84418208709,38,11726.432795027928,43,0.5445018184148691,0.3298558988790328,0.21814047142271248,0.00832414776263679,73,5,deposit,Jordan,charity,real_estate,0,0,0,1,0,15,suspicious,2023-10-27 15:00:00
4783.893096450526,28,18574.923908125158,12,0.21074587656458796,0.10473526183093483,0.019746458125693648,0.12267597963968481,94,4,withdrawal,Egypt,personal,finance,0,1,0,0,0,18,clean,2023-02-11 19:00:00
10949.618905777808,25,4729.84665773445,13,0.4283895344935662,0.31529963955724083,0.12055463841799643,0.08475530264669008,106,9,payment,Jordan,charity,retail,0,1,0,0,0,8,clean,2023-03-03 20:00:00
5322.839851198396,32,6400.346401156213,36,0.4045878010817402,0.5331069234542852,0.14114330031989902,0.02034290718064256,93,6,withdrawal,UAE,investment,real_estate,0,0,0,0,0,4,clean,2023-02-26 21:00:00
42371.940542377844,10,23125.74559821525,39,0.14322520171111788,0.26614626955992,0.0026999394063057123,0.05477401461538921,39,13,deposit,Saudi Arabia,personal,real_estate,0,0,0,0,0,11,clean,2023-01-03 00:00:00
4502.328273008915,42,1908.8754232905865,34,0.0429608516106988,0.15742214718399763,0.0008796928761437349,0.013276114923386052,31,10,withdrawal,Jordan,business,finance,0,0,0,0,1,7,suspicious,2023-07-05 17:00:00
8422.755246278857,40,5874.001179471966,6,0.2196850701656845,0.7891371533194145,0.1702842341146319,0.045193039871770035,78,2,payment,UAE,investment,real_estate,0,0,0,0,0,16,clean,2023-02-27 14:00:00
30921.696496733894,33,5150.607767981037,38,0.36426726594504866,0.2975834434178762,0.18504662090561635,0.1488487067302213,81,3,exchange,Russia,investment,finance,0,1,0,1,0,3,high_risk,2023-03-22 12:00:00
27671.098064731927,13,2391.4828072378264,40,0.23823378147470314,0.14631897008573685,0.2912893580756146,0.09051326000503612,89,7,transfer,Jordan,business,unknown,0,0,0,0,0,15,clean,2023-01-29 14:00:00
3088.7926903584294,56,13656.107385730611,8,0.2179265223522057,0.15318549268038345,0.19415887900554843,0.028653546108171814,46,4,deposit,Kuwait,business,real_estate,0,0,0,0,0,9,clean,2023-04-18 12:00:00
24341.138658731907,41,18388.791965429333,8,0.03990589953836633,0.14633687956497735,0.007960720412050547,0.15472145390025754,57,7,withdrawal,Offshore,investment,finance,0,0,0,0,0,19,suspicious,2023-10-20 23:00:00
9192.512197236823,54,12183.607975837378,40,0.30357961544334927,0.23484901420333523,0.07723825269484118,0.025915946940030386,106,13,payment,Kuwait,charity,NGO,1,0,1,0,0,14,suspicious,2023-10-13 23:00:00
9894.782963306889,42,1738.8721208838406,33,0.30926582666087765,0.4438457784284803,0.13662909195291523,0.13597940394986863,37,12,deposit,Iran,business,construction,0,0,0,0,0,2,suspicious,2023-07-05 00:00:00
2149.0508534685396,47,725.9529535595813,34,0.7176512708580046,0.1639351078965244,0.377863102343906,0.24301755149429619,27,12,deposit,Egypt,business,retail,0,1,0,0,0,18,high_risk,2023-09-27 23:00:00
1260.5346310998505,37,7439.963415496883,44,0.43963712625734297,0.4100641583779666,0.06043563953237766,0.15002790413959446,82,5,exchange,Jordan,personal,retail,0,0,0,0,0,11,clean,2023-06-18 09:00:00
19525.951521771585,54,470.3159179484299,15,0.22954609820219016,0.2975964268962234,0.23183202168152192,0.0038095452470677227,29,1,transfer,Saudi Arabia,business,retail,0,0,0,0,0,11,clean,2023-06-03 06:00:00
10291.41621895275,16,8938.102391150833,36,0.08890918957366087,0.4341918837365462,0.04066392694903529,0.08455239260886964,113,10,withdrawal,Egypt,personal,finance,0,0,0,0,0,18,clean,2023-06-14 19:00:00
8613.157562116969,45,6047.40470643534,35,0.23133393521135615,0.3929868018516809,0.3372909928027454,0.30225427034286256,18,3,withdrawal,Russia,business,finance,0,0,0,0,0,1,clean,2023-06-14 12:00:00
19612.70401972557,22,8696.293942301347,46,0.342005755527716,0.1371219074251868,0.11299788728779876,0.008673633004786505,4,9,deposit,Iran,charity,retail,0,1,0,0,0,8,suspicious,2023-07-25 21:00:00
21755.32048451078,57,7136.117817197817,22,0.2533879069050832,0.03900641323153339,0.09376952863656778,0.11476178278829301,84,4,payment,Jordan,charity,finance,0,0,0,0,0,1,clean,2023-07-31 01:00:00
2595.816461405992,20,4395.181342914458,23,0.38601870871471183,0.6452608380096598,0.28526781438574705,0.005674959214469126,1,12,deposit,Russia,business,NGO,0,0,0,0,0,9,suspicious,2023-11-07 11:00:00
14132.790193752706,50,1793.9250244654163,40,0.3959378654818778,0.38006257633026563,0.1068558117455159,0.2624342900247325,109,5,exchange,Offshore,personal,real_estate,0,1,0,0,0,7,suspicious,2023-01-20 01:00:00
2181.527992918121,43,2918.8336914767638,45,0.3556515315128609,0.5102231288278748,0.013235252882713655,0.4399615798079079,24,2,transfer,UAE,charity,real_estate,1,1,0,0,0,17,suspicious,2023-02-03 23:00:00
20877.148317410243,27,5947.11683686646,22,0.2000056569628308,0.5661662593845423,0.10923203726214806,0.1639702122466472,42,10,exchange,Offshore,charity,real_estate,0,0,0,0,0,17,suspicious,2023-04-04 07:00:00
16048.411509239158,41,8441.390638265082,5,0.3638507279091349,0.18781391100339484,0.015151094324744773,0.031105496118379414,60,11,payment,Jordan,investment,unknown,0,0,0,0,0,12,clean,2023-09-03 14:00:00
47064.49178940486,16,12094.244529034819,31,0.457315908772004,0.32342142319428435,0.014490349525406144,0.14503317124369983,111,8,withdrawal,Egypt,investment,retail,0,0,1,0,0,1,clean,2023-04-21 10:00:00
1071.7636126279842,34,11659.59832941193,13,0.27086691148787995,0.1044037958213456,0.12982317996013373,0.14660377190131646,24,1,payment,Saudi Arabia,charity,construction,0,0,1,0,1,3,clean,2023-01-11 23:00:00
881.2054023725619,32,28803.650616152478,28,0.045726325184134664,0.5650086053037442,0.10396369950358975,0.21671482377371235,56,14,exchange,Jordan,investment,retail,0,0,0,1,0,15,suspicious,2023-01-11 18:00:00
4973.19440392296,26,2693.2022447909962,20,0.07973820760560203,0.3574466241072961,0.0456393557430353,0.135763025305508,69,11,withdrawal,UAE,personal,real_estate,1,0,0,0,0,8,clean,2023-10-26 19:00:00
4551.190970345748,25,590.1257319855022,33,0.40545840458730775,0.0694149216885918,0.07826788337294083,0.12444944952619151,90,4,transfer,Russia,business,retail,0,0,0,0,0,12,clean,2023-07-18 03:00:00
4254.928444435909,2,3392.988013348533,16,0.21009252982774804,0.2917519246631763,0.34759541112854786,0.07219881102405791,18,6,deposit,Iran,charity,unknown,0,0,0,0,1,17,suspicious,2023-09-19 11:00:00
35507.58711324464,12,10878.605352245988,29,0.6732497275434242,0.4553192221475039,0.21708278094848021,0.003196459306882424,100,8,transfer,Kuwait,charity,real_estate,0,0,0,0,0,6,clean,2023-07-26 05:00:00
4306.157828454099,40,4611.61692915554,23,0.08401331474737041,0.048437956440516794,0.007378829392241589,0.12300238272118279,65,4,deposit,Offshore,investment,unknown,0,0,0,0,0,12,clean,2023-10-01 18:00:00
4760.777634812922,9,13620.69438208551,24,0.27482247783794145,0.6855530210224721,0.0003622579365732121,0.08100486324776957,10,2,transfer,Offshore,charity,unknown,0,0,0,0,0,11,suspicious,2023-12-10 10:00:00
21369.183803957414,12,6376.094794412154,34,0.040707759026592745,0.26752306545130056,0.07329809727917853,0.012853808504430126,17,4,withdrawal,Unknown,charity,unknown,0,0,0,0,0,2,clean,2023-04-21 02:00:00
8960.461482975856,26,21250.312509239684,7,0.122493242907136,0.18322712985428707,0.05132194442303343,0.002311528144670621,58,1,withdrawal,Kuwait,charity,real_estate,0,0,1,0,0,16,clean,2023-06-14 18:00:00
22489.295973876895,9,23631.11109771296,38,0.3910217757925533,0.20216154272594047,0.087911608014043,0.23885291116618365,35,8,withdrawal,Russia,charity,unknown,0,0,0,0,0,4,clean,2023-09-28 14:00:00
1014.0065814288774,10,574.5850347157993,37,0.48604336045844887,0.20081751296739855,0.11986717769867723,0.14768232749076368,4,9,deposit,Russia,business,unknown,0,1,0,0,0,9,suspicious,2023-11-03 01:00:00
10028.90238155605,32,4876.530564348555,4,0.14348822460689478,0.09578549220749746,0.030713438940079687,0.01609715438083467,44,3,withdrawal,Unknown,investment,construction,0,0,0,0,0,17,clean,2023-10-13 17:00:00
512.8728740692475,57,7526.492629353068,34,0.4205019160659644,0.38598948702253616,0.007290163888039764,0.15906449418480606,91,14,payment,Kuwait,investment,retail,0,0,0,0,1,17,suspicious,2023-09-21 00:00:00
970.5292726594788,34,2364.343541674859,42,0.4472907566114953,0.14962376346716308,0.28768174924430095,0.32463932699495934,75,8,deposit,Jordan,charity,construction,0,0,0,0,0,2,clean,2023-04-18 01:00:00
35536.87677218226,48,4181.522916434617,22,0.12328592221786337,0.08131519208895649,0.09349957675113463,0.02986328429667931,67,9,withdrawal,Egypt,charity,retail,0,0,0,0,0,11,clean,2023-04-27 03:00:00
2249.1869856966755,20,9057.72175550923,5,0.26455387251149154,0.1440444074315195,0.05250833762318345,0.3067319829927051,28,12,withdrawal,Russia,charity,real_estate,0,1,0,0,0,6,suspicious,2023-09-12 11:00:00
11402.794215933149,39,2057.0597533982072,42,0.6403089465084102,0.2970222167541517,0.1786300692533256,0.09092694234311974,11,13,transfer,Kuwait,business,construction,0,1,0,0,1,19,high_risk,2023-01-20 11:00:00
7942.37132877842,2,7370.051383777823,23,0.21473731413204,0.3274887304910962,0.07456898184447304,0.26788633302700765,3,8,payment,Russia,personal,finance,0,0,0,0,0,17,suspicious,2023-08-08 14:00:00
6400.560833918048,1,9564.012380031689,15,0.1897443288020604,0.2122480634900405,0.008553451134195563,0.19326035086893265,100,14,payment,Egypt,personal,real_estate,0,1,1,0,0,16,suspicious,2023-05-09 03:00:00
34513.799055132404,51,758.8498005026014,31,0.3047466995125148,0.297012015369249,0.032115062046469155,0.3373926124326181,3,2,deposit,Unknown,charity,real_estate,1,0,0,0,0,17,high_risk,2023-07-17 06:00:00
330.9757403250229,36,5505.7438488312855,9,0.08321789847626347,0.24218640234229444,0.027215409902976117,0.3800904480118921,25,2,payment,UAE,business,retail,0,0,0,0,0,15,clean,2023-04-30 08:00:00
16350.275712490344,24,2442.20785167951,43,0.1314672613425625,0.40041968134042366,0.08011190878110272,0.3090403211374245,76,10,withdrawal,UAE,business,retail,0,0,0,1,0,13,suspicious,2023-08-06 19:00:00
49613.324692025504,54,10310.041876237936,25,0.42983009255253873,0.23765923802290456,0.1249896062241019,0.0642105662408295,12,13,deposit,UAE,investment,unknown,0,0,0,0,0,17,clean,2023-05-10 21:00:00
12320.442904212781,27,1681.379415471142,25,0.46940032254462205,0.3958525644751569,0.024620925490594393,0.025655181771766275,49,4,exchange,Offshore,personal,finance,0,1,0,0,0,8,suspicious,2023-10-22 11:00:00
41427.09679378678,2,17822.6352280667,49,0.5250144176201945,0.28343208569204786,0.0022846414811206564,0.1255334390503843,56,1,transfer,Unknown,personal,NGO,0,0,0,0,0,9,suspicious,2023-09-21 00:00:00
805.0925744373608,31,4510.174007242934,21,0.2386968629652156,0.22391004589816774,0.24761456997461076,0.06906499974648833,53,12,transfer,Offshore,business,real_estate,1,0,0,0,0,8,suspicious,2023-03-04 01:00:00
8139.732784459441,57,1765.203596488855,9,0.2329023102369724,0.2983224774198827,0.2903549669271704,0.057692129694195356,96,3,exchange,Kuwait,charity,real_estate,0,0,0,0,0,17,clean,2023-03-15 00:00:00
4519.775198260331,14,4610.337707056467,48,0.36172055725502683,0.08041229548845295,0.020697454233343564,0.15648243021449462,104,4,deposit,Jordan,investment,construction,0,0,0,0,0,14,clean,2023-12-21 05:00:00
19685.678446097107,2,4204.046320564673,38,0.3092466560972909,0.2295483381266289,0.0847803303575148,0.20689223404196094,10,12,exchange,Unknown,business,retail,0,0,0,0,0,12,suspicious,2023-04-19 11:00:00
59686.142682625235,29,4481.793216522817,22,0.4329390616222542,0.4599028615307948,0.0651759856996838,0.0059040808274064965,112,2,payment,Kuwait,investment,construction,0,0,0,0,0,1,clean,2023-07-22 12:00:00
4446.404213754771,15,7046.6415094107415,43,0.2986858516961289,0.26936209426855684,0.01733866856818882,0.06615624405888526,19,12,withdrawal,Saudi Arabia,personal,retail,0,1,1,0,0,13,suspicious,2023-02-19 01:00:00
15927.318897450474,12,5891.339438785208,23,0.2973542138727255,0.1485798064588097,0.24236551519817626,0.06908619144897465,47,7,exchange,Unknown,business,retail,0,0,0,0,0,7,clean,2023-06-15 08:00:00
3311.526227014195,37,1298.054126745613,49,0.12860629578928376,0.21702198636770234,0.00985111287295633,0.03146474835016155,54,13,exchange,UAE,investment,construction,0,0,1,0,0,16,suspicious,2023-11-04 05:00:00
12497.531132219376,28,542.6261647258686,4,0.08898461839362624,0.331193108760479,0.03697128340103232,0.1462739333613045,107,10,payment,Offshore,charity,construction,0,0,0,0,0,3,clean,2023-02-25 13:00:00
9352.427522584829,20,10457.365244102431,29,0.34878996763782577,0.22911448067117848,0.12022029002355025,0.06895717772008692,7,3,deposit,Egypt,investment,construction,0,0,0,0,0,11,clean,2023-09-17 07:00:00
53636.11696362173,39,6562.7085369141,15,0.21895912451357274,0.34939427780026316,0.020884608420831022,0.24190409463078769,88,7,withdrawal,Saudi Arabia,investment,NGO,0,0,0,0,0,18,clean,2023-02-24 17:00:00
14067.591420566001,24,3557.816162510131,1,0.09508562298773375,0.21867364318750476,0.003274568911302754,0.27436405963096255,39,7,withdrawal,Russia,charity,retail,0,0,0,0,0,10,clean,2023-11-17 04:00:00
6450.356651293659,21,13217.002436570314,30,0.36993954732729945,0.06682997818363183,0.17579466345583067,0.09923304726157033,32,13,transfer,UAE,personal,finance,0,0,0,0,0,16,clean,2023-11-21 18:00:00
1817.1966536343025,10,3928.9483777013766,29,0.5944725200577614,0.4391276452023888,0.12398493438205184,0.1675277203187882,23,13,withdrawal,UAE,business,construction,0,1,0,0,0,19,suspicious,2023-09-23 00:00:00
2459.8029558215444,46,12715.713362960807,20,0.15808896389662602,0.24038204609879127,0.14141554821836955,0.46383001457506334,50,11,withdrawal,Jordan,business,retail,0,0,0,0,0,8,clean,2023-11-01 16:00:00
3829.5191271132344,14,2919.4558313864222,33,0.2494306054808704,0.42319296632340003,0.006966880119365651,0.11782150043742326,19,9,withdrawal,UAE,charity,construction,0,0,0,0,0,6,clean,2023-05-29 07:00:00
4334.576783420547,37,605.078738204286,41,0.17267918517115,0.5335161756033969,0.11337889946265142,0.0006344381647784854,112,4,withdrawal,Unknown,business,NGO,0,0,0,0,0,3,clean,2023-07-02 05:00:00
28518.532413946657,18,21581.59490666303,44,0.2053852406541535,0.20784001451296202,0.2655809937204985,0.1799735890825008,118,4,payment,Egypt,charity,finance,0,0,0,0,0,2,clean,2023-06-01 05:00:00
12356.452276751917,24,4014.281287815595,36,0.23618057680812435,0.17547409792565058,0.09430217391937132,0.14650872362313722,67,1,transfer,Kuwait,charity,finance,1,0,0,0,0,17,suspicious,2023-08-21 16:00:00
11115.879671781651,14,12588.419457217575,22,0.18028009918371554,0.12072203050864341,0.12359443494592781,0.14106665503137367,25,14,exchange,UAE,business,unknown,0,0,0,0,0,3,clean,2023-02-19 21:00:00
1828.5975951194687,34,2618.528552505352,13,0.3377471012906647,0.22008306775648243,0.2226587979131536,0.029986463637976135,25,11,transfer,Unknown,investment,unknown,1,1,0,0,0,3,suspicious,2023-02-15 01:00:00
29506.66746232631,58,8315.922306216286,7,0.05515779312703758,0.3532888939086609,0.2296695567936826,0.16446997107450145,6,6,deposit,UAE,personal,finance,0,1,0,0,0,15,suspicious,2023-09-19 21:00:00
19246.01417810791,12,16528.152114097215,8,0.32810016558720045,0.1762982971901289,0.08522731673284922,0.3564454006572326,97,6,exchange,Jordan,business,construction,0,0,0,0,0,5,clean,2023-06-11 07:00:00
1051.0003907927446,22,340.287886682591,28,0.18018224524837834,0.4990198531793185,0.05407977363090736,0.418437470033975,97,7,transfer,Egypt,business,unknown,0,0,0,0,0,14,clean,2023-06-30 19:00:00
18456.553509036814,56,14205.62915768098,45,0.13511582600530372,0.4043720325156935,0.016926176126359178,0.26494483799933244,15,9,transfer,Iran,personal,NGO,0,0,0,0,0,7,suspicious,2023-08-07 10:00:00
11763.754509260758,6,6776.599174772705,43,0.18399964353182968,0.35959278880534173,0.15886287812967392,0.017136499673738544,63,10,transfer,Saudi Arabia,business,retail,0,0,0,0,0,5,clean,2023-10-20 13:00:00
1278.8811820450242,36,7481.1742382787525,9,0.5496981131528724,0.3366862358874475,0.05450256530215302,0.05432439201030424,20,10,transfer,Offshore,charity,finance,0,0,0,0,0,14,suspicious,2023-09-13 11:00:00
9195.661809100537,45,5924.560652419037,25,0.33201372722733247,0.06944656600587128,0.05724138566116414,0.07142298886502367,43,10,transfer,Unknown,investment,construction,0,0,1,0,0,19,suspicious,2023-02-01 18:00:00
9944.982276224026,36,16602.009279000238,16,0.4196094659538577,0.06319216352822912,0.2688161659057527,0.08003466624421372,106,9,transfer,Kuwait,business,NGO,1,0,0,0,0,11,clean,2023-04-15 21:00:00
2718.773664327247,22,355.23855171603975,10,0.12459562965802506,0.16278174835153994,0.015591984386479758,0.13260865000086558,96,5,payment,Saudi Arabia,charity,retail,1,0,0,1,0,7,suspicious,2023-02-16 23:00:00
43697.95391099244,14,2419.9662210373526,11,0.13579663485455076,0.6402406599236623,0.0344695335304694,0.0024452891272359867,88,2,payment,UAE,personal,finance,0,0,0,0,0,8,clean,2023-06-01 22:00:00
28454.337123520272,16,16684.48428375416,31,0.45267635180445703,0.5353950302022346,0.2996014189546198,0.15310746869885802,67,1,exchange,Saudi Arabia,business,finance,0,1,0,0,0,4,clean,2023-03-10 08:00:00
16585.56585390327,36,11165.771736865336,12,0.3535946864915339,0.4349887324144235,0.06443907564796308,0.07144641579433855,4,2,withdrawal,Kuwait,business,construction,1,0,0,0,0,6,clean,2023-02-10 13:00:00
9306.693595033285,56,142.42153506445615,31,0.175431209822812,0.2376819807478529,0.12277803418297484,0.06231950015959523,108,2,transfer,Saudi Arabia,personal,construction,1,0,0,0,0,5,suspicious,2023-11-22 10:00:00
7959.445076352661,25,5822.013073039451,14,0.05356387213814724,0.28752401862780996,0.22712303248370394,0.06821415663591508,6,12,withdrawal,Egypt,personal,real_estate,0,0,0,0,0,10,clean,2023-10-20 03:00:00
15789.110014710877,32,6032.910458942837,44,0.2997235156339027,0.23289517337738957,0.10852855159513511,0.14912367443619653,59,1,payment,Unknown,investment,construction,0,0,0,0,0,18,suspicious,2023-11-16 15:00:00
11826.112114556887,33,4098.375446566084,32,0.250898312790746,0.20107955178233974,0.07677097927615918,0.18164191992783144,52,12,deposit,Saudi Arabia,charity,retail,0,0,1,0,0,17,suspicious,2023-01-23 22:00:00
964.4479504068984,45,2823.6643905574547,17,0.2057473431376883,0.3786682057293928,0.03995093403270241,0.2169656513110459,19,8,transfer,Saudi Arabia,personal,unknown,1,1,0,0,0,14,suspicious,2023-02-26 05:00:00
10777.056329010531,36,9158.712160316325,35,0.21344562380269164,0.15640487199009706,0.0027762785799031776,0.16047478829070422,26,3,exchange,Jordan,charity,construction,0,0,0,0,0,13,clean,2023-03-24 08:00:00
24629.696825521987,20,1863.4348591365813,1,0.5228121747090315,0.08654490245870014,0.03469826635150639,0.29740838373802136,48,10,withdrawal,Jordan,personal,construction,0,1,0,0,0,6,suspicious,2023-01-12 12:00:00
9221.69242698345,18,12833.555948571588,29,0.32673038195032206,0.19835973436864332,0.08469876565072347,0.06671890831045355,89,14,exchange,Iran,charity,unknown,0,1,1,0,1,16,high_risk,2023-03-19 12:00:00
800.32460262674,38,12997.921611000596,4,0.18286696876491795,0.3383858913919639,0.02570224543996335,0.32311426011800637,55,14,transfer,Offshore,personal,unknown,0,0,0,0,0,10,clean,2023-11-14 04:00:00
23146.201602168556,3,4292.723467796386,23,0.20540519614408767,0.4517675502259191,0.1776398934530869,0.0635750946242449,89,10,withdrawal,Offshore,charity,NGO,0,1,0,0,0,7,suspicious,2023-12-16 18:00:00
3372.74600528811,23,2667.552332072945,28,0.637414975557281,0.45106441118054263,0.011212929762940306,0.021868097116990188,59,12,withdrawal,Russia,charity,finance,0,0,0,0,1,1,suspicious,2023-07-02 09:00:00
4488.646361225554,32,2671.2399124006943,16,0.43652369648285744,0.05920388928344414,0.02610942297734238,0.04219698105326928,74,8,transfer,Iran,business,finance,0,0,0,0,0,11,clean,2023-06-19 14:00:00
2699.5791512610244,45,5266.740771734429,12,0.304550667591694,0.2822032092422682,0.05175030980077086,0.009477454211958,38,6,deposit,Kuwait,charity,unknown,1,0,0,0,1,6,suspicious,2023-07-06 06:00:00
6011.979157075713,59,10171.712280700727,21,0.3419959151578064,0.15922953336600382,0.07066252638281037,0.14073125147919174,84,1,transfer,Jordan,business,unknown,0,1,0,0,0,4,clean,2023-01-01 14:00:00
21205.07621724774,16,3556.167942374585,45,0.5464516489371513,0.3120462101330223,0.08483201158329513,0.2856049618919435,5,13,exchange,Iran,business,unknown,0,0,0,0,0,11,suspicious,2023-07-04 03:00:00
10990.358002860643,59,7533.757505876478,17,0.5998265113630471,0.5806709461300766,0.09145441801473347,0.07462221677156748,42,14,payment,Egypt,personal,retail,0,0,0,1,1,2,suspicious,2023-02-14 12:00:00
3438.9575218063264,5,3856.4083659856724,40,0.43956665816614965,0.5274111605393021,0.02131609584536352,0.024635266421472263,108,13,payment,Egypt,business,NGO,0,1,0,0,0,9,suspicious,2023-05-26 00:00:00
31535.136018982314,4,2905.2608789847704,13,0.23549582596638208,0.09540777615985005,0.10781234051911645,0.030810976307692518,114,7,payment,Iran,charity,real_estate,0,0,0,0,1,7,suspicious,2023-08-28 09:00:00
31751.775766197516,21,201.38985698803248,32,0.26037247336289077,0.15197359072814068,0.031836977459102404,0.2669437933786146,35,3,withdrawal,Iran,investment,retail,1,0,0,1,1,14,high_risk,2023-10-17 09:00:00
30670.20270153655,40,100.0,37,0.6490498152126072,0.4386753561847506,0.09251122956041495,0.17231433528773055,69,9,withdrawal,Unknown,investment,real_estate,0,0,0,0,0,5,suspicious,2023-03-09 10:00:00
4092.8124961038116,51,2061.9594497280286,15,0.40851917150784495,0.235400685950239,0.22511301231366257,0.14137300232883726,99,9,transfer,Russia,personal,finance,0,0,0,0,0,18,suspicious,2023-02-25 14:00:00
9001.393446484395,14,4172.4814252566275,12,0.09214160310757533,0.05958578225221049,9.840050680776084e-06,0.20611376040068738,3,4,withdrawal,Jordan,charity,unknown,1,0,0,0,0,17,suspicious,2023-11-21 05:00:00
62985.23587394926,39,15244.506496620565,49,0.45931132303013317,0.30379106291967584,0.07591879276493167,0.11132472167632024,41,2,exchange,Saudi Arabia,business,retail,0,1,0,0,0,14,clean,2023-05-17 07:00:00
22176.96558274168,31,12815.10161437057,15,0.25168906341259895,0.3553897047315742,0.21706358116038063,0.10700251662960679,32,10,transfer,UAE,business,NGO,0,0,0,0,0,16,clean,2023-12-25 03:00:00
413.14917955322284,14,2486.680504577125,34,0.4009433676724242,0.13841639341773362,0.10599678664079543,0.012748822634886985,36,9,exchange,Saudi Arabia,investment,unknown,0,0,0,0,0,19,clean,2023-12-29 04:00:00
1011.4138172866577,6,2243.4322409404267,6,0.11452168802565255,0.5482421110689258,0.3693311789871873,0.35636782808549466,30,5,payment,Jordan,business,NGO,0,1,0,0,0,11,clean,2023-11-27 10:00:00
9352.396466565942,12,2063.1437441590665,17,0.32277145388269685,0.40316510184319143,0.22229206074656332,0.09305449039218242,116,11,exchange,Russia,business,NGO,1,0,0,0,0,1,suspicious,2023-04-30 14:00:00
35989.77824480521,16,3314.884531490205,48,0.26627771283914514,0.10949233601562687,0.2711191718842576,0.09920998273694809,113,12,payment,Unknown,charity,unknown,1,0,0,0,0,5,suspicious,2023-07-14 12:00:00
11605.658790058807,17,5516.408746900219,49,0.31964254229036854,0.2603579608250871,0.08590996025690527,0.02515040379100332,39,8,withdrawal,Unknown,investment,unknown,0,0,0,0,0,11,clean,2023-04-02 20:00:00
10331.72608573338,45,4619.538736218436,20,0.17469295486142356,0.1309731647172969,0.30778519107280733,0.23875271443454177,93,9,transfer,Unknown,charity,retail,0,0,1,0,1,13,high_risk,2023-01-26 21:00:00
1671.9146177490666,23,1969.9996682602919,9,0.23987177594214207,0.30490420551474706,0.03349332195779323,0.023094811537174242,90,11,deposit,Saudi Arabia,personal,unknown,0,0,0,0,0,2,clean,2023-02-20 03:00:00
16040.759146964436,14,1118.2485119450914,5,0.2476973584143268,0.07719946031430755,0.030251853551430057,0.13045185491290623,109,1,exchange,Saudi Arabia,personal,finance,0,0,0,0,0,1,clean,2023-02-18 18:00:00
25898.271759452993,7,101.26066212734155,23,0.3153574378836405,0.11336881687572986,0.22414122081578763,0.10335358821178786,89,11,transfer,Kuwait,charity,real_estate,0,1,0,0,0,11,clean,2023-11-10 21:00:00
7180.701929507763,46,1337.5397376567466,33,0.3961615730975109,0.1993783970061032,0.21462834867005318,0.047845368336426074,60,3,deposit,Egypt,charity,NGO,0,0,0,0,0,4,clean,2023-02-13 09:00:00
22415.668775075574,32,9775.909499684602,38,0.2781340490394902,0.1806926863994374,0.09703016846583924,0.042199575241979155,56,7,transfer,UAE,investment,construction,0,0,0,0,0,8,clean,2023-09-11 13:00:00
50063.47743078147,15,2233.887473372786,14,0.5081174420644158,0.12673894722746398,0.019697286613970213,0.021562335462620343,76,14,deposit,Saudi Arabia,investment,finance,0,0,1,0,0,18,suspicious,2023-08-14 06:00:00
3417.9411467011964,44,5057.949215903898,17,0.40616196916937014,0.219862553615437,0.27413497469384784,0.09599274431865805,82,2,transfer,Russia,business,real_estate,0,0,0,0,0,11,clean,2023-01-01 05:00:00
11113.951165532035,17,7158.213596648991,19,0.2238464662626145,0.37445197830443894,0.05915421504974018,0.05022909226155521,118,14,payment,Saudi Arabia,business,construction,0,0,0,0,0,2,clean,2023-02-23 09:00:00
5077.010503335809,41,17431.68408755232,33,0.2478971086728327,0.3960191036102473,0.16115191440010612,0.02355223978886979,58,4,deposit,Jordan,personal,unknown,0,0,0,0,0,4,clean,2023-06-23 01:00:00
23615.00164826211,54,17575.36407288339,1,0.14754497901098618,0.1929481023147333,0.24068779683080302,0.03323618031462874,26,4,transfer,Russia,personal,finance,0,0,1,0,0,10,clean,2023-11-13 15:00:00
12926.802614094673,47,10954.986147564096,13,0.2170554774745974,0.32286424683046944,0.0878818578726648,0.13889466529325917,79,7,deposit,UAE,personal,NGO,0,0,0,0,0,12,clean,2023-09-26 11:00:00
15100.717767499138,44,286.31901550869566,46,0.2245503973993592,0.46899375934398524,0.051579866925650655,0.03018149841026047,5,14,payment,Kuwait,investment,NGO,0,1,1,0,0,18,high_risk,2023-07-02 10:00:00
23985.940791765996,34,6846.65452601466,27,0.4531543781855908,0.2013983425559908,0.07494165809728759,0.27325504040170817,56,2,deposit,Jordan,investment,construction,0,0,0,0,0,15,clean,2023-04-16 02:00:00
7561.982938826705,5,12356.075894734702,6,0.1429454426656257,0.3743483327486457,0.30053591788465184,0.3580009125396013,33,8,deposit,UAE,charity,construction,0,1,0,0,0,12,clean,2023-03-20 10:00:00
36992.46318919448,45,139.51382387562793,6,0.27685016261720086,0.1993936114131268,0.05229548603373127,0.004721211327845973,105,8,transfer,UAE,personal,construction,0,0,0,0,0,1,clean,2023-06-04 07:00:00
11422.317561830718,27,6382.456665307899,33,0.23269097134702654,0.44720074784502245,0.1669438027097705,0.0034601047172737507,9,13,exchange,Unknown,investment,unknown,0,0,1,0,0,6,suspicious,2023-09-17 15:00:00
2578.8241738397755,52,15602.149232448202,30,0.32184010999115953,0.11555248909577377,0.0621428635922704,0.09015499806510698,32,6,payment,Egypt,charity,real_estate,1,0,0,0,0,11,suspicious,2023-02-27 15:00:00
17855.93676744582,23,5141.18516490591,46,0.323819472218547,0.29552388331565865,0.16788224258391798,0.16255900561897854,77,4,transfer,Egypt,charity,real_estate,0,0,0,0,0,1,clean,2023-02-11 07:00:00
23644.497688859323,40,100.0,35,0.2537494223050182,0.12047497228812448,0.07315297977048238,0.17563076518939114,107,2,withdrawal,Russia,investment,finance,0,0,0,0,0,6,clean,2023-03-17 15:00:00
5713.673171935655,59,100.0,23,0.18610718420615177,0.35611529733888064,0.07929327657415493,0.1164966371935538,28,3,deposit,Offshore,personal,unknown,0,0,0,0,0,8,clean,2023-03-07 05:00:00
29192.474707700436,14,4311.551958563466,10,0.6371709939400263,0.31719543067876954,0.14202206561875297,0.11844841727210804,23,3,withdrawal,Russia,charity,real_estate,0,1,0,0,0,6,suspicious,2023-03-11 10:00:00
35489.784690467495,15,1347.4312718040323,19,0.2608690962846379,0.11826901688181152,0.04040702277936259,0.4489099231857783,88,12,transfer,Saudi Arabia,charity,finance,0,0,0,0,0,12,clean,2023-11-28 02:00:00
4863.209393556966,43,8735.890085097386,28,0.657824952020811,0.34452259748115827,0.2332151149077846,0.0011177863327642079,105,3,exchange,UAE,personal,real_estate,0,0,0,0,0,18,clean,2023-04-29 06:00:00
61585.45683422608,33,9869.93950641646,23,0.3394171477614001,0.4217988344164128,0.03126722237315913,0.104299152900161,95,4,payment,Egypt,personal,retail,1,0,0,0,0,5,clean,2023-12-31 19:00:00
2274.758855707583,53,1566.949283074627,4,0.20149682994951013,0.5507330782444819,0.09258386239606982,0.06057016275076142,69,7,transfer,Offshore,personal,unknown,0,0,0,0,0,5,clean,2023-09-18 14:00:00
3384.994744720137,31,17552.234275572187,20,0.21579783637464367,0.19599154235893432,0.3086363536547718,0.2256217827653501,110,9,exchange,Iran,personal,retail,0,0,0,1,0,8,suspicious,2023-07-04 16:00:00
3054.247504013576,35,4665.849422955685,19,0.10520831684251603,0.19193864368042457,0.10644469767830544,0.1508284350125543,62,10,transfer,Offshore,business,real_estate,0,0,0,0,0,19,suspicious,2023-03-22 15:00:00
33663.28671276199,17,1233.1005768299406,42,0.36716107401844666,0.3775071454772678,0.287779509381918,0.22857293231304826,48,13,exchange,Russia,investment,real_estate,0,0,0,0,1,2,suspicious,2023-07-03 10:00:00
15932.43582802055,28,11559.92108922256,27,0.04676818277368061,0.2920566050468259,0.029779092527904248,0.1346204752647519,66,4,withdrawal,Kuwait,investment,retail,0,0,0,0,0,14,clean,2023-09-11 10:00:00
2474.9643937545566,19,12484.210617159624,34,0.32916557728520207,0.4507952874759242,0.024433646571411744,0.026550488957001198,62,13,exchange,Egypt,business,unknown,1,0,0,1,0,17,suspicious,2023-09-26 19:00:00
8705.942923348079,46,8157.569117022952,4,0.14645661229381038,0.28840421703095204,0.005656463922238107,0.14815327971376838,111,7,payment,Unknown,business,finance,0,0,0,0,0,18,clean,2023-03-20 05:00:00
14329.295033219427,54,15363.957971527676,38,0.2984945195173078,0.10372848845254647,0.17134716757953888,0.23197722110580693,94,10,withdrawal,Offshore,investment,construction,0,0,0,0,0,18,suspicious,2023-08-11 16:00:00
1307.3103800048602,23,10696.16318341159,7,0.2979023107648042,0.35906949708661534,0.004470981074064692,0.2014796394156203,113,6,deposit,Offshore,personal,NGO,0,0,0,0,0,17,clean,2023-06-28 22:00:00
32109.0816051341,32,17110.52569652845,48,0.15529296407813392,0.5018586385916914,0.08996114184962722,0.10039422523363059,69,10,withdrawal,Jordan,business,retail,0,0,0,0,0,8,clean,2023-01-18 12:00:00
24414.298266804122,40,4551.707409139048,7,0.19845492976843968,0.362497031605679,0.08586525596536301,0.2621851078902142,56,9,withdrawal,Saudi Arabia,personal,NGO,0,1,0,0,0,10,suspicious,2023-03-16 22:00:00
10554.229921227541,13,11013.830160079464,26,0.48231761492932884,0.25526083027845864,0.35899076064437324,0.0032457273392900348,74,8,deposit,Iran,business,unknown,0,0,0,0,0,4,clean,2023-04-27 23:00:00
51226.378845751315,59,66402.58394137809,26,0.5043481115427707,0.599961750326323,0.07260419964219333,0.007447750845516288,111,2,withdrawal,Saudi Arabia,charity,unknown,0,1,0,0,1,19,high_risk,2023-04-28 02:00:00
8113.113405440922,20,10325.872174162607,19,0.27962600392229325,0.6521978965210705,0.04605657411101696,0.16494805624275888,116,3,withdrawal,Saudi Arabia,personal,NGO,0,0,0,0,0,17,clean,2023-08-14 02:00:00
62131.28064676761,35,969.9662143776332,9,0.38831707090457224,0.056127988202277324,0.12225712741385994,0.3038676282689852,36,6,deposit,Russia,business,construction,0,0,0,0,1,13,suspicious,2023-11-30 22:00:00
16535.690574520337,5,5843.781068053783,20,0.5820596108095488,0.3489843257118779,0.2074818486709403,0.36714376095567236,36,5,deposit,Kuwait,business,finance,0,0,0,0,0,8,clean,2023-10-18 00:00:00
15104.365642402814,9,7081.201202734546,42,0.2699882029916871,0.11893951643456162,0.12320356636559027,0.3171635995842412,56,2,payment,Russia,personal,finance,0,0,0,0,0,4,clean,2023-08-28 20:00:00
2722.0169355995213,29,1531.3247404716412,45,0.11467969008478665,0.46344717721931333,0.14153398560343555,0.04669014517471547,7,2,withdrawal,Saudi Arabia,charity,real_estate,0,0,0,0,0,5,clean,2023-10-07 10:00:00
32046.879361320836,6,26351.30272748185,16,0.5129802201867831,0.08850780522622363,0.15045804559800502,0.4608785689296774,93,5,withdrawal,Offshore,investment,real_estate,0,0,0,0,1,15,suspicious,2023-12-14 15:00:00
8365.86797025338,25,1544.5992037503183,17,0.12237495403709919,0.1813589816751399,0.08699152827534362,0.22178001177354836,32,5,withdrawal,Egypt,business,NGO,0,0,0,0,0,9,clean,2023-07-08 12:00:00
2655.236167240266,31,1563.8177434109905,22,0.13193792822058004,0.4711558789966718,0.10578076535475428,0.10449253960165199,91,1,payment,Jordan,personal,retail,0,1,1,0,1,1,suspicious,2023-06-14 11:00:00
190.31503684403435,22,19736.578298938413,13,0.39011813007989865,0.1439049345625786,0.012727745600373253,0.19889810224826335,1,10,withdrawal,Egypt,business,NGO,1,1,0,0,0,10,suspicious,2023-09-04 16:00:00
12306.381625708134,2,5006.980743771056,12,0.1345764524904362,0.32777265530057276,0.3429760048322557,0.23769103248248175,58,11,deposit,Saudi Arabia,investment,finance,0,0,1,1,0,3,suspicious,2023-12-16 21:00:00
11242.576719877547,45,522.1836426226585,10,0.06717413321310456,0.07261765665553878,0.08078372354156078,0.1602683578633486,118,3,deposit,Offshore,charity,retail,1,0,0,0,0,13,suspicious,2023-01-25 10:00:00
19059.89767120641,5,7294.15773541797,1,0.22027876804757546,0.33902208731071726,0.026158294166284686,0.25721504470265305,20,9,deposit,UAE,personal,real_estate,0,1,0,0,0,8,clean,2023-01-23 09:00:00
33144.354086031424,27,7366.936471087995,32,0.1108866391265293,0.18215158535952805,0.20744741531661648,0.28500737872687654,34,10,deposit,Russia,investment,retail,0,1,0,0,0,14,suspicious,2023-07-27 11:00:00
1241.0520027082423,25,533.399554112895,30,0.4249035159353122,0.3490041011397729,0.051579012649591645,0.1622300119004816,51,13,exchange,Egypt,business,construction,0,0,0,0,0,12,clean,2023-12-27 11:00:00
19723.36940640889,8,28755.10105692232,8,0.3424955183354964,0.1897067790088531,0.13652176847335268,0.14559401029997068,36,3,deposit,Egypt,investment,NGO,0,0,0,0,0,11,clean,2023-07-17 00:00:00
3112.9649123290374,55,6282.625479938129,21,0.5602716235345413,0.29419734773278966,0.002432771864337354,0.26837359544883216,26,6,payment,Kuwait,investment,retail,0,0,0,0,0,15,clean,2023-03-15 16:00:00
29297.637788528373,1,6564.131136284037,22,0.3486290499943658,0.25248580801698167,0.20702834299303294,0.32172311249952684,87,6,exchange,UAE,investment,real_estate,0,0,0,1,0,17,clean,2023-12-11 15:00:00
25644.138219165066,20,5873.677206977398,18,0.2740596645073301,0.37575227913498965,0.05729528313266077,0.09603995263762209,33,2,withdrawal,Iran,business,real_estate,0,0,0,0,1,2,suspicious,2023-11-06 19:00:00
11673.837514486508,44,7547.893283892086,2,0.6604173955309609,0.13436263791484318,0.22666409805705678,0.3454733897554454,1,7,deposit,Russia,personal,construction,0,0,0,0,0,1,suspicious,2023-05-10 22:00:00
18580.67914968094,23,2455.460128014214,48,0.24893860304175522,0.2815339100041953,0.048785088080327034,0.11618808930641941,67,9,withdrawal,Kuwait,investment,construction,0,0,0,0,0,13,clean,2023-06-10 05:00:00
5660.822259170947,32,2708.899298632809,44,0.08077608968256067,0.08955679392400742,0.008033826550524922,0.009355743888561967,50,9,deposit,Iran,charity,finance,0,0,0,0,1,12,suspicious,2023-07-23 01:00:00
9556.264301841924,11,5728.691721684398,9,0.4019710464040092,0.02417651420524364,0.0007997367955742856,0.09048831478555447,35,8,deposit,Unknown,business,construction,0,0,0,0,0,8,clean,2023-06-26 01:00:00
25859.00858938444,39,13147.509742499225,3,0.24107559881501286,0.36899073367214874,0.10451184481177872,0.3153837590237482,35,14,exchange,Russia,charity,construction,0,1,0,0,0,19,suspicious,2023-11-20 09:00:00
9222.394776361238,47,409.20602790582507,26,0.29091696669245565,0.21598278779483887,0.2008294054077715,0.02859618876067892,59,5,deposit,Jordan,personal,finance,0,0,0,0,0,15,clean,2023-11-01 15:00:00
6642.791942798344,54,7398.701470243943,21,0.1487531233009969,0.3813111731851283,0.030188837824981427,0.27936127193955906,77,8,deposit,Kuwait,business,construction,1,0,1,0,0,10,suspicious,2023-12-05 21:00:00
10224.578311272964,24,13151.329836620806,30,0.18368419866085278,0.35242583584285925,0.07184477389730305,0.41323680748559954,97,9,transfer,Offshore,investment,unknown,0,0,0,0,0,2,clean,2023-03-22 13:00:00
26425.66492901136,11,1365.5215248645413,28,0.24473538666904757,0.27490311670582235,0.05158850618199185,0.15312692885549242,13,1,payment,Saudi Arabia,business,unknown,0,0,0,0,0,2,clean,2023-08-31 14:00:00
6124.217106965005,29,121.09218665102307,36,0.09812401162910583,0.5049954845989982,0.05316520825318379,0.3127681057484384,22,1,payment,Kuwait,charity,unknown,0,0,0,0,0,18,clean,2023-05-30 15:00:00
2863.078784119434,54,3000.0299604528045,26,0.1972199863338999,0.29491141475785965,0.013721616291132624,0.07911131398587766,56,11,withdrawal,Offshore,investment,construction,0,0,0,0,0,1,suspicious,2023-12-29 11:00:00
18672.652226029255,26,7096.6463457614345,34,0.2674938589803587,0.4520426308622248,0.17902182289322754,0.28353437692485367,5,13,withdrawal,Offshore,charity,real_estate,0,0,0,0,0,10,suspicious,2023-08-06 14:00:00
26228.62159927347,16,1190.628557751453,8,0.4121725826309859,0.28459757596870544,0.08595593284642566,0.058130479946663975,81,5,exchange,Russia,charity,real_estate,0,0,0,0,0,16,clean,2023-09-10 13:00:00
1591.0361414713261,35,4442.7127619063385,10,0.1070391300000688,0.17005892858774307,0.05627854862537919,0.08748205611765371,43,7,withdrawal,Russia,personal,finance,1,1,0,0,0,14,suspicious,2023-06-02 18:00:00
4114.068274622029,20,6429.4394580241205,48,0.18519873882602358,0.3013711689827362,0.015874626609332983,0.07758048426015803,74,13,transfer,Offshore,charity,real_estate,0,0,0,0,1,11,suspicious,2023-08-17 14:00:00
2296.778010912527,46,7308.018879139171,43,0.12383444488069786,0.45664403722958796,0.04302492842658516,0.03678342993462642,55,9,withdrawal,Kuwait,business,real_estate,1,0,0,0,0,13,suspicious,2023-09-02 22:00:00
6414.312923340843,3,2566.180270722492,14,0.27443893376124356,0.15680436149586913,0.12840011446353095,0.04546828417650599,91,9,deposit,Kuwait,personal,finance,0,0,0,0,0,19,clean,2023-11-30 09:00:00
8977.130218803182,1,4087.0001463709286,40,0.1819821045937318,0.6544404023890258,0.0732685097168817,0.10902025995076062,15,14,withdrawal,Egypt,personal,unknown,0,0,0,0,0,16,suspicious,2023-09-15 12:00:00
20724.16041725734,58,12052.856997162915,15,0.11533391099081461,0.16536097997097987,0.005537839767471115,0.00091586514618769,109,3,withdrawal,Russia,investment,finance,0,0,0,0,1,19,suspicious,2023-02-02 02:00:00
15796.594883032523,53,22670.906842555396,17,0.3552349807529592,0.3596103918747469,0.016353880315483318,0.1690945290673951,42,1,deposit,Saudi Arabia,personal,real_estate,0,1,0,0,0,4,clean,2023-11-16 03:00:00
14550.459230233964,47,15837.078430290012,18,0.39243756724304174,0.017027211370308916,0.12228153976669066,0.004013502348976289,9,3,transfer,Saudi Arabia,business,real_estate,0,0,0,0,0,8,clean,2023-01-19 11:00:00
6516.650571104565,1,6646.107843680329,32,0.26540576451408493,0.5271575390632285,0.02635456892739221,0.12493709222379193,71,8,payment,Russia,charity,finance,0,0,0,1,0,10,suspicious,2023-10-30 17:00:00
27625.047675514623,17,4225.033131554655,38,0.8372789670982311,0.1322748344855491,0.19466206906765426,0.2952145299648235,57,7,transfer,Offshore,personal,construction,0,0,0,0,1,11,suspicious,2023-04-11 15:00:00
9559.647660658891,2,3239.201514095958,23,0.3220824275957473,0.09783225576659647,0.17008939260548028,0.06395502275453609,10,5,transfer,Jordan,personal,real_estate,0,0,0,1,1,13,suspicious,2023-06-09 03:00:00
58023.636248923365,29,1067.8540407629037,46,0.12139667823451111,0.21698577332727814,0.015432353835033573,0.003042405544382893,64,11,exchange,Saudi Arabia,business,real_estate,1,0,0,0,0,13,suspicious,2023-10-12 00:00:00
15082.65565514659,20,901.3304129085875,23,0.3795624011830627,0.1382745987883351,0.010644439333782061,0.3988681533490099,41,10,exchange,Unknown,business,finance,1,0,0,0,0,13,suspicious,2023-02-01 06:00:00
2024.667857715379,6,9327.191858388367,35,0.26567864908562744,0.3188867871315067,0.10529223085833987,0.2493463072624303,13,12,deposit,Russia,investment,NGO,0,0,0,0,1,11,suspicious,2023-06-11 20:00:00
16913.39916766133,8,2406.618523061744,39,0.28508781955250184,0.3380064426918234,0.11285423394815461,0.11313034738141377,16,9,exchange,Unknown,investment,real_estate,0,0,1,0,1,16,high_risk,2023-12-26 07:00:00
5897.950453794154,29,2351.3364120727397,15,0.4885638818361327,0.3705104008532277,0.4223990073576851,0.009218402900140085,98,13,payment,Egypt,investment,NGO,0,0,0,0,0,15,clean,2023-03-08 15:00:00
17391.072960373294,48,50537.79895401181,24,0.1629709534006467,0.2786777701711775,0.09944388048071373,0.26899663001076984,72,4,deposit,Saudi Arabia,charity,construction,1,0,0,0,0,4,clean,2023-08-04 19:00:00
1082.773576043165,51,1665.3100647444764,28,0.06505136260634245,0.11416172494793138,0.20505266973020336,0.1356348949187097,60,6,exchange,Russia,charity,construction,0,0,0,0,1,2,suspicious,2023-08-20 18:00:00
2883.4228568868225,33,1281.9111588629487,16,0.17143415026800313,0.028756963945401264,0.19580025621941086,0.37126297295203425,31,12,withdrawal,Russia,investment,finance,0,0,0,0,0,16,suspicious,2023-06-21 06:00:00
29041.785765271954,3,831.2057890266825,16,0.28689659439012166,0.15825763927162506,0.02892577087814176,0.4045182960837142,55,5,exchange,Saudi Arabia,charity,retail,0,0,0,0,0,11,clean,2023-02-25 10:00:00
3865.628149601773,35,6936.2976894588655,40,0.13242545411414083,0.3236488732026138,0.03390387965370376,0.07336415390049943,92,6,payment,Jordan,business,unknown,0,1,0,0,0,17,suspicious,2023-08-14 10:00:00
27213.86118169248,5,7907.963460465227,39,0.39035705778105945,0.4313647483331201,0.011412879300747622,0.18738539661074222,71,4,exchange,Saudi Arabia,personal,construction,0,0,0,0,0,8,clean,2023-11-08 19:00:00
4912.487090681209,27,3635.914268085427,6,0.3611420070943642,0.1912723139811174,0.05352531095654593,0.007931535744308861,34,3,deposit,Jordan,personal,construction,0,0,0,0,1,2,clean,2023-02-16 22:00:00
15445.331516253524,44,6132.857298143938,2,0.13909144523008588,0.1035235411604896,0.04676698337169703,0.20237470477291042,97,5,withdrawal,Offshore,business,unknown,1,0,0,0,0,8,suspicious,2023-08-13 10:00:00
17769.93552644458,12,12424.442898351897,13,0.26247424483771015,0.21612928363186537,0.013483864706195786,0.18521169588025935,4,5,deposit,Iran,charity,finance,0,0,1,1,0,17,suspicious,2023-04-24 05:00:00
10781.737219328243,20,13634.56887342627,44,0.6694890729676181,0.08181221352275173,0.038563633271330396,0.1534225615008348,55,14,withdrawal,Kuwait,investment,real_estate,1,0,0,0,0,8,suspicious,2023-08-05 01:00:00
5464.3582528347315,45,25343.95530831584,47,0.4206526842392448,0.3693031710915548,0.02367326882793099,0.028076736302351697,102,11,withdrawal,Kuwait,personal,finance,0,0,0,0,0,1,clean,2023-01-22 08:00:00
3586.128902470287,20,13910.360733108027,9,0.23327199260708198,0.01750003934969867,0.20535066268913046,0.06418128773169296,90,2,payment,Egypt,investment,retail,0,0,0,0,0,14,clean,2023-10-10 00:00:00
506.2892881584108,9,6656.358408152091,34,0.3349952134730175,0.1901389998425301,0.01585545774881394,0.1481757616355928,66,10,transfer,Unknown,personal,NGO,0,0,1,0,0,5,suspicious,2023-12-15 14:00:00
5434.929178518139,39,1584.2615348475601,17,0.17655128904281442,0.43853572454051015,0.05386570375879008,0.1657176121406754,96,4,payment,Kuwait,business,retail,0,0,0,0,0,16,clean,2023-03-12 06:00:00
15883.496191383301,4,840.782691980076,27,0.19860168816975587,0.1823010476594217,0.08186773626874368,0.1086923881149605,103,13,transfer,Unknown,charity,unknown,0,0,0,1,0,17,suspicious,2023-02-23 23:00:00
41783.241688640606,51,448.4317298029531,29,0.8022572727777446,0.09145546597638919,0.10528675827789535,0.014844863787340498,106,3,transfer,Offshore,personal,NGO,0,1,0,0,0,12,suspicious,2023-02-23 01:00:00
30742.93899144599,54,8785.518986033723,37,0.06840401358764969,0.4176201578780662,0.32364515888846257,0.0004083517874046701,59,14,payment,Unknown,charity,retail,0,0,1,1,0,8,high_risk,2023-04-07 05:00:00
21790.66537121067,19,13182.779861778294,43,0.3498619563283199,0.19933683173179398,0.20519202035649445,0.11114315788480067,41,7,exchange,Unknown,business,retail,0,0,0,0,0,8,clean,2023-04-07 03:00:00
23299.22015120552,38,5685.341386422257,22,0.3265002536543597,0.0632315801582031,0.012225051623678243,0.1383277907941199,66,5,payment,UAE,business,unknown,0,1,0,0,0,2,clean,2023-09-06 04:00:00
16403.695258825097,27,450.1434938147638,24,0.30720810187680947,0.05644450507021917,0.24760898576732673,0.14657134813070105,90,6,deposit,Jordan,charity,unknown,0,0,0,0,0,5,clean,2023-04-06 14:00:00
4522.392199459053,45,6133.842993353658,7,0.30146850065347924,0.252989187561821,0.09622413032960234,0.08478118532025386,47,14,deposit,Saudi Arabia,personal,unknown,0,0,0,0,0,13,suspicious,2023-10-17 20:00:00
35658.82638292636,43,21959.69649193235,34,0.5406330825434965,0.14646815829802842,0.009123663552330028,0.03716209824401235,27,11,deposit,Egypt,personal,unknown,0,0,0,0,0,17,suspicious,2023-10-30 01:00:00
16663.263261301032,13,7282.731531049379,48,0.21249494198623245,0.6480932732621237,0.04812660985257532,0.012499908379042692,79,7,deposit,Kuwait,personal,unknown,0,0,0,0,0,3,clean,2023-08-08 21:00:00
12329.737318295705,13,13261.780150793364,12,0.3351917852242061,0.3597529192885849,0.004409070756604751,0.1165103037569891,21,2,transfer,Kuwait,investment,construction,0,0,0,0,0,15,clean,2023-03-29 19:00:00
1764.6929682639698,57,12881.611566482305,23,0.015749647639141277,0.40244159511991096,0.19580214321956935,0.02752515639391507,112,10,transfer,Jordan,investment,NGO,0,0,0,0,0,12,clean,2023-03-17 23:00:00
8887.465850759058,22,21521.183235817687,15,0.1416490063719018,0.3869048769081197,0.1406936845702246,0.03949185675352406,91,4,payment,Russia,charity,NGO,0,0,0,1,0,3,suspicious,2023-12-12 10:00:00
9252.747372044932,28,11765.368786361294,33,0.30218694079526875,0.10128011028372343,0.04022646922504402,0.24956602572362682,98,14,withdrawal,Unknown,charity,real_estate,0,0,0,0,0,10,suspicious,2023-06-02 19:00:00
29988.797877854464,52,11017.107685170517,13,0.12464359292964451,0.4601982306327874,0.09121468037940447,0.0018608246144127506,113,6,withdrawal,Iran,personal,unknown,0,1,0,0,0,16,suspicious,2023-09-04 14:00:00
11866.303484786466,47,2133.6571648066606,23,0.35044208940022936,0.05328240529958696,0.12997772786786782,0.044098373412307976,11,3,transfer,Egypt,business,real_estate,0,0,0,1,0,19,suspicious,2023-07-30 01:00:00
7180.230846713677,53,494.36627911120837,38,0.35779999350669744,0.020736813715888605,0.12667908631265223,0.24609438559829,87,6,exchange,Unknown,investment,retail,0,1,0,0,0,3,suspicious,2023-04-02 08:00:00
56454.25740528508,45,5831.844197145402,32,0.34035554183070915,0.41284573954268533,0.1064521818064102,0.01737934769365178,114,10,transfer,Kuwait,business,construction,0,0,0,0,0,10,clean,2023-01-28 06:00:00
1760.1569944013775,22,1063.0798568272392,45,0.24223603810304747,0.2675235993510106,0.07461327203721914,0.01571373676844023,22,1,exchange,Offshore,personal,unknown,1,0,0,0,0,2,suspicious,2023-11-06 05:00:00
8236.960479770025,43,26202.696713055913,35,0.22746828338829136,0.6799199825781641,0.10828688257978493,0.1896810197548827,23,8,withdrawal,Russia,charity,NGO,1,1,0,0,0,15,high_risk,2023-09-19 19:00:00
643.9988746032211,19,2739.074771508047,1,0.05513526774839066,0.611377593745452,0.34054330072496847,0.20262058056430518,65,10,transfer,Russia,personal,construction,0,0,0,0,0,7,suspicious,2023-06-21 02:00:00
20200.574244947187,8,15335.545563256697,47,0.29383415822964365,0.8206866337863109,0.2682255935171016,0.1303423281914537,59,5,payment,Offshore,business,finance,0,0,0,0,0,8,suspicious,2023-01-25 07:00:00
37529.55046745817,52,3923.278615874619,45,0.3672433917064304,0.19835824107677708,0.16825314118981485,0.052130807564921035,76,14,deposit,Kuwait,business,real_estate,0,0,0,0,0,15,suspicious,2023-01-25 02:00:00
4928.338723710291,8,3122.9677972208005,5,0.30050609258552574,0.4008970213237904,0.012918289117751027,0.04959100632488067,89,14,withdrawal,Egypt,investment,NGO,0,1,0,0,0,8,clean,2023-10-14 16:00:00
29315.059432692444,42,21886.484517785568,13,0.3386426942721459,0.1944301411386638,0.04730255740897071,0.29166955718233073,70,14,transfer,Russia,investment,NGO,0,1,0,0,0,13,suspicious,2023-10-10 03:00:00
5184.29201877449,26,3611.9371541603664,5,0.05725019693170017,0.6171696997642623,0.11638389206476468,0.04711115762473635,114,11,transfer,Russia,investment,NGO,0,0,0,0,0,4,suspicious,2023-02-03 13:00:00
36248.096769209566,48,3958.1473171843645,32,0.41965355006506544,0.23824082700527494,0.014097604013335329,0.25235268203692146,113,14,deposit,Kuwait,investment,unknown,1,0,0,0,0,12,suspicious,2023-09-07 16:00:00
21034.03337418254,51,897.217366704866,21,0.16102056017218289,0.3195069979165153,0.011655727842315899,0.3488649218695092,113,1,withdrawal,Egypt,business,real_estate,0,0,0,0,0,12,clean,2023-11-17 21:00:00
24514.16650764658,26,8880.136580251576,24,0.21739405991902133,0.3840383450549845,0.2483699073891665,0.13334381329690492,98,14,payment,Saudi Arabia,investment,real_estate,0,1,0,0,0,5,clean,2023-06-28 18:00:00
272.5596962124669,23,2726.8561279977016,18,0.5042308604433876,0.17221169906629005,0.09790529291357751,0.04297911161088561,28,10,payment,Offshore,personal,finance,0,0,0,0,0,2,clean,2023-05-06 05:00:00
49375.87458654596,43,7047.469164921675,21,0.3210093005692513,0.45102453394279807,0.2958472913181181,0.2045312669668632,25,10,payment,UAE,personal,real_estate,0,0,0,0,0,6,clean,2023-01-28 06:00:00
19456.185782470246,13,7159.2032398910505,10,0.6080117777175943,0.34721709655873817,0.07601702713534883,0.07906586279427685,82,11,withdrawal,Unknown,business,retail,0,0,0,1,0,11,suspicious,2023-04-30 04:00:00
5452.280420965844,28,10160.89218216328,24,0.20701756040070962,0.2875663563424246,0.2437997626755673,0.2622247819876882,111,1,payment,Unknown,business,real_estate,1,0,0,0,0,11,suspicious,2023-12-23 12:00:00
26526.035574073616,9,10939.513496909376,40,0.2956884175138657,0.06475078082463022,0.024925540364392942,0.22737698402033435,1,11,exchange,Offshore,business,finance,0,0,0,0,0,3,suspicious,2023-08-25 08:00:00
4959.286164109787,20,5779.824189226576,47,0.3168090943741579,0.33045434413658786,0.006927665797575227,0.03147968106615399,32,10,transfer,Kuwait,business,finance,0,0,0,0,0,10,clean,2023-05-03 21:00:00
30924.47696121625,56,3215.6734596726897,21,0.22200468027211764,0.20669345896293853,0.0735272661495444,0.00041503073428296173,29,12,exchange,Iran,charity,NGO,0,0,1,0,0,16,suspicious,2023-04-11 16:00:00
1791.5601372164133,19,14534.201097830563,25,0.10099989626876536,0.3367688418057095,0.05777343782468934,0.05963561286172223,20,3,withdrawal,Egypt,personal,unknown,0,0,0,0,0,16,clean,2023-01-06 05:00:00
18245.0325006628,48,2966.9519147389024,23,0.1614627477115006,0.42221996688560215,0.07275847907560086,0.09369057542703868,46,6,payment,Jordan,charity,retail,1,0,0,0,0,19,suspicious,2023-09-18 00:00:00
11670.72556450883,39,5666.234275744539,22,0.06850133378873417,0.20397200891394485,0.12652596336166638,0.2501717260741262,77,2,payment,Russia,business,real_estate,0,0,0,0,0,14,clean,2023-08-26 21:00:00
1522.7598228976428,51,4103.323556752386,4,0.17841998849027826,0.16414509267100663,0.13048471450067203,0.00033586074416546953,57,8,payment,Russia,business,NGO,0,0,0,0,0,8,clean,2023-12-03 08:00:00
4153.977523324521,12,15452.498205031876,34,0.1796988776021266,0.30520646359283754,0.18311310452575785,0.08445452653362201,12,11,deposit,UAE,investment,finance,0,1,0,0,1,16,high_risk,2023-09-29 16:00:00
187.2241271254203,15,4523.92351571962,6,0.361702220003572,0.3554554105908945,0.04397139416043817,0.2785125416840348,72,10,deposit,Saudi Arabia,charity,finance,0,0,0,1,0,16,suspicious,2023-06-07 00:00:00
9488.34564990423,31,3903.3752737821637,28,0.6615558730241772,0.23384024397289618,0.2022258628511724,0.2273860518105742,39,7,payment,Kuwait,charity,real_estate,0,0,0,0,0,7,clean,2023-10-03 01:00:00
5377.261422557917,55,9364.915284654106,31,0.3352868935936405,0.4800758767537517,0.06361167808641495,0.21728855072468403,8,11,transfer,Iran,charity,real_estate,0,0,0,1,0,1,suspicious,2023-05-31 10:00:00
13682.89275623358,14,7379.297636552811,35,0.11183337749129468,0.2617233643869412,0.06771746152117783,0.008271772602741442,82,2,deposit,Jordan,investment,unknown,0,1,0,0,0,16,suspicious,2023-11-23 23:00:00
5291.050799178551,11,907.561164828703,39,0.5100263914984448,0.18262796857800367,0.06947611073974441,0.08655233272528172,85,1,withdrawal,Egypt,business,unknown,0,0,0,1,0,2,suspicious,2023-08-11 02:00:00
5348.390934370112,26,5676.957789504216,42,0.31183963136620274,0.10313204641368441,0.01065763462053103,0.3469756136040166,28,7,payment,Egypt,personal,retail,1,0,0,0,0,5,clean,2023-04-16 18:00:00
20391.468342405395,42,10638.658587175172,23,0.047635298879152806,0.31034849299626743,0.016628645142402643,0.059616188137106535,31,13,transfer,UAE,personal,unknown,0,0,0,1,1,2,suspicious,2023-10-24 12:00:00
740.1043985993305,27,38701.626040793904,6,0.8356463406957158,0.39294431286414266,0.20911855928916254,0.23231807138757507,15,13,deposit,Saudi Arabia,charity,unknown,0,0,1,0,0,17,suspicious,2023-09-09 16:00:00
34979.43543286768,11,7935.592588892633,16,0.3281782475956021,0.44315741369232164,0.003394219969892738,0.09689580396390188,60,7,withdrawal,Iran,investment,construction,0,0,1,0,0,7,clean,2023-11-12 01:00:00
28684.912974211144,38,3700.0060212486046,2,0.35085396981304995,0.18833833695605318,0.00755358910908885,0.01795533975143538,39,3,deposit,Egypt,investment,real_estate,0,1,1,0,0,12,clean,2023-10-11 22:00:00
16530.48269270118,34,2051.0343196316157,24,0.11945185411522474,0.2922579922449336,0.4641519899903738,0.1326777959148629,97,14,withdrawal,UAE,charity,unknown,1,0,0,0,0,9,suspicious,2023-10-21 12:00:00
13492.299601145103,43,16497.85876970741,17,0.3121394049482656,0.13403242235841367,0.07533144289465006,0.34143649590759617,102,10,payment,Offshore,charity,construction,0,0,1,0,0,11,suspicious,2023-11-30 21:00:00
33426.43335664584,19,13480.416052189923,45,0.40237664427616027,0.24693281577993856,0.05550433845152382,0.14447268385666795,87,13,transfer,UAE,business,construction,0,0,0,1,0,19,suspicious,2023-05-29 09:00:00
3074.5856412598314,6,2131.7788652353925,1,0.3747597849352702,0.5322380286952321,0.2592535261558803,0.1316996422499403,80,8,exchange,Unknown,charity,NGO,0,0,0,0,0,15,clean,2023-12-23 11:00:00
1233.9264048615362,46,1791.4718104077347,6,0.1562119886301541,0.07433925784503749,0.023006323277643237,0.08028496007127442,88,8,deposit,Russia,business,unknown,0,0,0,0,0,12,clean,2023-04-02 04:00:00
4106.888100514783,52,10045.96906037598,5,0.2620441232654428,0.34498236242615055,0.05798114537396535,0.18536888376772906,21,5,transfer,Jordan,investment,finance,0,0,0,0,0,15,clean,2023-07-14 22:00:00
23740.35353794101,38,3026.131684545828,45,0.3919373449347985,0.2864342815115961,0.046354563824606475,0.05596897906781738,110,7,exchange,Egypt,personal,unknown,0,0,0,0,1,17,suspicious,2023-11-16 17:00:00
529.2831524298975,49,2926.864968414776,29,0.26910070516412954,0.14522346976296688,0.052760925888116206,0.02358499353510438,8,3,payment,Saudi Arabia,business,unknown,0,0,0,0,0,11,clean,2023-03-22 20:00:00
13113.089088293507,42,1321.735794114183,12,0.3122577024598398,0.20460365040293,0.004264970337079915,0.2717798776013356,42,6,withdrawal,Saudi Arabia,charity,real_estate,0,1,0,0,0,17,suspicious,2023-03-12 00:00:00
80848.32163290125,28,2451.9351963406907,39,0.06420452463699851,0.09357736953669571,0.1205552013954235,0.05878761266301421,59,3,payment,Russia,business,finance,0,1,1,0,0,12,suspicious,2023-06-01 12:00:00
29037.506157536533,1,4462.045957408581,47,0.10347002559045085,0.11686124362420273,0.02634126494212271,0.14014109666064659,81,11,transfer,Egypt,investment,NGO,0,0,0,0,0,10,clean,2023-05-09 01:00:00
11054.783580132267,35,10559.210603435995,3,0.26890631897718803,0.18671660892668016,0.122258427340144,0.057329203203417285,79,12,transfer,Kuwait,investment,retail,0,0,1,0,0,6,clean,2023-09-20 16:00:00
986.3434822879727,40,3279.497878375791,48,0.0927924459391616,0.4889639516867888,0.18081415049633726,0.03998169697474782,78,9,deposit,UAE,business,unknown,0,0,0,0,1,7,suspicious,2023-02-11 18:00:00
26701.03731490109,8,3187.173262297681,1,0.45825384991807694,0.15329148599890266,0.13387279882565314,0.014256238375690566,20,7,exchange,Offshore,business,unknown,0,0,0,0,0,14,clean,2023-10-25 18:00:00
13706.103863155582,59,2682.8113483674874,27,0.16629286950493796,0.5042740629456846,0.004754353063030924,0.03981128372663186,96,1,exchange,Jordan,business,real_estate,1,0,0,0,0,16,suspicious,2023-12-07 21:00:00
1831.3789095422594,52,5205.050105269461,48,0.19791123796100085,0.1442575585535082,0.20169298892469548,0.10602353594378502,61,8,deposit,Kuwait,business,retail,0,0,0,0,0,3,clean,2023-01-21 05:00:00
1478.3769461169227,54,1593.8216098382445,24,0.2847139856328618,0.5410633181833582,0.174353729539105,0.020613267155869138,11,9,payment,UAE,investment,construction,0,0,0,0,0,9,clean,2023-10-25 03:00:00
36057.115961765085,47,5318.510841476047,44,0.20689194374341824,0.10719943052811028,0.061935878648961364,0.04736152861450843,102,10,exchange,Jordan,investment,finance,0,0,1,0,0,6,suspicious,2023-08-12 22:00:00
16593.631660320767,56,9743.912766887763,19,0.16890005485357446,0.3830138065862118,0.007523613928208473,0.13870490949262126,32,2,payment,Russia,business,retail,1,1,1,0,0,5,high_risk,2023-09-11 16:00:00
26516.554792836072,7,241.94604463919103,8,0.4660554887933858,0.1364587366427755,0.043159604186290015,0.03513948330503241,4,1,withdrawal,Offshore,personal,NGO,0,0,0,0,0,4,clean,2023-11-29 17:00:00
31676.855561324122,11,100.0,44,0.3463164516408418,0.23275385279789626,0.031034898800387394,0.008947489752284689,29,11,transfer,Saudi Arabia,investment,unknown,0,0,1,0,0,15,suspicious,2023-07-17 08:00:00
12721.505055973803,39,624.7554091296114,47,0.5714605173700718,0.39265513303052957,0.1347476106478636,0.11089402248548214,5,4,withdrawal,Kuwait,investment,construction,0,0,0,1,0,10,suspicious,2023-08-28 12:00:00
10929.94764467368,4,6137.106955272292,2,0.7478433136830575,0.06523196560934502,0.07373020839887194,0.009350496697415025,107,9,deposit,Egypt,personal,real_estate,0,0,0,0,0,1,clean,2023-05-02 06:00:00
8443.035631418616,25,15418.164267049178,30,0.32406070135274573,0.11327042929535763,0.05423672404394894,0.24823031605834467,76,6,exchange,Offshore,personal,unknown,0,1,0,0,0,7,suspicious,2023-07-18 19:00:00
5717.733301700748,12,100.0,30,0.4236487579452381,0.2342938089916142,0.07787874957658145,0.025926177762266227,107,11,withdrawal,Egypt,charity,real_estate,0,0,0,0,0,17,clean,2023-03-11 22:00:00
8553.220348247007,26,22074.070676969503,49,0.23953006589377862,0.5461348072464498,0.15876981581402583,0.15504312549131533,114,13,transfer,Russia,personal,finance,0,1,0,0,0,4,suspicious,2023-01-16 15:00:00
22300.31887000089,38,898.8886923256911,39,0.3772970187601993,0.3313378673922737,0.00377680241179769,0.08757052012529588,39,12,exchange,Offshore,charity,real_estate,0,0,0,0,0,10,suspicious,2023-02-09 08:00:00
13816.663617256654,46,14760.447988744634,45,0.4430871516857213,0.33084328595575924,0.09215116209456314,0.011534104009434007,23,10,payment,Saudi Arabia,personal,retail,0,0,0,0,0,1,clean,2023-03-28 01:00:00
33457.216584440044,12,5275.452201031445,32,0.15471711822251738,0.35139329794873736,0.1424355427457015,0.04242802555492121,97,8,exchange,Unknown,business,retail,0,0,0,0,0,10,clean,2023-08-10 18:00:00
8788.08785882916,43,8615.371262640874,1,0.1475641556982986,0.1740897897554094,0.2352571042343356,0.0014674988553358068,16,7,transfer,UAE,business,finance,0,0,0,0,0,7,clean,2023-09-09 02:00:00
14012.604431479333,51,5717.95764795772,38,0.08238909097936291,0.4553783390969017,0.3048023703514145,0.11102670270505077,50,5,exchange,Unknown,personal,finance,0,1,0,0,0,9,suspicious,2023-01-19 06:00:00
14966.886895363898,53,5186.128223397112,13,0.2950477815330686,0.46445948366890294,0.0923760880915211,0.027795537588496212,108,5,withdrawal,Kuwait,personal,finance,0,0,1,0,0,2,clean,2023-06-19 01:00:00
13436.191959892694,37,14409.603725617719,11,0.1833748569152285,0.2972089973977673,0.1779934933486302,0.3323869001810503,11,14,deposit,UAE,charity,retail,1,0,0,0,0,4,clean,2023-01-03 14:00:00
18191.862188294668,46,11280.972036518386,10,0.420645196918643,0.03956103693509238,0.008427542927210997,0.0013656405922071015,72,6,withdrawal,Kuwait,charity,unknown,0,1,0,0,0,17,suspicious,2023-04-04 00:00:00
4065.982795749191,53,5283.925821140729,48,0.6835158674623917,0.3060593361249722,0.06492126611595413,0.0848642781091601,97,6,exchange,Jordan,charity,retail,0,0,0,0,1,6,suspicious,2023-08-17 09:00:00
10772.783953536209,24,946.9890447505152,26,0.27365129074480393,0.3348694429500738,0.24341654265961243,0.29266839093316405,48,5,payment,Saudi Arabia,investment,NGO,1,0,0,0,0,8,clean,2023-10-19 04:00:00
1650.9869021749623,16,980.9844713890113,20,0.058656545836145345,0.5028347761333536,0.02541189060768335,0.011280138042899127,34,8,exchange,Jordan,business,real_estate,0,0,0,0,0,14,clean,2023-09-17 12:00:00
7280.081062485895,57,12937.319945373478,17,0.4521842124784854,0.12722937366467157,0.22806533707213833,0.029999990285252964,21,3,transfer,Unknown,personal,finance,0,1,0,0,0,12,suspicious,2023-09-06 01:00:00
10031.709130031299,13,6029.814989993557,17,0.24459805073036248,0.4943307867280992,0.4625808823139888,0.26384232926324075,63,9,withdrawal,Egypt,charity,construction,0,0,0,0,0,19,clean,2023-11-16 20:00:00
15842.961463789325,25,5255.897484100569,4,0.19705579303041443,0.20736707793913534,0.13748144765140746,0.36709712349782697,102,5,withdrawal,Egypt,personal,retail,0,1,0,0,0,5,clean,2023-04-22 20:00:00
45096.15196847914,54,9129.65786550422,5,0.17621439271337133,0.36161183858523605,0.09458496787404047,0.07114558753347347,17,9,exchange,Russia,personal,construction,0,1,1,0,0,11,suspicious,2023-07-05 01:00:00
13768.795864996504,54,15662.979979181278,23,0.07053362844263315,0.6453313864678166,0.0319677827288475,0.03007253591293523,113,5,deposit,Russia,investment,unknown,0,0,0,0,0,17,suspicious,2023-11-13 08:00:00
20414.89239534888,57,7929.690768111412,46,0.4509307936081026,0.12698211771729057,0.13538427759052576,0.10298052471425471,34,3,exchange,Russia,personal,retail,0,0,0,0,0,12,suspicious,2023-04-27 19:00:00
10586.37733283516,52,11512.428651497545,10,0.5584900245986394,0.13456021853836517,0.02424529456354587,0.08745580860011452,51,9,deposit,Offshore,investment,unknown,0,0,0,0,0,5,suspicious,2023-04-28 05:00:00
15081.093370761024,54,11594.572755153278,46,0.3443923020571715,0.30010232355790706,0.09573250244407365,0.008665888245275514,105,2,exchange,Russia,investment,unknown,0,0,0,0,0,1,suspicious,2023-10-03 04:00:00
1103.6036774419506,4,3523.700893560718,28,0.35909756754580696,0.1578128505668541,0.12064196108335258,0.1733158216237824,67,12,withdrawal,Iran,investment,retail,1,0,0,0,0,7,suspicious,2023-07-31 06:00:00
4403.320858277087,11,2562.55892216499,33,0.06770928836717496,0.2918779006748001,0.18060142994086764,0.1249727835665824,24,13,deposit,Iran,business,retail,0,0,0,0,0,7,suspicious,2023-12-17 21:00:00
6737.801410642357,32,12922.202019814593,43,0.0951292813500719,0.2682633376760886,0.3311431193252097,0.1478596360697339,22,5,transfer,Egypt,investment,unknown,0,0,0,0,0,11,clean,2023-08-08 10:00:00
9593.90724850813,49,3787.96629272218,26,0.3781854329161023,0.11676438908469328,0.14026816786481458,0.2296546970357811,10,3,deposit,Russia,business,NGO,0,0,0,0,0,6,clean,2023-07-29 19:00:00
700.8522600351181,7,18692.114389882034,48,0.09956368878992698,0.6257339146264874,0.05911795572785232,0.12145657284698458,5,7,payment,Iran,investment,NGO,0,0,0,0,0,6,suspicious,2023-06-02 22:00:00
2262.763658069958,46,577.9053117402104,29,0.43236043026839266,0.4078507493893997,0.038999747125213785,0.12482965466330727,105,4,transfer,Offshore,investment,finance,0,0,0,0,0,10,suspicious,2023-12-29 16:00:00
4861.3388115501175,58,479.847484855268,27,0.5051580352044964,0.22332503965466488,0.07384277289049605,0.10999948533198811,31,14,exchange,Iran,investment,retail,0,0,1,0,0,3,suspicious,2023-07-26 13:00:00
53384.98348847386,11,20938.822617185047,18,0.490202043398011,0.08589946578303495,0.10492647913656075,0.08371705285933902,24,8,payment,Russia,investment,NGO,0,0,0,0,1,5,suspicious,2023-05-02 23:00:00
6037.35072966168,28,8363.338472382138,40,0.23078334039079948,0.24999681529583836,0.09727856636903807,0.003085180788632539,110,1,transfer,Offshore,charity,unknown,0,0,0,0,1,18,suspicious,2023-02-13 12:00:00
9867.889539431266,54,3819.11848290374,10,0.47224224487941063,0.2642713175068972,0.05309995319256736,0.0424964654469896,11,5,exchange,Russia,personal,real_estate,0,0,0,0,0,15,suspicious,2023-07-07 19:00:00
3274.1632566846447,41,11253.949519459611,42,0.5156776856857131,0.1979819047893198,0.13856012703436135,0.034616218928514686,51,8,deposit,Iran,investment,construction,0,0,0,0,0,12,suspicious,2023-12-24 18:00:00
14154.160877098739,23,8925.908313906437,5,0.23014349165249984,0.21884616128110285,0.07443579034057685,0.08331909916175971,119,2,exchange,UAE,charity,real_estate,1,0,0,0,0,8,clean,2023-03-12 07:00:00
4941.801418671181,45,6060.650189590254,10,0.09539812678799851,0.2598581215287396,0.010135394531144629,0.02636292556319119,48,6,withdrawal,Kuwait,personal,retail,0,0,0,0,1,7,clean,2023-06-07 03:00:00
3478.840478238753,23,832.8756565770115,21,0.4721303202002067,0.12509001252569435,0.06236983508691019,0.193589445994339,78,7,transfer,Unknown,personal,retail,0,1,0,0,1,3,suspicious,2023-10-08 02:00:00
10902.812839866308,50,13378.15219402329,24,0.18656332054728453,0.5687866155793595,0.15502895270442418,0.0383122201697018,110,6,deposit,Unknown,personal,retail,0,1,0,0,0,7,suspicious,2023-12-11 12:00:00
100.0,28,16080.708470315556,38,0.22706042380354585,0.21909859768012604,0.02520551658591212,0.06354552749266884,4,10,exchange,Offshore,business,retail,1,0,0,0,0,18,high_risk,2023-11-05 20:00:00
115.40328405600452,43,1511.567003909842,3,0.4369833795568051,0.2245239883226205,0.027160605187936098,0.06830633286085917,8,3,deposit,UAE,investment,NGO,0,0,0,0,0,16,clean,2023-05-21 11:00:00
3709.023553011459,47,15204.294630678232,40,0.48667399757279783,0.2040221808121394,0.272052048502535,0.040320297693976534,7,6,deposit,Saudi Arabia,business,real_estate,1,0,0,0,0,2,clean,2023-05-18 07:00:00
561.1884875729374,57,16819.867741911825,31,0.1583346691060742,0.21781311743167875,0.17141008749545203,0.17183594151255438,99,7,transfer,Egypt,personal,finance,0,0,0,0,0,7,clean,2023-09-22 22:00:00
1714.7702874414933,26,6377.910009593539,41,0.4483959470295451,0.5336389345746119,0.1329275221217333,0.31107549704855164,119,13,deposit,UAE,charity,NGO,1,0,0,0,0,5,suspicious,2023-02-20 14:00:00
6206.859651075463,25,8541.07368982177,37,0.4025635960503408,0.3837727032235154,0.17584213421874423,0.013544898064733786,32,3,transfer,Russia,charity,NGO,0,0,0,0,0,14,suspicious,2023-05-08 23:00:00
24336.759141384693,54,3853.2072659579253,2,0.27815138335355993,0.3607409529317179,0.0780520018947288,0.18728047452443136,86,12,deposit,Kuwait,business,unknown,0,0,0,1,0,15,suspicious,2023-02-24 06:00:00
12731.18613886969,29,2647.9645400145178,2,0.19560257393134164,0.32514614251861934,0.1309874952377343,0.00045167363305582844,22,10,deposit,UAE,investment,unknown,0,1,0,0,1,16,suspicious,2023-07-30 01:00:00
10782.136514820939,19,10240.588357222961,39,0.23817197055526865,0.2965535720592491,0.020623704656311536,0.1496153173957341,110,2,exchange,Offshore,personal,unknown,0,1,0,0,0,2,suspicious,2023-10-05 11:00:00
5211.243855549711,33,15836.778284465454,49,0.34801297936339437,0.08005718686753048,0.007674301459397907,0.31821451073994944,107,3,payment,Unknown,investment,construction,1,0,0,0,0,19,suspicious,2023-05-24 15:00:00
40269.48515379324,36,8492.325364307766,42,0.17655111951527028,0.3055741087711134,0.20578850628468,0.10780631494760426,90,12,transfer,Iran,business,retail,0,1,0,1,0,10,suspicious,2023-01-07 06:00:00
7587.945398620024,14,5732.8104976797185,44,0.43037985278619223,0.4919575204020148,0.23663652191883802,0.04574456704901268,115,14,withdrawal,Russia,charity,NGO,0,0,0,0,0,18,suspicious,2023-08-03 17:00:00
1366.8151517486338,14,1384.5933298050602,34,0.5783375802973423,0.1275389211732445,0.13394748584144509,0.03379955157150017,36,1,transfer,Kuwait,charity,real_estate,0,1,0,0,0,2,suspicious,2023-06-12 05:00:00
14398.409643149309,35,439.5255052699433,42,0.08589830274544229,0.21756383361569637,0.16337953748582235,0.056656822479531424,29,7,deposit,Iran,business,real_estate,0,1,0,1,0,8,suspicious,2023-07-10 16:00:00
1812.8391730599437,30,4720.275293098231,20,0.13612474108667394,0.2322948573939025,0.021327481036987863,0.12049413376936038,68,4,payment,Jordan,personal,real_estate,0,0,0,0,0,6,clean,2023-04-15 20:00:00
6351.911661348984,28,404.8708709983571,33,0.20497595628029136,0.4827296279101834,0.10244662783926801,0.0690504610886916,95,3,transfer,UAE,business,finance,0,0,0,0,0,19,clean,2023-03-20 01:00:00
10621.23044579619,17,6739.3911886136,4,0.13821980915284318,0.27563625166664923,0.04979472312814713,0.05847849058473839,86,14,deposit,Jordan,business,retail,0,1,0,0,0,8,clean,2023-08-25 04:00:00
31098.615034483748,3,3859.5795152457285,45,0.3321920924669401,0.2732098775216136,0.07227062827278517,0.11356629426879027,61,6,withdrawal,Jordan,business,unknown,0,0,0,0,0,19,clean,2023-03-14 00:00:00
10204.843869839295,16,11323.779271578494,44,0.34395107230166866,0.3843512452300087,0.03879884889622563,0.003486912930114398,53,14,exchange,Iran,personal,unknown,0,0,0,1,1,1,high_risk,2023-06-02 02:00:00
18172.957681387652,46,2918.215663910205,11,0.2409642946099752,0.3838238220857451,0.13463432207986223,0.06850521758238542,72,3,exchange,Iran,personal,retail,0,0,0,0,0,13,suspicious,2023-10-07 14:00:00
74040.23612967166,30,7191.196725418227,42,0.18113533467334922,0.13368532781169726,0.06168561194074601,0.09986964874899545,85,12,transfer,Offshore,charity,NGO,0,0,0,0,1,17,suspicious,2023-11-17 22:00:00
2114.6274887397235,52,6172.044836575416,47,0.22715227436556193,0.12913272062081577,0.0356607722748465,0.07228519500851521,15,11,transfer,Jordan,investment,unknown,0,0,0,0,0,10,clean,2023-01-23 15:00:00
4818.200745703525,29,100.0,5,0.1538536219532946,0.3805834535074512,0.004087825833196988,0.1020024368355015,48,10,withdrawal,UAE,personal,NGO,1,0,0,0,0,18,suspicious,2023-09-01 05:00:00
7527.395472547124,45,601.1459556443297,25,0.6773951195928877,0.2703979481347958,0.020609953663414782,0.08934371294918507,118,3,exchange,Saudi Arabia,personal,unknown,0,0,0,0,0,17,clean,2023-03-23 23:00:00
8218.26278282196,15,2744.0724208499682,49,0.24181040190207923,0.05365281946785164,0.004109567234297692,0.030585150150195917,54,9,deposit,UAE,personal,retail,1,0,1,0,0,16,suspicious,2023-12-09 22:00:00
7940.473161094242,46,17112.518829206732,37,0.31659150229807553,0.1305072228719418,0.11950748616033725,0.032469737172069406,68,2,transfer,UAE,business,real_estate,0,0,0,0,0,15,clean,2023-10-10 18:00:00
35726.21074067872,56,1272.1061101264831,34,0.58390050966506,0.19914365694990666,0.22614108528791713,0.033102629058578796,106,5,payment,Kuwait,investment,NGO,0,0,0,0,0,10,clean,2023-02-26 19:00:00
18778.16424254138,25,9927.704153234794,9,0.1124434837107532,0.26203013909462736,0.44829817213567075,0.04368634465345881,69,10,exchange,Egypt,charity,construction,0,0,0,0,0,5,clean,2023-12-11 01:00:00
14043.775014476289,51,29004.70352702725,6,0.16792557734434274,0.4930023654451287,0.03244236748146854,0.2435890722799505,100,10,deposit,Saudi Arabia,charity,NGO,0,0,0,0,0,11,clean,2023-07-24 00:00:00
5552.324847440983,38,12506.83231064301,18,0.10072554790654713,0.23831724603337806,0.033481288687780705,0.1805466696084958,64,2,exchange,Egypt,business,NGO,0,0,0,0,0,11,clean,2023-01-08 08:00:00
26041.214908165668,42,2226.55880577125,14,0.45178532946757594,0.3131319402139275,0.014899141095801548,0.25774362466044975,66,6,withdrawal,Offshore,charity,NGO,0,1,0,0,0,14,suspicious,2023-07-03 00:00:00
46536.57590697234,59,19119.558608544376,19,0.32422798710892675,0.4144841086714923,0.1557504062329739,0.17311630570465508,50,4,payment,Saudi Arabia,business,retail,1,1,0,0,0,6,suspicious,2023-12-30 10:00:00
25822.16716297599,47,781.8478378937285,14,0.05554461110318524,0.29029960349525064,0.37060216062514584,0.0268657178796828,72,7,deposit,Jordan,business,unknown,0,0,0,0,0,15,clean,2023-09-14 10:00:00
100.0,53,5051.029066142285,40,0.395741964980611,0.023412814628216476,0.23233923734687115,0.07157511304655186,47,13,deposit,UAE,personal,unknown,0,0,0,0,0,14,suspicious,2023-12-10 19:00:00
15175.570276006818,54,17481.397118892713,17,0.14801416119991154,0.5435484205305543,0.1765222574235383,0.05739425128200508,68,1,transfer,Iran,personal,construction,0,1,0,0,0,12,suspicious,2023-08-20 03:00:00
787.3372124256684,52,8201.386413891121,35,0.44894299040918906,0.22531835782664916,0.01396633777482863,0.026678054915827115,13,8,withdrawal,UAE,personal,construction,0,0,0,0,0,14,clean,2023-11-01 22:00:00
4468.152348337135,58,4270.633027566522,29,0.34381255876045014,0.24553915391609027,0.07449535614949164,0.015369067173318367,14,2,withdrawal,Saudi Arabia,investment,NGO,0,1,0,0,0,11,clean,2023-12-30 04:00:00
920.5484037294947,38,2771.6796939191563,42,0.28964224964549906,0.24088726325096185,0.07613820031948491,0.014697918928957845,9,4,deposit,UAE,investment,construction,0,0,0,0,1,18,suspicious,2023-01-29 13:00:00
13887.370021931882,23,3761.301523237207,17,0.4216928369400249,0.12356290663294693,0.08017653344181472,0.25535887982843314,28,11,exchange,Jordan,charity,retail,0,0,0,0,1,18,suspicious,2023-08-31 08:00:00
17403.641481671406,25,5689.540687473929,43,0.24909422023630143,0.31693653154459017,0.16370874287553228,0.15427233568670218,38,13,deposit,Egypt,investment,real_estate,0,0,0,0,0,14,clean,2023-03-13 14:00:00
1823.832921852195,42,3074.059862423465,8,0.043808841097883536,0.2275273880639839,0.06404037521607726,0.16743798302073773,12,7,deposit,UAE,personal,construction,0,0,0,0,0,7,clean,2023-08-02 18:00:00
7263.701942240406,7,27781.855235872077,1,0.36567208171850596,0.31987663304948494,0.504681319694847,0.07445117743550758,92,14,deposit,Jordan,investment,NGO,0,1,0,0,0,5,clean,2023-09-19 22:00:00
9138.613286561838,22,21633.778661915698,45,0.040705753087654645,0.3475462391562748,0.004215420310657574,0.22150227273071427,13,8,deposit,Offshore,charity,finance,0,0,0,0,0,17,suspicious,2023-09-13 21:00:00
6908.00172178109,17,16363.194832676769,36,0.5033577371120517,0.43451201058365496,0.10229351608799186,0.11056257182500838,21,9,deposit,Egypt,personal,NGO,0,0,0,0,0,8,clean,2023-03-10 01:00:00
1934.9823549617595,18,4383.096411421155,7,0.1677711094837603,0.5602729770165776,0.19923209197031785,0.1666416911595149,55,5,deposit,Iran,investment,real_estate,0,0,1,0,0,17,clean,2023-01-28 06:00:00
8143.719962758212,49,9403.128632472446,46,0.2967875140791446,0.16282317332343918,0.09680758402092197,0.10099536384745139,38,9,exchange,Russia,personal,construction,0,0,0,0,0,15,suspicious,2023-06-30 14:00:00
20865.26534592111,41,18650.28900556422,5,0.41630269454712127,0.24560099242047898,0.0263960643264771,0.013845853269630856,52,9,payment,Saudi Arabia,charity,unknown,0,1,0,0,0,17,suspicious,2023-05-04 20:00:00
1104.8218576085417,10,15199.898744190254,24,0.2251500478767199,0.187933657265782,0.2341725500220333,0.03954937943779867,26,3,payment,Saudi Arabia,charity,retail,1,0,0,1,0,2,suspicious,2023-09-29 06:00:00
1253.6594334713968,10,4279.9495165835115,28,0.012382384469622011,0.4309031186989903,0.05336626678833734,0.20899518656849694,89,7,transfer,Kuwait,personal,unknown,0,0,0,0,0,5,clean,2023-10-07 01:00:00
6572.256581046455,57,953.7469659573464,43,0.20896748246287913,0.24848508235123917,0.09251364189649265,0.10236150091852096,22,8,payment,Iran,business,unknown,0,0,1,0,0,4,suspicious,2023-09-14 09:00:00
42638.91458291761,7,629.1459855574282,17,0.13328696112223296,0.05402557395597808,0.11474745032258687,0.2066196235083115,51,1,exchange,Saudi Arabia,charity,retail,1,0,0,0,0,17,clean,2023-06-24 23:00:00
16565.199582613765,48,6884.276148416325,37,0.28769939683590745,0.20421601875427406,0.025728661121142256,0.0442468775460391,116,11,deposit,UAE,investment,real_estate,0,1,0,0,0,1,suspicious,2023-04-21 01:00:00
17029.297675495243,50,8231.82273300308,20,0.22629969999255664,0.10132385198385237,0.07367519125666126,0.06875377112987748,116,10,withdrawal,Saudi Arabia,charity,unknown,0,0,0,0,0,10,clean,2023-11-24 21:00:00
6739.373959347085,38,15168.569858661083,3,0.19468658681956583,0.25937632864060495,0.1926799354625423,0.23948379576600567,72,5,exchange,Saudi Arabia,personal,real_estate,0,0,0,0,1,2,suspicious,2023-12-02 11:00:00
13508.504678601692,27,2768.311038832872,37,0.23423582339793939,0.3789450694208695,0.06508023258108679,0.06310211437167448,37,1,withdrawal,Russia,personal,retail,0,0,0,0,0,18,suspicious,2023-09-11 09:00:00
152.74280628814628,52,1466.2928877521992,26,0.35809214021117025,0.24684944143374557,0.021727189615892598,0.01593641128140144,104,3,transfer,Saudi Arabia,charity,construction,1,0,0,0,0,1,clean,2023-01-26 03:00:00
15162.979648890638,33,3811.468722355073,15,0.28209257495888856,0.3442337048910574,0.24308253198825394,0.2858675420023702,45,2,exchange,Jordan,personal,unknown,1,0,0,0,0,10,clean,2023-03-10 22:00:00
36677.26289309719,1,3490.3863042879,48,0.19102752167301718,0.11596289278375346,0.0414620764900177,0.1410449997778863,86,13,deposit,Offshore,business,unknown,0,1,0,0,0,19,suspicious,2023-11-27 09:00:00
14223.43565839265,44,1136.831839406574,8,0.5540175008953023,0.173205221534514,0.027466101020979006,0.02970879877460244,77,2,deposit,Egypt,charity,retail,1,0,0,0,0,11,suspicious,2023-02-06 04:00:00
31036.261698563154,53,8924.830300647965,13,0.12090911021488245,0.30961220812157364,0.21755380479718867,0.039517705298919466,37,4,exchange,Egypt,business,retail,0,0,0,0,1,19,suspicious,2023-12-15 10:00:00
19308.85189360741,34,5685.471487773971,48,0.7390119756654701,0.237629404803625,0.023012486123649433,0.026215116858380835,14,5,exchange,Offshore,charity,construction,0,0,0,0,0,2,clean,2023-08-14 22:00:00
1927.0220553899558,4,10215.868640459814,3,0.20682366994240953,0.32278524020639837,0.035622960970543675,0.13905335077987366,18,11,deposit,Unknown,business,retail,0,0,0,0,1,1,suspicious,2023-09-04 02:00:00
34911.36173972661,17,3479.453562111125,1,0.5619959167253512,0.33620910837477935,0.16797706192155418,0.049656173356332836,111,1,withdrawal,Unknown,investment,finance,1,0,0,0,0,13,suspicious,2023-02-18 16:00:00
1031.3124268520564,4,3152.6675444774196,9,0.2930229626461907,0.4270974060729,0.18672056240972512,0.007136131050952183,97,11,exchange,Iran,personal,finance,0,1,1,0,0,3,suspicious,2023-03-30 21:00:00
11452.497688392703,43,5118.001769690132,31,0.06558519727528399,0.12668627078828576,0.028553753086122537,0.018172283647152683,7,6,deposit,Russia,personal,NGO,1,0,0,0,1,7,high_risk,2023-01-18 04:00:00
2299.665153112734,54,16791.105366202355,41,0.45260581239472064,0.2229411960878975,0.04744676057814999,0.19781683864359262,74,11,payment,UAE,charity,NGO,0,0,0,0,0,15,clean,2023-11-21 17:00:00
176.6350892172304,26,328.92052247359965,26,0.20513242079715902,0.4398715835601581,0.08593479698373684,0.13733328325201213,60,11,exchange,Jordan,charity,retail,0,0,0,0,0,4,clean,2023-08-10 18:00:00
8223.610284656064,4,13071.189924263936,17,0.6613166836724513,0.5476057167164706,0.047885071838206485,0.0036500250697246873,58,5,transfer,Russia,business,construction,1,0,0,0,0,2,suspicious,2023-08-07 23:00:00
5244.228287855664,1,3683.4382827710633,34,0.5524521831284716,0.07756174350791846,0.28514935108928663,0.09760439649481102,94,13,transfer,Saudi Arabia,personal,finance,0,0,1,0,1,6,suspicious,2023-11-16 21:00:00
9982.994613347388,7,15427.180590476408,9,0.3037639749373839,0.5813335708252113,0.017586560195749674,0.12370729823451515,55,4,exchange,Iran,personal,unknown,0,0,0,0,0,3,clean,2023-11-27 07:00:00
12912.836356386111,30,12964.112571320546,13,0.09380730488900269,0.6092686207646568,0.026468202774572947,0.005971950644535819,34,6,deposit,Saudi Arabia,business,construction,0,0,0,0,0,2,clean,2023-06-01 11:00:00
670.8669938386884,50,3431.031652300295,5,0.2711101808385197,0.1791498852817037,0.299562856198093,0.03731763532341632,45,2,withdrawal,Jordan,investment,retail,0,0,0,0,0,9,clean,2023-03-19 04:00:00
1968.7806582702221,9,9470.134232516266,41,0.10018251087622905,0.03871795303254832,0.12510032644081726,0.23257130828696465,3,8,exchange,Russia,investment,finance,0,0,0,0,0,17,suspicious,2023-10-22 23:00:00
12268.4975959237,35,1391.3303069522744,13,0.28629748896870966,0.4453951155409466,0.22466669442707932,0.10535859705783938,40,6,transfer,Jordan,investment,construction,0,0,0,0,0,14,clean,2023-09-14 09:00:00
6304.8902428658685,8,18128.602266925485,1,0.6420820209881531,0.18133624660734787,0.09338645563623321,0.27003805015408083,76,3,withdrawal,Egypt,charity,NGO,0,1,0,0,0,14,clean,2023-10-29 23:00:00
19594.152578421876,24,4146.711081446543,25,0.1267574390322247,0.38580567765129603,0.005993169982243338,0.0018349566651567292,100,4,payment,Russia,business,unknown,0,0,1,0,0,10,clean,2023-08-15 03:00:00
15845.868318775652,19,4864.94449411549,47,0.1698565638657041,0.4915319220027583,0.11505818914698862,0.14253116878372846,53,12,withdrawal,Iran,business,retail,0,0,0,0,0,17,suspicious,2023-11-24 17:00:00
28023.553492460524,36,9786.850343989843,4,0.5260180521028018,0.21095085560135451,0.2519072292665497,0.04581068030368436,31,13,payment,Saudi Arabia,investment,real_estate,1,1,0,0,0,7,suspicious,2023-12-26 10:00:00
17688.852961540462,50,13755.818710691403,36,0.2542509880829962,0.1568352740871524,0.013049486798857531,0.26633280905128914,23,2,transfer,Kuwait,business,finance,0,0,0,0,0,5,clean,2023-09-02 05:00:00
8429.970129060093,52,2157.089659168272,10,0.25623342151672607,0.1116950252799789,0.20159306217671147,0.1694480213295777,72,4,payment,Jordan,business,unknown,0,0,0,0,0,15,clean,2023-08-29 07:00:00
16765.395616584225,59,8662.308530914088,28,0.23799544933048863,0.36067181131297515,0.11780287268382456,0.13060010895968185,65,9,withdrawal,Kuwait,investment,construction,0,0,0,1,0,16,suspicious,2023-08-03 05:00:00
4831.642799701939,43,3980.6174378684864,6,0.16232476637567075,0.31976723074603,0.14823867605792432,0.09891377773866683,55,4,transfer,Russia,charity,finance,0,0,1,0,0,14,suspicious,2023-08-18 01:00:00
5486.027218214917,27,3679.829802703184,27,0.2984590704673595,0.14611059994644296,0.12192670634590194,0.06114854579333731,99,13,withdrawal,Unknown,business,NGO,1,0,0,0,0,5,suspicious,2023-01-23 20:00:00
23337.40223775476,32,9370.130304057644,12,0.1792015126391795,0.4621832372636565,0.04641077605395105,0.06583884111541938,111,8,exchange,Kuwait,personal,finance,0,0,0,0,1,3,clean,2023-10-31 03:00:00
8870.22193373513,14,3917.514934370181,48,0.07862009326504635,0.42903488694772557,0.1083493683201054,0.10512799693598122,79,3,withdrawal,Iran,charity,retail,0,0,0,0,0,17,suspicious,2023-08-18 10:00:00
24020.583454040196,57,3398.5107494425847,3,0.34793513343259663,0.09690186270464621,0.22996480294354443,0.03736618337117449,117,13,exchange,Russia,business,unknown,0,0,0,0,0,5,clean,2023-09-21 04:00:00
25925.211513328093,18,14457.669154371748,46,0.3255449884555756,0.2519672413937173,0.4111670059754697,0.04669521905482062,92,5,exchange,Jordan,business,finance,0,0,0,0,0,6,clean,2023-03-31 01:00:00
29232.76248386918,28,854.2354977507998,33,0.28449835057008366,0.37456435118631254,0.11273211055406604,0.2654989862251393,12,2,payment,Egypt,personal,finance,0,1,1,1,0,16,suspicious,2023-10-20 08:00:00
37267.94326489766,29,9013.443256611523,10,0.2556968613242021,0.18833899870528326,0.04030689367342272,0.23030193381459807,1,14,exchange,Kuwait,business,unknown,0,0,0,0,1,15,suspicious,2023-04-28 04:00:00
8457.73306049714,16,2287.872319835406,31,0.26633942951519,0.10394016312819233,0.244999681723928,0.2470451007525325,11,9,payment,Egypt,personal,construction,0,0,0,0,0,8,clean,2023-04-16 17:00:00
5759.961362147208,35,124.95676039996926,15,0.4742293303445233,0.26654717325871863,0.07271671297091363,0.16944995029954535,51,9,exchange,UAE,personal,retail,0,0,0,0,0,10,clean,2023-05-29 11:00:00
13091.24144775125,47,1459.5094904046232,7,0.06528396111373139,0.13616153586749813,0.010006041624900305,0.07217575456219329,101,14,transfer,UAE,business,finance,0,0,0,0,0,14,clean,2023-12-31 05:00:00
6958.472744588849,59,7464.678323071635,36,0.07146078265878608,0.36206770388751586,0.20387575658138066,0.18527538974376304,113,10,payment,Egypt,charity,NGO,0,0,0,0,0,10,clean,2023-09-19 03:00:00
13784.69641612895,59,9878.953532031013,14,0.662333806331937,0.3249862879125671,0.01127954666182624,0.020582293006267512,66,7,withdrawal,Offshore,charity,unknown,0,1,0,0,0,19,suspicious,2023-10-03 09:00:00
18341.518085541917,31,170.26128986974658,48,0.705605529667993,0.18217718589302725,0.031138568774086217,0.044706098659906005,45,2,payment,Saudi Arabia,business,real_estate,0,0,0,0,0,14,clean,2023-08-25 08:00:00
17490.76606011131,4,296.84330410184265,14,0.30256531077199394,0.2527124322971251,0.007105300841047689,0.10813933784079328,99,4,transfer,Kuwait,business,NGO,0,0,0,0,0,18,clean,2023-03-25 19:00:00
7039.327563611699,37,18626.67953121257,3,0.48850917854893217,0.42056449039665494,0.1026971050904447,0.09609586930328257,109,6,exchange,Saudi Arabia,investment,NGO,0,0,0,0,1,18,suspicious,2023-04-16 05:00:00
2738.3073870722455,17,609.0533497867746,49,0.19837640352450164,0.5213134792013168,0.18824213605784038,0.08537329323099858,72,9,transfer,Iran,investment,construction,1,0,1,0,0,4,suspicious,2023-01-13 17:00:00
8445.720203967916,39,17968.28912528968,46,0.5307383102920988,0.26603721595213375,0.32143755866235224,0.03028104998973282,31,13,deposit,UAE,investment,retail,0,0,0,0,0,3,clean,2023-11-18 22:00:00
2307.6584247915075,48,2071.8853299186785,3,0.107628586384801,0.35561871634411113,0.3281335758365793,0.15921956976106102,85,6,transfer,Unknown,charity,real_estate,0,0,0,1,1,17,high_risk,2023-08-13 10:00:00
33122.361608056,46,10777.136899657773,22,0.28768683388669547,0.2732929871086189,0.01331091103137074,0.45735990561843937,53,4,transfer,Unknown,investment,construction,0,0,0,0,0,3,clean,2023-12-03 14:00:00
6366.908642609101,26,2965.4172829543195,19,0.19682017751383116,0.018100210584647513,0.21835626632238522,0.06594142036012994,45,1,transfer,Russia,business,finance,0,0,0,1,0,7,suspicious,2023-05-14 03:00:00
2516.6925528779984,48,15657.905997235246,35,0.01940860380805184,0.226791268835542,0.5367171922139039,0.042390262440161995,67,7,withdrawal,Unknown,business,retail,0,1,0,0,0,6,suspicious,2023-07-01 04:00:00
386.6573159501499,39,9643.921384231786,12,0.08396518267970267,0.27063600194127485,0.0113752344192518,0.09628454050176312,89,7,withdrawal,Unknown,personal,construction,0,0,0,0,0,3,clean,2023-07-25 09:00:00
15569.351370309108,41,4110.821052301637,5,0.2107607716364202,0.3637126528627287,0.03815726864418327,0.3886372464512423,41,6,transfer,Saudi Arabia,charity,construction,0,0,0,0,0,13,clean,2023-05-31 16:00:00
15196.2507449523,4,634.9647382582733,10,0.2167224631778774,0.267632065661695,0.2180676825704529,0.27529116330083764,28,3,deposit,Offshore,investment,NGO,1,0,0,0,0,18,suspicious,2023-05-16 10:00:00
6246.469006661124,30,10555.074749754458,41,0.2845115689523625,0.4519198521206041,0.23080749645664533,0.0305247562760416,62,5,deposit,Unknown,personal,construction,1,0,0,0,0,13,suspicious,2023-07-15 11:00:00
1116.1969466441178,30,7675.355494392487,33,0.5150466681302694,0.23091002569204816,0.09838120041525014,0.03170418414744498,92,7,payment,Iran,charity,construction,1,0,0,0,0,12,suspicious,2023-09-07 12:00:00
7905.059221676193,22,100.0,13,0.15082872751496978,0.27026055020718354,0.017589618926664326,0.10544209830355353,2,6,transfer,Saudi Arabia,personal,real_estate,0,0,0,0,0,7,clean,2023-05-07 09:00:00
5592.445882924249,11,100.0,35,0.2058098847137943,0.6390998564512127,0.08648852837945752,0.11061962453649828,72,7,payment,Iran,charity,retail,0,0,0,0,0,18,suspicious,2023-11-19 12:00:00
16957.147847380522,2,13235.188223647232,32,0.36450100031016525,0.3575297612592953,0.037547701407440744,0.05512857750290086,65,5,exchange,Iran,charity,finance,0,1,0,0,1,19,high_risk,2023-09-15 18:00:00
13962.663690087535,44,2402.3540625454366,11,0.2249702878312404,0.14170974758348687,0.026816533847750935,0.2424985812920586,21,12,deposit,Saudi Arabia,personal,retail,0,0,0,0,0,14,clean,2023-05-11 23:00:00
6802.360298383376,12,8087.749582559713,48,0.31386707906109784,0.04504814518660162,0.5094164135639107,0.23695395277364034,15,1,exchange,Offshore,investment,NGO,0,0,0,0,1,12,suspicious,2023-04-17 15:00:00
3686.447238363724,30,4844.232724486677,38,0.24028961079173075,0.29108066666636906,0.11678028019046273,0.03949027218084763,55,10,exchange,Offshore,business,real_estate,1,0,0,0,0,17,high_risk,2023-01-24 06:00:00
66387.75464046795,36,15927.344652990829,24,0.5426479264935695,0.15486260982591848,0.15395253777001056,0.14817593078821442,8,11,transfer,Offshore,investment,retail,0,0,0,0,0,9,suspicious,2023-04-10 15:00:00
9077.089086979406,18,19907.570112542377,35,0.407785534243156,0.5529190957477955,0.02682335370870637,0.01281568989030479,104,5,deposit,Kuwait,charity,real_estate,1,0,0,0,1,4,suspicious,2023-07-01 03:00:00
17484.47157778987,26,45976.14072444123,19,0.4030541224014832,0.37803881209271906,0.11833796638445103,0.11825241588085016,86,2,payment,Kuwait,business,real_estate,0,0,1,0,0,5,clean,2023-09-12 15:00:00
2271.991231420238,53,1334.9010170253355,6,0.07655220028964087,0.15164524684122724,0.06420759400147465,0.136869612170004,103,10,exchange,Iran,business,real_estate,0,0,0,0,0,3,suspicious,2023-04-17 16:00:00
9971.01123403381,7,15900.0956247867,40,0.15447287491768613,0.3708102585691543,0.06063885572224926,0.22935806668601527,20,10,transfer,Iran,investment,real_estate,0,1,0,0,0,7,suspicious,2023-03-24 17:00:00
418.8444363438797,1,2474.2029952035505,45,0.5106042177478434,0.23405923956031846,0.06282805764838953,0.0622529265765561,77,2,withdrawal,Iran,investment,construction,0,0,0,0,0,16,suspicious,2023-05-21 10:00:00
10561.76054206053,58,7148.720324896144,44,0.31353093805677046,0.20698431553671057,0.07315810699118126,0.12012635494476508,64,4,deposit,Kuwait,investment,retail,0,1,0,0,0,4,suspicious,2023-05-16 00:00:00
49870.799827682225,26,5638.08013620683,42,0.3177155942088031,0.3631476787260294,0.16895001478800972,0.04719677444079478,90,14,withdrawal,Jordan,personal,unknown,0,0,0,0,0,9,clean,2023-05-16 22:00:00
7272.659171921129,23,145.2150778043252,35,0.10964485324523326,0.3006378545848137,0.055385504200177536,0.054495558808372625,39,6,payment,UAE,business,real_estate,1,0,0,0,0,3,clean,2023-04-09 08:00:00
596.650811621747,26,21597.237923240613,4,0.061838792842962335,0.23621261631284574,0.13136255849925185,0.200456086629066,7,5,payment,Kuwait,business,real_estate,0,0,1,0,1,19,suspicious,2023-09-01 17:00:00
471.67567088754805,45,652.5187355520937,33,0.6870865383200422,0.17281193476568443,0.15728725865728038,0.2823581690797191,57,7,payment,Egypt,charity,retail,0,0,0,0,0,13,suspicious,2023-07-23 05:00:00
7365.020439451222,6,9323.632017783792,13,0.23621677046020256,0.20868221038730564,0.2577377115880564,0.12488790080208834,75,10,deposit,Kuwait,charity,construction,1,0,0,0,1,18,suspicious,2023-10-22 20:00:00
2615.7461077669627,6,12297.192381419887,36,0.575649977435688,0.17807150400613622,0.09399692654330802,0.07855100558249237,31,8,exchange,Jordan,charity,finance,0,0,0,0,0,2,clean,2023-02-06 10:00:00
354.4361562180084,44,12689.203426163856,43,0.5729125640366256,0.500555983652393,0.08520369157160106,0.10931864698390155,34,10,transfer,Offshore,investment,real_estate,0,0,0,0,0,5,suspicious,2023-07-25 15:00:00
21171.943562143657,8,1164.781069724888,19,0.3004520136630768,0.41660989609923316,0.030441074466470798,0.039184441647826536,75,1,exchange,Kuwait,business,construction,0,1,0,0,0,14,clean,2023-12-18 19:00:00
9201.82056680723,24,4747.427686878817,43,0.09245680619403403,0.4558509993195133,0.22966869868884987,0.18124310764736512,88,13,deposit,Saudi Arabia,investment,NGO,0,0,0,0,0,13,clean,2023-07-14 22:00:00
5121.407592440034,22,14148.823096395763,12,0.18546132913490623,0.4952775073310845,0.07324292488981032,0.06618397404351166,89,8,withdrawal,Saudi Arabia,investment,construction,0,0,0,1,0,10,clean,2023-12-10 10:00:00
34551.25903982315,19,2884.077845936562,11,0.47438735359641904,0.5633141191761452,0.09969294184364648,0.28687121268751287,51,14,transfer,Jordan,charity,unknown,0,0,0,0,0,12,clean,2023-01-30 12:00:00
1851.8313524679797,37,5045.115891871289,6,0.18795942289177223,0.3010690302372872,0.028011679211940706,0.09043209956132231,56,3,payment,Saudi Arabia,charity,real_estate,0,0,0,1,0,6,clean,2023-12-29 07:00:00
46825.83822211462,18,2548.362702212675,12,0.6371248884993507,0.2510790455288573,0.11789436954353102,0.003754731036432232,97,10,withdrawal,Unknown,charity,construction,0,0,0,1,1,15,high_risk,2023-03-15 22:00:00
5652.437032357894,31,4982.276487938429,27,0.07832095070946073,0.16880141242242716,0.006559183441052895,0.1223677631529473,29,12,exchange,Jordan,personal,unknown,1,0,0,0,0,1,clean,2023-02-22 15:00:00
32893.00703352162,37,17502.48267239414,41,0.5542060655435206,0.1932277507530192,0.029670647897134618,0.606847919399142,63,14,transfer,Egypt,business,construction,0,1,0,0,1,3,high_risk,2023-10-14 06:00:00
13855.126810271584,30,4857.579657214744,25,0.2332265033651484,0.4350837881586067,0.3023764825704727,0.1752972112496341,85,10,payment,Unknown,investment,NGO,0,0,0,0,0,7,clean,2023-05-27 13:00:00
26291.60327064576,57,6493.860611507512,42,0.33343696657499133,0.12126557309181177,0.14686847559128594,0.04352855475600839,113,2,transfer,UAE,personal,NGO,0,0,0,0,0,4,clean,2023-10-30 06:00:00
62039.84394000423,42,4139.798556743045,3,0.3927056128765653,0.14375208349513596,0.20244006016332547,0.07089591594919503,33,14,exchange,Saudi Arabia,personal,unknown,0,0,0,1,0,6,suspicious,2023-07-28 16:00:00
5103.704473479175,33,4931.225351240764,3,0.31518381726685624,0.42811308287859473,0.06311426795419146,0.00041485621702887004,45,2,deposit,UAE,personal,NGO,0,0,0,0,0,15,clean,2023-05-20 10:00:00
48715.10498939482,10,122.3240421916348,20,0.10516543694119303,0.19969775743303944,0.17412177907023713,0.02820320902864934,6,5,exchange,Unknown,charity,unknown,0,0,0,0,0,11,clean,2023-02-18 03:00:00
7401.709945374328,37,2669.7579372537552,28,0.4395270008078516,0.2320681732789556,0.007298464139423239,0.2634383269324254,37,13,deposit,Russia,personal,NGO,0,1,0,0,0,14,suspicious,2023-04-04 12:00:00
7304.485848149403,12,4589.863850346845,23,0.45620315430957487,0.3445983237683644,0.029029252961427828,0.10371913784802861,53,2,payment,Iran,business,unknown,0,0,0,0,0,18,clean,2023-09-13 23:00:00
6241.532064457194,54,8036.539111786674,48,0.3311546706787992,0.5511030873188415,0.11367468443563092,0.07903434307414302,2,4,exchange,Saudi Arabia,personal,construction,0,0,0,0,0,16,suspicious,2023-07-17 21:00:00
11693.902453408204,30,4783.451395218301,3,0.07324546736491777,0.22285544003073476,0.05623476366356201,0.030741859916330508,106,3,exchange,Egypt,personal,finance,0,1,0,0,1,17,suspicious,2023-07-24 04:00:00
2511.110698678299,27,3297.70713298628,42,0.29814023108879795,0.24364999621422523,0.5213049334875598,0.2076014243855625,94,8,exchange,Offshore,investment,retail,0,0,0,0,0,17,suspicious,2023-04-03 23:00:00
12101.84463437351,39,3929.474733975639,24,0.19748728229601373,0.16859744088611747,0.02913303921913754,0.0942452085808557,57,9,exchange,Iran,business,unknown,0,0,0,0,1,17,suspicious,2023-06-19 10:00:00
11703.62682134269,9,2219.671568576305,43,0.09070341703342184,0.12893162088909577,0.006090900818679165,0.1078294327651804,92,11,deposit,Offshore,charity,NGO,0,0,0,0,0,2,clean,2023-07-22 21:00:00
21526.082074597434,54,20668.375205977263,40,0.16665704159997322,0.13549685280826484,0.08090792393489028,0.22481140823243992,96,14,deposit,Saudi Arabia,investment,real_estate,0,0,0,0,0,4,suspicious,2023-09-29 06:00:00
26904.9157156268,21,5900.8600494784705,6,0.5766075948882953,0.28507971017832523,0.015259405857348366,0.23910886665346295,117,12,withdrawal,Jordan,investment,retail,1,1,0,0,0,11,suspicious,2023-07-20 22:00:00
8709.103973175983,12,108.00138002409803,20,0.2962146430019843,0.3634028439431362,0.04907856411786571,0.09561390024002628,51,14,payment,Jordan,investment,finance,0,0,0,1,0,18,suspicious,2023-04-13 03:00:00
5400.2058724342,55,157.10259571879922,11,0.3787744073165866,0.1785860335892636,0.01359897381215372,0.06633654944264497,91,14,payment,Russia,personal,retail,0,0,0,1,0,13,suspicious,2023-04-26 09:00:00
4503.1006356320595,29,28883.98795070503,32,0.35813440158328186,0.03045687167731353,0.05573483900546527,0.06585221331969772,39,14,deposit,Unknown,business,retail,0,1,0,0,0,19,suspicious,2023-12-24 21:00:00
3246.6874066518285,33,2002.5856688794975,27,0.23380064418480334,0.48616276162453276,0.23728423494970302,0.06931923512711217,22,6,withdrawal,Unknown,personal,finance,0,0,0,0,0,12,clean,2023-04-28 07:00:00
890.639367125712,43,13103.040206388307,21,0.15795582506769504,0.11797360094445342,0.22304438616592098,0.4828001087615139,79,4,withdrawal,Egypt,investment,real_estate,0,0,0,0,0,17,clean,2023-05-19 08:00:00
6288.470976254846,53,480.33839445770616,44,0.21223612301931444,0.24597772707243415,0.01594681987322543,0.1425644513246709,43,11,exchange,Egypt,personal,unknown,0,0,0,0,0,9,clean,2023-09-29 00:00:00
4725.751600577534,15,20322.956074448342,48,0.3835798217627726,0.07590566169731539,0.3721711954710537,0.19744464342001136,38,11,withdrawal,Russia,charity,construction,0,1,0,1,1,11,high_risk,2023-01-10 06:00:00
50906.20173644491,2,16598.30730899554,13,0.628048222826934,0.5643913154540897,0.13084752889983423,0.03501111391604815,64,14,payment,UAE,business,real_estate,1,1,0,0,0,6,suspicious,2023-03-08 22:00:00
12236.802744811732,52,6772.12436391348,22,0.08534998666730623,0.11355979184629636,0.11369611578736105,0.42028189119226417,37,2,transfer,Egypt,investment,NGO,0,0,1,1,0,13,suspicious,2023-12-31 16:00:00
6399.037432756512,39,100.0,35,0.1671428340138016,0.3878683033534928,0.03947065101439926,0.13341909692312331,100,11,deposit,Saudi Arabia,investment,real_estate,0,1,0,0,1,11,suspicious,2023-10-21 13:00:00
13029.217854338589,53,2385.2094522549423,47,0.3279909136806695,0.273151990913728,0.2223610929868707,0.07864868317964786,38,8,exchange,Egypt,personal,unknown,0,0,0,0,0,15,clean,2023-07-18 06:00:00
2248.3388625321713,44,4178.094782394164,22,0.2810327137655432,0.20057067312666804,0.018923544243678286,0.12182871694320721,71,14,withdrawal,Jordan,personal,real_estate,1,1,1,0,0,11,high_risk,2023-01-30 20:00:00
8805.985101643544,54,4930.439049528388,28,0.48962479659601105,0.4372135270998537,0.38938736491385284,0.014312734000557778,31,3,deposit,Jordan,investment,NGO,0,1,0,0,0,4,clean,2023-05-15 05:00:00
14761.89308673017,18,2826.914965934648,21,0.3049649578699388,0.5693378086863742,0.25904679797887936,0.06736282959449573,44,2,deposit,Jordan,investment,real_estate,0,1,0,0,0,10,clean,2023-11-16 18:00:00
10067.786564692125,3,268.02299336589846,46,0.40733480721499454,0.473626682162907,0.11460997335136995,0.04845862925495777,94,4,deposit,Kuwait,business,NGO,0,0,0,0,0,10,clean,2023-08-07 10:00:00
7706.9204228362805,7,7135.271309901397,18,0.4958340970014335,0.1320463682503132,0.04367415089056186,0.33199752948379735,14,13,payment,Unknown,personal,retail,0,0,0,0,0,8,clean,2023-03-15 19:00:00
76365.6189591369,43,5941.299277475526,31,0.35389283293346446,0.40514019430681486,0.2526923310303248,0.3369389743247866,98,2,exchange,Kuwait,charity,retail,0,0,0,0,0,1,clean,2023-10-08 00:00:00
31843.35000370195,18,2661.4425969274616,46,0.44603088015194436,0.501273260511238,0.016673718896886486,0.4254984684514177,52,3,transfer,Unknown,business,finance,0,0,0,0,0,4,clean,2023-07-14 13:00:00
14648.812257102118,44,309.7267751367455,37,0.5937496116679046,0.2745341888348109,0.08245425307660112,0.21862152826161965,91,9,exchange,Unknown,charity,NGO,0,0,0,0,0,4,suspicious,2023-01-15 09:00:00
12637.846805717052,38,41762.243711815776,21,0.20367376522740652,0.17771880200018442,0.11817770820802302,0.08069214169736075,87,7,withdrawal,UAE,business,finance,0,0,0,0,0,8,clean,2023-12-28 19:00:00
14539.854649799314,37,5262.026965759242,14,0.394003186357886,0.14000685112401184,0.05763854072356368,0.09084307246499143,67,11,exchange,Russia,investment,finance,1,0,0,0,0,16,suspicious,2023-11-07 12:00:00
3371.775488786776,58,11284.83550528026,25,0.05821743617291607,0.38490399904820516,0.14037646711626345,0.12442725636397697,5,1,payment,Iran,personal,construction,1,0,0,0,0,14,suspicious,2023-05-11 21:00:00
7541.317825352953,33,4816.425703654947,27,0.16536485243976268,0.40260860927460174,0.09511014637947561,0.10556727568356188,42,10,transfer,Offshore,business,unknown,0,0,0,0,0,2,clean,2023-11-10 19:00:00
603.8874954864032,44,353.0387659866093,40,0.43078251150914054,0.09183942348031009,0.14235203696199136,0.09941921270803994,94,5,exchange,Russia,investment,construction,0,0,0,0,0,2,suspicious,2023-10-06 11:00:00
9680.964435653694,59,2963.88174737545,23,0.5096899456686428,0.28626855725879885,0.2728934230310193,0.10937889580636168,7,5,withdrawal,Iran,investment,construction,0,0,0,0,0,5,suspicious,2023-09-12 04:00:00
11746.885256294618,31,3086.5957279870267,31,0.10755131417028459,0.21719272000642992,0.015769862031823245,0.2545272187466928,105,9,exchange,Russia,business,finance,0,1,0,0,0,3,suspicious,2023-06-02 02:00:00
3876.6990818841855,58,14578.71792011139,47,0.30961451020872904,0.14666873199574582,0.1798549009851796,0.011278945190545286,118,12,payment,Iran,business,unknown,0,0,0,0,0,9,suspicious,2023-06-07 03:00:00
49875.56957849665,11,8495.851209758817,29,0.7294326892820374,0.22059016729132266,0.10643757169479423,0.13586134178861536,18,1,deposit,Kuwait,personal,construction,1,0,1,0,0,6,suspicious,2023-07-19 21:00:00
36028.56026097965,4,2577.4141643298,47,0.4224424051578516,0.360306135297941,0.011576897169856862,0.3314517852465777,57,1,payment,Saudi Arabia,investment,retail,0,0,0,1,0,14,suspicious,2023-06-03 00:00:00
19209.743002856925,59,27471.40640641646,30,0.059311140320932466,0.029937843713784665,0.10576607647914345,0.05962813141973621,102,14,payment,Unknown,investment,construction,0,0,0,0,0,19,suspicious,2023-03-17 14:00:00
11433.813945988986,18,3103.4596467365163,26,0.41977196245002707,0.3830820385124586,0.06501330981061458,0.01515189598830531,74,10,payment,Kuwait,personal,retail,0,0,0,0,0,9,clean,2023-03-03 04:00:00
30599.75434773931,4,50712.422419654235,20,0.11457234007632695,0.12150860473708723,0.025316634640276024,0.03237998562056295,44,7,transfer,Kuwait,investment,construction,1,0,0,0,0,7,clean,2023-04-06 04:00:00
2100.182536143464,49,44505.96110610202,38,0.26311773657059323,0.6794719235023953,0.04914906153568467,0.16777600438866536,98,7,exchange,Unknown,charity,NGO,0,0,0,0,1,14,high_risk,2023-03-14 15:00:00
23446.174371423524,34,1697.7329239867213,19,0.17802346634918081,0.34898129353280605,0.057417648310099045,0.039127902531406134,61,11,withdrawal,Russia,investment,NGO,0,0,0,0,0,7,clean,2023-12-19 22:00:00
1999.8994432803577,29,3000.353803295707,27,0.11712756976238972,0.08244875835988211,0.05582674282448913,0.21136928009964215,97,8,deposit,Egypt,charity,unknown,0,0,0,0,0,10,clean,2023-02-09 23:00:00
23713.53400761253,24,5324.944051952131,25,0.17187194325607857,0.20692430514712437,0.04328027384915005,0.0975146822321666,63,4,deposit,Saudi Arabia,personal,NGO,0,0,1,0,0,2,clean,2023-01-28 14:00:00
4839.64349687014,22,8727.550243396061,40,0.2281816755576982,0.05356092130049599,0.1966161702710632,0.06055516355908119,32,14,transfer,Offshore,personal,retail,0,1,0,0,0,6,suspicious,2023-05-30 23:00:00
31444.614389256738,2,6007.014608001894,38,0.3282831774911412,0.2055624464919746,0.1782288575623219,0.2285539606816787,95,7,withdrawal,Russia,business,NGO,0,0,0,0,0,5,clean,2023-06-22 18:00:00
43247.33319525245,44,27904.891116311184,23,0.3082050553316342,0.20898920895738163,0.04239438858212292,0.3034652037772547,28,6,deposit,UAE,personal,retail,0,0,0,0,1,6,clean,2023-11-19 01:00:00
2416.5513782191438,6,10298.521232160245,29,0.4217352408338552,0.17513327036585566,0.0033955940476229247,0.002250330123814579,4,1,withdrawal,Russia,charity,finance,0,0,0,0,0,15,suspicious,2023-04-10 07:00:00
9317.299191886748,42,1906.5128496370533,15,0.3872092913479098,0.6340051940287952,0.03773670790284123,0.26452910860484674,15,2,withdrawal,Egypt,personal,retail,0,1,0,0,0,12,suspicious,2023-05-11 17:00:00
59439.78319714457,25,888.3244903979222,3,0.34198109144395183,0.25453506305894186,0.03474771838089266,0.1799299384204253,2,8,exchange,Saudi Arabia,charity,NGO,1,0,0,0,0,12,clean,2023-08-27 17:00:00
9907.511887310717,55,9328.312857548792,10,0.05079516073370901,0.22447638464402744,0.10056954644264288,0.4494081828071923,23,6,transfer,Jordan,personal,construction,0,0,0,0,1,3,suspicious,2023-07-10 23:00:00
29876.683128978188,57,1380.1019923261047,15,0.2963729630085041,0.21047026407140418,0.017706916561632133,0.11583067130743062,59,7,payment,Iran,investment,construction,0,1,0,1,0,9,suspicious,2023-05-27 10:00:00
13327.635703863749,21,12397.166615161213,16,0.13800086731092875,0.210548925653831,0.004576372776254307,0.07816855790189751,23,8,payment,Kuwait,personal,finance,0,0,1,0,0,16,clean,2023-10-31 20:00:00
7057.974319205463,55,2980.53781975424,17,0.2844594720379487,0.17048548211702894,0.059390893182313546,0.19354963264336092,99,12,deposit,Egypt,business,real_estate,0,0,1,0,0,7,clean,2023-04-18 18:00:00
5048.538285901139,59,3166.810905473521,19,0.09875993527408632,0.1023851089014981,0.0745165904582566,0.10455871154426503,91,5,deposit,UAE,charity,retail,0,0,0,0,0,13,clean,2023-01-29 21:00:00
3407.7082936257957,16,100.0,11,0.39881016676835757,0.5618361792817333,0.009952296439292756,0.016081711182970953,26,5,transfer,Egypt,personal,retail,0,1,0,0,0,19,clean,2023-10-17 11:00:00
21519.55543825433,31,9658.795111148533,48,0.536318331242974,0.467284100588687,0.19989838720323216,0.1331758954151878,113,2,exchange,Russia,investment,retail,0,1,0,0,0,15,suspicious,2023-01-24 20:00:00
7329.615642035638,14,961.7156910034222,5,0.08969880965730025,0.3771321038779084,0.0875911120738344,0.10491850297338068,34,4,deposit,Kuwait,business,construction,0,0,0,1,0,19,clean,2023-10-22 16:00:00
10739.343984210931,39,11858.234474949806,5,0.3157147956462242,0.26240789779448487,0.00432751271168889,0.19353796260985168,13,11,deposit,Offshore,investment,unknown,0,0,0,0,0,9,clean,2023-09-14 11:00:00
10168.721181133636,28,5416.109377373107,14,0.4151431533794749,0.300212822154402,0.006431784577996386,0.07444564231253208,40,2,withdrawal,Unknown,business,unknown,0,1,0,0,0,17,suspicious,2023-10-10 22:00:00
12915.644417603251,32,12270.18520567761,26,0.3451602105040186,0.4514331908743301,0.020959039894630525,0.10854691226456563,116,7,transfer,UAE,investment,unknown,0,1,0,0,0,9,clean,2023-02-09 04:00:00
30101.472268697205,28,7015.14756675051,8,0.08924436370822963,0.2725882840622499,0.01138379126942158,0.15455117387285974,51,14,payment,Offshore,investment,finance,1,0,1,0,0,1,suspicious,2023-09-14 06:00:00
59245.36187003524,51,688.2397892261681,5,0.20073245702975095,0.2745189330442086,0.09679642256613875,0.021491916564731817,10,14,transfer,Jordan,charity,finance,1,0,0,0,0,8,clean,2023-12-08 23:00:00
7853.198103730003,55,11607.59620535057,7,0.20237014704097295,0.12014478464273107,0.13084023847063808,0.3498884443215202,39,11,payment,Unknown,investment,construction,1,0,0,0,0,17,suspicious,2023-08-26 04:00:00
26362.0161284603,49,578.8408674781456,16,0.4347127678236454,0.2216083891902389,0.13064048072144063,0.04004424616753102,90,9,withdrawal,Offshore,business,unknown,0,0,1,0,0,4,suspicious,2023-09-21 18:00:00
21692.435947538794,9,5211.463101994891,14,0.29632949275313114,0.5221089256106222,0.36772451474878526,0.052553290543884724,4,11,exchange,Russia,investment,real_estate,0,0,0,0,1,2,suspicious,2023-05-18 22:00:00
12783.161937669942,58,1513.3117581981444,37,0.39193765569099986,0.06962151548444959,0.04799755389443275,0.13463831013729108,82,2,payment,Offshore,charity,NGO,0,0,0,0,1,1,high_risk,2023-08-22 07:00:00
46869.56497796902,45,11165.431768431783,41,0.36263825677497946,0.15016265157020614,0.011986191067856608,0.13925864795008436,99,4,withdrawal,Kuwait,investment,retail,0,1,0,1,0,19,suspicious,2023-02-19 03:00:00
3356.0530755667523,22,19406.27265039548,4,0.28849796327965355,0.6742526337531825,0.0035659182740101457,0.023167598560780916,111,11,exchange,Russia,charity,unknown,0,0,0,1,0,14,suspicious,2023-10-13 10:00:00
1735.6114172964676,32,6461.753955715003,36,0.22662940241820181,0.07175637268314712,0.024590518071279672,0.1620212210285777,52,8,withdrawal,Unknown,charity,real_estate,0,0,0,0,0,1,suspicious,2023-03-16 00:00:00
28858.32286339179,5,5991.770747397185,48,0.1585980486720385,0.2500613698532178,0.05094449475375803,0.08668057006756205,81,9,exchange,Jordan,business,retail,0,0,0,0,0,14,clean,2023-04-06 12:00:00
8674.521929212147,23,11550.14030673849,17,0.08108591012707361,0.19082687907286333,0.07607896189651271,0.26453416957713033,56,4,deposit,Egypt,investment,retail,1,0,1,0,0,4,clean,2023-12-18 07:00:00
28156.707165488897,5,100.0,47,0.0725481073520658,0.32196093524966407,0.007483576875919272,0.38486064457989466,27,8,exchange,Saudi Arabia,business,finance,0,0,0,0,0,3,clean,2023-02-06 03:00:00
33536.547589306756,42,19984.77577991064,36,0.28095463080170185,0.36970405840727005,0.06123957896902602,0.48503469208258776,8,7,payment,Jordan,charity,real_estate,0,0,0,0,0,18,clean,2023-11-20 03:00:00
967.3993303137511,53,1759.6771734887063,6,0.4775247925699443,0.1264020449905716,0.19613084353550772,0.03965879923684913,53,13,exchange,Kuwait,business,unknown,1,0,0,0,0,7,suspicious,2023-04-02 06:00:00
32243.423821054843,32,33140.99630090328,16,0.3059293590578863,0.258394295113819,0.24184135974041682,0.004959642901644163,111,5,transfer,Unknown,business,unknown,0,0,0,0,0,1,clean,2023-03-19 13:00:00
8921.780980026371,59,10662.14850299491,29,0.3649083044637582,0.1335269927552197,0.11060421569698922,0.20285590787210578,13,4,exchange,Russia,charity,construction,0,1,0,0,0,16,suspicious,2023-07-29 21:00:00
10713.493623691586,10,11906.657365146819,36,0.29179291142931324,0.09555983497853966,0.15282415606302588,0.010190837222742598,46,6,withdrawal,Kuwait,charity,real_estate,0,0,1,0,0,13,clean,2023-05-22 00:00:00
14776.27488127953,59,8541.630839902356,38,0.041097643131140914,0.21012979050433356,0.018787605242294975,0.195881543399433,86,6,payment,Egypt,business,retail,0,1,0,0,0,3,suspicious,2023-09-14 14:00:00
39133.109393471634,39,5104.170298104947,37,0.2858195130022603,0.21153465135848057,0.05617298035379361,0.0731367231146866,36,2,deposit,UAE,investment,NGO,0,0,0,0,0,12,clean,2023-04-12 21:00:00
289.5175404837876,58,6782.100689585895,48,0.3153747441298517,0.15999098769529518,0.40331191720660253,0.028962576962715064,43,3,deposit,Russia,charity,finance,0,0,0,0,0,4,suspicious,2023-12-11 01:00:00
9718.11845906735,15,380.11207294134044,48,0.5164888520788731,0.2833876638527696,0.25259287543515524,0.2987005367236649,94,11,withdrawal,Iran,charity,construction,0,0,0,0,0,19,suspicious,2023-04-20 05:00:00
17457.923972004875,7,7824.467629674652,10,0.5921233069630393,0.23275256113503034,0.0803213539496251,0.1516248909530729,35,6,deposit,Jordan,investment,finance,0,1,0,0,0,14,suspicious,2023-07-24 11:00:00
19240.20626317657,29,7870.094566029763,41,0.2587572508247408,0.25515491702994925,0.1895431623979242,0.40286261107845045,51,4,payment,Iran,personal,retail,1,0,0,1,1,7,high_risk,2023-07-30 13:00:00
17690.784985666618,59,17746.01018918321,36,0.47022510646468035,0.3078801564974581,0.036840257412843934,0.19018394109574885,63,3,withdrawal,Jordan,charity,retail,0,0,0,0,0,4,clean,2023-05-07 19:00:00
2165.59433392964,47,5636.194967217329,29,0.4482727762961522,0.5339529793181956,0.1949130163699813,0.07626731477199493,109,13,payment,UAE,personal,NGO,0,0,0,0,0,12,clean,2023-02-27 18:00:00
5337.17806964661,3,642.259800069276,14,0.15304443655262304,0.04548866974907572,0.21545283607782442,0.09013955748954516,68,4,deposit,Russia,investment,finance,1,1,0,0,0,7,suspicious,2023-09-28 20:00:00
6664.23183614002,19,2924.525316010932,4,0.09941665049682988,0.26608192198125796,0.26723414565662296,0.32304746946513946,13,6,deposit,UAE,investment,construction,0,0,0,0,0,14,clean,2023-05-24 13:00:00
24478.10644179782,10,8528.295288833866,44,0.24204077045567735,0.20188317748831006,0.2376959026953841,0.06512442864995582,47,3,transfer,Saudi Arabia,investment,retail,0,0,0,0,1,15,suspicious,2023-08-17 16:00:00
4901.74723764948,28,2187.697122330192,42,0.19503432005630733,0.13846890815801785,0.0009675317773508905,0.09225718990097176,6,1,withdrawal,Saudi Arabia,investment,unknown,0,0,1,0,0,6,clean,2023-07-21 19:00:00
3549.2263685437283,29,2633.899373769497,36,0.34193469285752526,0.34521813764512443,0.00593428357463443,0.16675701448094052,18,14,exchange,Kuwait,business,unknown,0,0,0,0,0,17,clean,2023-11-01 07:00:00
47355.43303425013,15,13739.259801170314,45,0.414676387231995,0.21280334873460988,0.006205982108949651,0.30927209471711625,118,6,withdrawal,Offshore,business,unknown,0,0,0,0,0,17,suspicious,2023-02-13 19:00:00
133.54196508427856,35,7022.71120162038,13,0.2199274327759164,0.07880284801347805,0.061384464037791776,0.09345514340023073,8,2,payment,Unknown,personal,NGO,0,1,0,0,0,12,suspicious,2023-09-08 15:00:00
91932.3449085613,6,5682.793226477608,46,0.33575509832416234,0.5576963600815952,0.011282378961868672,0.13691406735458478,41,9,deposit,Kuwait,investment,construction,0,1,1,1,0,4,suspicious,2023-11-10 03:00:00
16943.2478165513,12,3067.1083900242943,18,0.1755208301335539,0.04178963515109288,0.022683388266094187,0.05411406529556673,61,6,transfer,Egypt,personal,construction,0,0,0,0,0,7,clean,2023-01-31 14:00:00
26444.89524657555,47,10502.211285968458,33,0.13373816533661528,0.11969452702613331,0.03142738738367887,0.11062337907198894,20,1,withdrawal,Unknown,personal,real_estate,1,0,0,0,0,4,suspicious,2023-05-06 02:00:00
5235.266377573809,38,2714.2559085265357,21,0.08256457630162319,0.1734451584941473,0.11518562888196027,0.31782058402811575,85,11,payment,UAE,investment,real_estate,0,0,0,0,0,7,clean,2023-12-11 04:00:00
216.28094607017283,13,10686.74230342496,16,0.04471846326396368,0.3401309406384508,0.007430210370982607,0.020703508038454888,96,4,transfer,Kuwait,personal,NGO,1,0,0,0,0,6,clean,2023-09-21 15:00:00
20083.693176520504,29,581.4385388467307,15,0.08085773471481934,0.2991719161489895,0.04040588185177631,0.11544786763353804,56,5,transfer,Jordan,personal,NGO,0,0,0,0,0,4,clean,2023-11-08 06:00:00
26949.58404740101,19,15992.710313142963,5,0.22907118253240227,0.22324269283304113,0.015606895530088843,0.13022950214513238,96,12,transfer,Iran,personal,unknown,0,0,1,0,0,10,suspicious,2023-10-10 05:00:00
20233.599053221413,3,5538.243864021342,6,0.17964860835218874,0.12674800718596882,0.09975430234983379,0.07333500704975271,2,8,deposit,Saudi Arabia,personal,NGO,0,0,0,0,0,1,clean,2023-09-21 00:00:00
2312.140225653325,8,4617.262257573532,38,0.1870946795021168,0.2860796204008555,0.21353544590376056,0.18025970177373568,106,3,payment,Russia,business,finance,0,0,0,0,1,1,suspicious,2023-04-17 03:00:00
21001.51385406381,8,7553.888968697739,3,0.6215863334809325,0.2744643261344537,0.08819931788349877,0.09376335162650963,66,11,transfer,Saudi Arabia,personal,finance,0,0,0,0,0,7,clean,2023-09-07 08:00:00
21975.050215920248,55,7829.41678625903,48,0.5444302957937909,0.356975708867605,0.08702591085964277,0.22659893725528032,105,13,deposit,Kuwait,investment,unknown,0,1,0,0,0,4,suspicious,2023-09-20 22:00:00
16117.893709978216,58,1132.8327321117204,12,0.36470901118094723,0.031662823688516153,0.09480177301210689,0.23184383164744898,32,9,deposit,Kuwait,personal,real_estate,0,0,0,0,0,16,clean,2023-04-09 23:00:00
21793.945885386198,20,11292.358780315264,36,0.26297149404637415,0.2915781807027335,0.18044030641174275,0.06976432557243045,22,9,deposit,Russia,investment,construction,1,0,0,0,0,18,suspicious,2023-12-30 18:00:00
28054.390120182074,47,2582.9188441566685,33,0.2079536864853857,0.3477542606062124,0.005867503386464128,0.12479643611734241,90,12,withdrawal,Kuwait,investment,finance,0,1,0,0,0,14,suspicious,2023-05-21 18:00:00
14263.392364693957,4,18827.817651968668,36,0.4687999292555662,0.4687710207898007,0.1853525307672689,0.15219309367339678,41,10,deposit,Kuwait,business,construction,0,0,0,0,0,13,clean,2023-06-08 18:00:00
1391.6785859237361,51,13623.427181351037,33,0.4695758669319198,0.4049423053769976,0.0991332864634162,0.2965340364591165,109,11,payment,UAE,business,unknown,0,1,0,0,0,15,suspicious,2023-02-24 10:00:00
10030.559756814333,21,3400.438412996126,31,0.2813235095242167,0.5864283849806919,0.06397807160544519,0.08376508627847862,10,5,exchange,Jordan,personal,construction,0,0,0,1,0,1,clean,2023-07-29 21:00:00
1212.44694861488,3,13191.223840665802,21,0.17248051141946166,0.39355327479800917,0.05690829827339892,0.054231132902623415,39,4,withdrawal,Iran,personal,finance,0,0,0,1,0,10,suspicious,2023-10-11 22:00:00
7852.155522380029,45,3525.3048173131015,27,0.28120913749829307,0.3393090042153148,0.03248530131455113,0.10027083216128607,45,7,transfer,Unknown,charity,NGO,0,0,1,0,0,18,suspicious,2023-09-18 11:00:00
7841.107095759467,8,851.3124002073464,27,0.19136870613056992,0.2486577814232957,0.07941270312256997,0.13045958129098748,5,13,deposit,Saudi Arabia,personal,real_estate,0,1,0,0,1,5,high_risk,2023-03-23 14:00:00
1024.3407086032614,23,26137.858796981036,8,0.08247263270081887,0.14639689871475142,0.16619121135783507,0.08059425801223544,12,9,withdrawal,Egypt,charity,finance,1,0,0,0,0,7,clean,2023-08-11 13:00:00
6434.5499594907105,16,8458.273808339114,37,0.424134885681633,0.14644108166623301,0.1202120874424235,0.11889288054689737,105,6,withdrawal,Iran,charity,retail,0,1,1,0,0,2,suspicious,2023-04-10 15:00:00
1764.8385731710875,13,4871.9120183047635,32,0.28911963832899995,0.17297063562850462,0.1735686032150172,0.029017531641711534,105,7,payment,Saudi Arabia,business,construction,0,0,0,0,0,9,clean,2023-03-26 14:00:00
24772.285651132202,3,4056.971296443739,26,0.08434989748181296,0.11304203042479986,0.008347012920959084,0.41343534891584316,32,1,transfer,Unknown,investment,construction,0,0,1,0,0,5,clean,2023-03-28 15:00:00
44257.94977592998,48,3140.849132213327,2,0.3869141144025384,0.2650649000964184,0.1705585741376868,0.03593401054248948,114,4,exchange,Offshore,charity,construction,0,0,0,1,0,18,suspicious,2023-02-23 01:00:00
1125.9695059868366,9,31897.246974939553,12,0.062331228329678204,0.33854549565791386,0.024103767410844117,0.1820222077614265,40,2,exchange,Egypt,personal,unknown,0,0,0,0,0,12,clean,2023-01-18 23:00:00
46554.84351103029,14,1157.869085494619,22,0.11915452367745531,0.46245377117853553,0.06010997167233011,0.26792520595668173,18,1,withdrawal,Jordan,charity,unknown,0,0,0,0,0,4,clean,2023-12-12 04:00:00
11090.273240831417,13,3024.415165514164,17,0.4338827453467258,0.5146770452118754,0.20587856394851442,0.18477512805955237,74,13,withdrawal,Offshore,business,finance,0,0,0,0,1,16,suspicious,2023-10-17 20:00:00
5340.820144179031,53,5316.441098322374,7,0.2573159179483303,0.14382605522432218,0.04281263582584374,0.0005125727151465477,64,11,transfer,Russia,charity,real_estate,0,1,0,0,0,11,suspicious,2023-09-16 00:00:00
1199.6493710935813,57,5200.694556451308,43,0.355435506700594,0.07718013046458307,0.05301130771860731,0.22999406406472156,87,7,withdrawal,Jordan,charity,retail,0,0,1,0,0,19,clean,2023-02-17 07:00:00
10415.947451570904,7,5099.67899497712,4,0.3680074054515363,0.42726088635962883,0.0525700059089961,0.05082063962518996,1,11,deposit,Kuwait,charity,real_estate,1,0,0,0,0,1,suspicious,2023-05-18 04:00:00
23735.77335296427,15,1546.5793924298694,37,0.5694765077434828,0.17079965982985248,0.018129907350118303,0.3220606965914925,117,10,exchange,Jordan,charity,NGO,0,1,0,0,0,13,suspicious,2023-01-17 01:00:00
18418.167866754746,7,1252.5991799812077,38,0.3504124567054838,0.30941824896575304,0.1818591116928902,0.07806230899728277,53,4,deposit,Egypt,charity,real_estate,0,0,0,0,0,5,clean,2023-02-18 07:00:00
772.9684424406969,38,2352.473156750909,32,0.036968649252552936,0.08206446430914945,0.058359082086029336,0.3124981585590307,42,2,payment,Russia,charity,retail,0,0,0,0,0,8,clean,2023-02-20 05:00:00
1135.4373608737872,34,19676.358738046085,11,0.3954159349250053,0.2253393203699485,0.006874149892650624,0.1328161340188364,101,5,withdrawal,Saudi Arabia,charity,unknown,0,0,1,1,0,10,clean,2023-07-11 13:00:00
7734.3889682413155,41,959.7601133225485,1,0.31812938457508105,0.20936243394160559,0.055860215839725516,0.0026571178819667345,82,7,transfer,Russia,business,construction,0,0,0,0,0,15,clean,2023-03-27 22:00:00
5249.544140700735,22,11331.558113766541,25,0.39462277729660944,0.20785171570628966,0.06870011139914521,0.07494422115660673,94,2,payment,Russia,personal,unknown,0,0,0,0,0,15,clean,2023-03-17 16:00:00
3966.991375988393,24,11335.625182656637,42,0.08326462322080977,0.5359740705154328,0.13635073462463013,0.17336644927446504,83,7,payment,Iran,business,construction,1,0,0,1,0,13,high_risk,2023-04-04 07:00:00
4948.502676832674,49,13276.188286473684,24,0.17817496304458744,0.2367404759110534,0.1324542689828745,0.17895593593670203,109,3,transfer,Iran,charity,construction,0,0,0,0,0,2,clean,2023-05-25 11:00:00
24405.07546735074,37,17415.763873800704,43,0.3821900652014241,0.5939335207818267,0.014825289586044173,0.05028449699545413,38,14,payment,Iran,charity,unknown,0,1,1,0,1,4,high_risk,2023-01-25 02:00:00
39724.38891815142,44,2441.731804539343,17,0.19654378952554213,0.44412363191742876,0.08605975933786672,0.5444446863386082,17,8,deposit,Jordan,investment,real_estate,0,0,0,1,0,13,suspicious,2023-01-09 10:00:00
7790.497262663004,1,2034.5918749781492,8,0.67632108489642,0.33242037931233115,0.30729887799561556,0.08787853537400646,62,7,payment,Offshore,business,construction,0,1,0,0,0,9,suspicious,2023-02-16 07:00:00
35484.63102364336,10,5011.473200970974,45,0.39696466081710413,0.39806186044334124,0.12835512356604034,0.2054039572367227,28,1,transfer,UAE,charity,unknown,0,0,0,1,0,5,clean,2023-04-07 08:00:00
5817.966960858744,43,2464.0488412712716,27,0.1263028174325186,0.4437167105224522,0.02286584579702192,0.08995227135752648,22,9,exchange,Kuwait,investment,real_estate,0,0,0,0,0,12,clean,2023-08-19 15:00:00
9706.468289842864,16,10603.40017513193,18,0.1983672125431122,0.5721622178788026,0.17145025875824713,0.03334459948685442,46,6,withdrawal,Iran,business,retail,0,0,0,0,1,2,suspicious,2023-09-08 21:00:00
3843.313064591829,46,8083.483417267514,27,0.27567897965878846,0.15208599354666025,0.15273476452284837,0.09601099959076229,38,12,transfer,Jordan,charity,construction,0,0,0,0,0,8,clean,2023-10-09 19:00:00
15344.616929573169,8,16634.74440761135,22,0.26353624458630553,0.10211551184785704,0.037195137406379905,0.1886579213370504,32,13,deposit,Unknown,investment,real_estate,0,0,0,0,0,16,suspicious,2023-02-27 03:00:00
57935.00951964483,56,690.899712883935,16,0.20941982524312952,0.4238148617470401,0.19047164277828918,0.5950063776174076,55,4,deposit,Iran,investment,construction,0,0,0,0,0,8,suspicious,2023-12-27 22:00:00
13875.92738715144,49,19728.679166710193,2,0.3790353514965341,0.4044045839691579,0.04501634612247144,0.11441879187790314,89,6,exchange,Iran,charity,NGO,0,0,1,0,0,19,suspicious,2023-06-11 08:00:00
6643.1614291002625,25,2777.7427338611774,5,0.44725990890893663,0.20606736067394216,0.124568088048844,0.5673581837972771,112,2,deposit,Egypt,personal,real_estate,0,0,0,0,0,10,clean,2023-10-10 22:00:00
15654.084277132257,50,5397.655547983653,18,0.34867160995704777,0.3769891561434051,0.06776258595593875,0.20663314265465663,9,2,transfer,Offshore,charity,retail,0,1,0,0,0,5,suspicious,2023-07-02 02:00:00
1967.36766378466,12,4618.735885253116,3,0.32463320289001335,0.2624674770866799,0.18072609944481258,0.3640641995165081,100,8,deposit,Saudi Arabia,investment,construction,0,0,0,0,0,3,clean,2023-10-17 22:00:00
32927.3765349946,25,11427.325966003,27,0.21400295181739082,0.29813973962284523,0.016315945514428276,0.08974675329623873,50,10,exchange,Egypt,personal,unknown,0,0,0,0,0,19,clean,2023-12-07 20:00:00
10490.01273304852,17,4362.416096502404,17,0.07619418295092117,0.15206172733891446,0.16614173933856516,0.298916634270339,37,5,exchange,Kuwait,personal,NGO,0,0,0,0,1,2,clean,2023-07-22 04:00:00
8949.831178591527,26,22995.645715709277,16,0.0914653347407411,0.09462846124601852,0.10026936611032877,0.14709334344929792,65,7,payment,Jordan,business,NGO,0,1,0,0,0,7,clean,2023-07-06 05:00:00
13223.441408099407,46,18626.00380493762,6,0.2683585070221044,0.05942963351254079,0.12768018204380985,0.08135822352718795,93,1,payment,Saudi Arabia,personal,NGO,0,1,0,1,0,9,suspicious,2023-03-29 23:00:00
14703.795797277404,48,16455.87846424259,7,0.47094834139194164,0.397136065896474,0.05787986445622725,0.21316937269363356,79,6,deposit,Saudi Arabia,investment,real_estate,0,0,0,0,0,8,clean,2023-11-30 21:00:00
1117.2298088349746,14,591.397239089758,14,0.4776646918883051,0.5040249436375254,0.014184655365902524,0.016043831303847816,44,11,deposit,Kuwait,investment,retail,0,0,0,0,0,19,clean,2023-10-13 14:00:00
17214.7009428657,41,15407.342128915518,38,0.26511219851138834,0.3069689885841708,0.05216395129067262,0.03166022944914709,110,11,deposit,Jordan,business,construction,0,0,0,0,0,5,clean,2023-01-10 17:00:00
4154.726488372657,36,12172.714754145614,40,0.16946964322885746,0.2433114155677291,0.09349757117552103,0.049359382546495266,60,10,deposit,Kuwait,investment,retail,0,0,0,0,0,8,clean,2023-07-13 13:00:00
18773.967919043003,57,874.1714221268994,15,0.6001343365217354,0.21147549639241622,0.013417432753275253,0.022597568395133792,29,7,payment,UAE,investment,retail,0,1,0,0,1,15,high_risk,2023-09-03 05:00:00
25934.710709725787,23,909.062208211746,47,0.27573164139091283,0.13936827378592442,0.040060306000802376,0.029946147599689044,85,10,transfer,Offshore,investment,construction,0,0,0,0,0,2,suspicious,2023-03-31 11:00:00
24441.43418993219,43,853.2358109792035,47,0.1400372950906002,0.11614233489794201,0.38752793351152365,0.042980502269451645,63,7,transfer,Russia,business,construction,0,0,0,0,0,12,suspicious,2023-11-12 12:00:00
12061.213546123538,6,100.0,48,0.4360481021685923,0.12428588463221729,0.2757663435428585,0.16526285436150598,76,10,transfer,Kuwait,personal,real_estate,0,0,1,0,0,17,suspicious,2023-05-02 16:00:00
11014.847700699453,47,6363.819318529998,33,0.1904708787951109,0.42026143809985267,0.08656690096027332,0.018776738688261893,26,13,payment,Russia,business,NGO,0,0,0,0,0,16,suspicious,2023-04-19 14:00:00
2312.5895244637636,5,29013.03582841495,43,0.31344100982044193,0.5476388206128071,0.15808326775922343,0.0016435990085603906,45,3,transfer,Iran,personal,unknown,0,1,1,0,0,5,suspicious,2023-09-07 12:00:00
22397.917614561422,43,4619.780035366621,27,0.06635879102226902,0.17627891940182766,0.08481576608304753,0.010829980886197361,95,12,transfer,Egypt,investment,NGO,1,0,0,0,0,1,suspicious,2023-11-10 08:00:00
4749.649036629098,25,6225.4151208350795,29,0.18611404494787748,0.2991749297717505,0.054352007701280194,0.014150618680738927,35,9,payment,Unknown,charity,NGO,0,1,1,1,0,13,high_risk,2023-11-20 21:00:00
10298.39656349584,18,27528.607763125907,37,0.46177679338792627,0.16878776655754255,0.04837819481881482,0.06631563801244407,78,12,withdrawal,Saudi Arabia,business,retail,0,0,0,0,0,7,clean,2023-01-21 19:00:00
5016.869949956132,13,2356.9255432330947,5,0.1418399919692527,0.3252310023398456,0.07480556130676883,0.049223515839063536,119,9,deposit,Unknown,personal,NGO,0,0,0,0,0,8,clean,2023-04-14 09:00:00
2155.082923609443,43,15641.962840050566,29,0.09198444561862122,0.2091580695670564,0.04808833780197789,0.038784648419967926,7,5,deposit,Russia,personal,construction,1,0,0,0,0,19,suspicious,2023-06-04 14:00:00
14895.863602138836,14,6324.148087538256,32,0.39898641228836407,0.3437020684922303,0.12108979790157073,0.001703409884523214,67,9,withdrawal,Offshore,investment,retail,0,1,0,0,0,14,suspicious,2023-07-31 01:00:00
837.9563958887455,28,6742.02722379226,6,0.5131673480899395,0.18145239314544995,0.16306679247957864,0.053433424835804245,53,13,exchange,Russia,personal,NGO,0,0,0,0,0,10,suspicious,2023-05-09 21:00:00
20713.348918771208,18,3362.687346867721,2,0.2505629131477837,0.05761378118190112,0.12049776882492394,0.12634927080478536,41,11,transfer,Egypt,investment,real_estate,0,0,0,0,0,17,clean,2023-08-13 22:00:00
5731.798988308448,59,6596.702968061229,6,0.14356130631042324,0.45269979629854334,0.12913845304111435,0.13731072454593313,4,7,withdrawal,Egypt,investment,real_estate,0,0,0,0,0,18,clean,2023-12-10 13:00:00
100.0,57,607.6436571342138,46,0.34545963150387865,0.36866527775977803,0.025235875690466245,0.07379320223134758,2,7,transfer,Egypt,investment,real_estate,0,0,0,0,0,2,clean,2023-01-02 17:00:00
10734.853692066677,28,11573.233612831787,43,0.12680539034971586,0.0773471855684513,0.09729462005924525,0.015937994561558866,35,9,withdrawal,Unknown,personal,unknown,0,0,0,0,0,10,clean,2023-05-16 09:00:00
719.7748854187827,51,2680.289075773569,4,0.16875597001011833,0.41930588929695783,0.028151591452057236,0.10288796897210988,33,2,deposit,Jordan,charity,finance,0,0,0,0,0,18,clean,2023-01-09 04:00:00
4847.971648646696,56,17486.12360069298,29,0.5282452781046739,0.36129273053321564,0.11243330465392302,0.15107114532562926,101,10,transfer,Russia,business,finance,1,0,0,0,1,10,high_risk,2023-08-28 06:00:00
18412.536383899846,27,3669.037360211814,25,0.4350887000260784,0.2425517025117784,0.07478920775197058,0.2227555726174342,105,5,payment,Offshore,personal,NGO,0,0,0,1,0,2,suspicious,2023-09-12 00:00:00
971.1120698824018,32,1232.897142436122,9,0.468025828053444,0.23190505282016108,0.0775903762307978,0.00044791935902130196,50,8,deposit,Kuwait,business,finance,0,0,0,0,0,9,clean,2023-06-14 01:00:00
27426.833463221796,47,9522.70476348422,3,0.24226169947455808,0.0978119494068284,0.10061763591470833,0.08293601520744052,13,8,deposit,Offshore,personal,unknown,0,0,0,0,0,16,suspicious,2023-02-11 19:00:00
100.0,9,1438.5477263831983,26,0.5125427463096964,0.049625385640322046,0.08719977711869469,0.016739488517062428,115,3,deposit,Kuwait,investment,unknown,0,0,0,0,0,6,clean,2023-07-13 14:00:00
4251.842596372433,40,11209.006946789752,48,0.1141264929089548,0.036800533031529026,0.12799690756402718,0.0170142778659752,115,5,transfer,Kuwait,business,retail,0,0,0,0,0,7,clean,2023-08-26 00:00:00
20258.352694666562,32,27564.263433424458,43,0.256594314101299,0.3333812482826362,0.04774685778995001,0.014167407902193006,7,12,exchange,Jordan,investment,retail,0,1,0,0,0,3,suspicious,2023-05-10 17:00:00
5702.885926796246,20,12096.779044984725,27,0.2369093503908767,0.6273169001457966,0.10753852359868651,0.23560933127841135,39,4,withdrawal,UAE,personal,real_estate,1,0,0,0,1,7,suspicious,2023-02-06 12:00:00
1611.9807411569027,28,181.6405496563981,36,0.04827863203844885,0.5573995891094942,0.24940594687385423,0.058683696223640926,111,4,withdrawal,Iran,personal,unknown,0,0,0,0,0,8,clean,2023-05-11 01:00:00
6699.790013472119,33,7328.041942095894,32,0.29304992301665567,0.38108466135038455,0.13116257665920494,0.07793628360087616,91,2,payment,Saudi Arabia,charity,NGO,0,0,0,0,0,5,clean,2023-01-26 01:00:00
4728.74457733134,4,9510.326974922256,1,0.1433796134755025,0.24543009102919003,0.23468733305059197,0.06488375601483946,49,6,exchange,Saudi Arabia,business,finance,0,0,0,0,0,3,clean,2023-06-02 15:00:00
27745.142057055436,46,13964.733961608854,16,0.45748875684775375,0.5632141737056093,0.06433211366560429,0.011970898330541343,3,12,deposit,Saudi Arabia,personal,finance,0,0,0,0,0,14,suspicious,2023-07-30 12:00:00
5638.9131794075965,57,461.0524699966832,48,0.3430033581922763,0.18694090237793556,0.008698397684230136,0.08005473299657892,17,1,withdrawal,Jordan,personal,retail,0,0,0,0,1,6,suspicious,2023-12-15 05:00:00
23333.65736597026,34,5233.0708028458075,11,0.49395310845699664,0.19116578815487753,0.1622093980363547,0.090846446710076,25,8,transfer,Saudi Arabia,charity,real_estate,0,0,0,0,1,3,clean,2023-08-25 10:00:00
33366.613615560425,48,6132.126137550666,26,0.505088919310781,0.08327977224700982,0.08259573260591621,0.13160772486216613,94,12,deposit,Kuwait,charity,real_estate,0,0,0,0,0,7,clean,2023-11-21 23:00:00
8532.580088149445,3,1482.2060104459213,40,0.41167023221547755,0.19874518946845637,0.03202877593311226,0.06005687043118202,119,10,deposit,Offshore,charity,NGO,0,1,0,0,0,6,suspicious,2023-06-18 22:00:00
36109.71109741795,26,3114.173178914325,1,0.14278638991006073,0.25409876824457445,0.37912475512793054,0.055079880280481566,14,9,exchange,Kuwait,investment,construction,0,0,0,0,0,18,clean,2023-08-15 21:00:00
7105.791158392741,8,4641.716107207446,26,0.29531756157102884,0.191781461597324,0.010833508049193589,0.3807823105153582,93,11,exchange,UAE,charity,unknown,0,0,0,0,0,10,clean,2023-09-09 04:00:00
49896.25428253074,6,14328.142976208455,28,0.1765194168549369,0.1252524940033062,0.18294270693786757,0.10149793946367829,5,5,withdrawal,Unknown,charity,finance,0,0,0,0,1,5,suspicious,2023-03-02 05:00:00
1402.9536271854226,16,21206.65846687278,9,0.1527786745132888,0.39207574480920254,0.046950420962333816,0.08977931591130829,71,13,withdrawal,Iran,business,NGO,0,0,0,1,0,8,suspicious,2023-11-28 23:00:00
17424.204669899824,24,7919.9896643684515,44,0.10783550058893128,0.04539477133959939,0.3864257471465436,0.011048925163692056,115,6,deposit,Jordan,investment,finance,0,0,0,0,0,15,clean,2023-10-21 23:00:00
10212.767523467299,48,4019.48978750365,22,0.2586572243091229,0.5078180687862387,0.11125790403187678,0.0035367784757392774,83,1,payment,Jordan,investment,retail,0,0,0,0,0,16,clean,2023-08-05 16:00:00
7356.739706437696,39,2344.5700676945225,8,0.16328124831133603,0.6091015113583551,0.23945885626523297,0.08931081030217322,33,6,deposit,UAE,personal,retail,0,1,0,0,0,11,clean,2023-05-12 23:00:00
15024.130011079917,30,32199.376891535776,49,0.34591984294941336,0.2456957964106665,0.016450222159398564,0.2459949072820771,85,1,transfer,Egypt,business,unknown,0,0,1,0,0,10,clean,2023-04-13 15:00:00
18253.697139526863,45,32605.751878482195,42,0.40989063221980615,0.11746301225294195,0.018908879805883475,0.23854556996065082,119,14,payment,Iran,charity,NGO,0,0,0,0,0,1,suspicious,2023-03-11 11:00:00
100.0,13,20719.678846432547,27,0.05589247346899391,0.39069402051276764,0.11204509808281667,0.31297880799765265,51,5,withdrawal,Saudi Arabia,investment,NGO,0,0,0,0,0,1,clean,2023-10-18 02:00:00
2739.979835568135,5,12321.875433790758,39,0.2396491462671751,0.7139664540166808,0.00762326401773381,0.2180155038588238,85,13,payment,UAE,personal,retail,0,0,0,0,0,17,suspicious,2023-11-06 06:00:00
18726.502969029996,25,3153.5850809608123,19,0.08600483114820537,0.16080803747399358,0.035496361936390414,0.0530360676085771,17,9,payment,Saudi Arabia,business,NGO,0,0,0,0,0,4,clean,2023-04-08 03:00:00
16466.533277512084,20,13586.174145662095,25,0.48614094768054306,0.1287666431178419,0.0031180817752769433,0.0931452395862356,87,5,withdrawal,Jordan,charity,retail,1,0,0,0,0,16,clean,2023-09-24 15:00:00
50741.89411560812,54,4204.712786455108,38,0.5041799175166496,0.19567621063707355,0.004308153023528261,0.32715873329292783,61,14,transfer,Offshore,business,finance,0,0,0,0,0,19,suspicious,2023-10-10 04:00:00
21471.747866351106,18,3165.3828505258516,21,0.18905140346439384,0.26885557795271847,0.12608352303669,0.1814515313518949,91,3,transfer,Kuwait,business,unknown,1,0,0,0,0,5,clean,2023-06-16 10:00:00
45169.606325653185,47,10927.710937241987,24,0.1370374396492226,0.11361024278160672,0.1396966012262169,0.07445308439108009,31,12,exchange,Iran,charity,finance,0,0,0,0,0,3,suspicious,2023-05-22 03:00:00
18187.158043156312,18,664.0441123330319,24,0.4875047904753017,0.48008840848712897,0.05033987539553658,0.16115940848458385,15,14,exchange,Unknown,personal,finance,0,0,0,0,0,14,suspicious,2023-03-03 05:00:00
5308.4437350489725,2,398.25211884503375,19,0.6058595880651009,0.2382744415922188,0.014650333703531393,0.2060353599362739,104,4,transfer,UAE,charity,retail,0,0,0,1,1,18,suspicious,2023-08-09 14:00:00
1670.0906731805385,10,4752.986834438329,47,0.2705566423215803,0.29582007072615857,0.4042388342387551,0.14316194954930567,40,3,transfer,Russia,investment,finance,0,1,1,0,0,18,high_risk,2023-10-04 16:00:00
22836.788641717212,55,4719.510564868906,2,0.10578371855762948,0.16196255713737404,0.034789344431941434,0.27888368800267305,65,4,exchange,Russia,charity,unknown,0,1,1,0,1,3,high_risk,2023-12-28 01:00:00
15498.656961780374,45,18079.588920461953,14,0.13051617184883074,0.10430049476592998,0.1100507303468807,0.26590030543449167,20,12,exchange,Offshore,business,retail,0,0,0,0,0,10,suspicious,2023-05-19 15:00:00
740.7848167731299,50,1078.8006883805058,32,0.16630009523031555,0.15328976750242776,0.12581667889108894,0.1533827163774535,105,12,transfer,Iran,personal,unknown,1,0,0,0,0,19,high_risk,2023-11-25 11:00:00
6695.489380616356,47,1052.5767003859607,42,0.25070545161811647,0.31291946148452965,0.10839377361257291,0.14252740577238476,34,10,withdrawal,Saudi Arabia,charity,real_estate,0,0,1,0,0,3,suspicious,2023-06-21 17:00:00
47128.657688161715,12,1276.2117660333633,32,0.28837178819573517,0.1733276090384927,0.10501002518404086,0.014924526271582868,65,14,transfer,Unknown,investment,unknown,1,1,0,0,1,14,high_risk,2023-03-13 16:00:00
10409.246909825257,47,241.49879095229048,28,0.3898932431202116,0.14229327523248675,0.08529172439170672,0.02229560610015707,32,6,withdrawal,Russia,personal,unknown,0,0,0,0,0,8,suspicious,2023-01-25 15:00:00
8503.775626088236,13,595.4760987180757,48,0.07413256628592779,0.1582963532594255,0.00958128650963735,0.3076982493930738,112,3,withdrawal,Unknown,business,construction,0,0,0,0,0,19,suspicious,2023-06-16 13:00:00
9179.027955749983,50,8627.415919835954,39,0.25249660108729055,0.1996321841150126,0.013301104858588594,0.22768018622377878,22,14,withdrawal,Kuwait,charity,NGO,0,0,0,1,0,6,suspicious,2023-08-31 15:00:00
3514.635888788937,47,4519.218503784013,40,0.07724864154428927,0.5177877373647917,0.16074374999887264,0.0020071387696598978,62,5,exchange,UAE,personal,NGO,0,0,0,0,0,9,clean,2023-06-06 04:00:00
6899.781788387552,57,11537.943741439462,42,0.10035759582548172,0.5205255367383311,0.04123247460305734,0.05936545030370161,93,7,deposit,Iran,personal,unknown,0,0,0,0,0,16,suspicious,2023-09-02 20:00:00
6926.08626678056,55,39247.73621208784,47,0.3106112118087031,0.17701184385610322,0.009215761193336945,0.17528744550329117,45,1,transfer,Jordan,business,finance,0,0,0,0,1,6,suspicious,2023-09-19 16:00:00
806.6301110414672,11,8607.79608778781,40,0.21893191733062398,0.5495470679667707,0.38478888174094455,0.17087759685292886,11,3,payment,Saudi Arabia,personal,finance,0,0,0,0,0,16,clean,2023-03-16 12:00:00
21887.339574195747,19,414.18365942927124,13,0.2108319667603319,0.3684220446124886,0.19028264303706152,0.05756663019639469,33,11,payment,Iran,personal,NGO,1,1,0,1,0,10,high_risk,2023-07-22 12:00:00
8080.7763399565465,35,883.5460854100546,12,0.3008590280362011,0.16274603481756575,0.1540125643351017,0.3049701513639842,38,6,transfer,Saudi Arabia,investment,retail,0,0,0,0,0,8,clean,2023-06-14 09:00:00
25904.74259674347,39,17029.328901070236,8,0.35559072102193134,0.035476361470321044,0.01837688597585245,0.29226145742754744,65,10,withdrawal,UAE,personal,NGO,0,1,0,0,1,15,suspicious,2023-01-29 09:00:00
28491.64031608286,53,5997.671593117558,15,0.173133023164827,0.17316822763023798,0.24091166352274648,0.018551481368266697,63,2,exchange,Saudi Arabia,charity,real_estate,0,0,0,0,0,11,clean,2023-03-09 07:00:00
3573.7446653109373,26,13936.313759865963,26,0.19436806407559756,0.4285250496764405,0.13771764231478378,0.02567110935759983,38,8,exchange,Iran,investment,retail,0,1,0,0,0,11,suspicious,2023-01-17 19:00:00
16065.838852069643,46,15537.627049521983,12,0.3660083202931657,0.14521374199821002,0.24185751320086796,0.056243017983346515,73,7,withdrawal,Kuwait,investment,unknown,0,0,1,0,0,14,clean,2023-12-11 12:00:00
9587.892866411148,14,21012.63270954686,43,0.30692337671171727,0.5159832156312363,0.09376988838841961,0.32972307214570745,13,12,transfer,Russia,charity,NGO,0,0,0,0,0,6,suspicious,2023-03-13 22:00:00
31823.558089535396,54,23938.577633460343,46,0.62069081559791,0.43661663547354135,0.11990251881750634,0.15477896942772498,48,2,payment,Offshore,investment,unknown,0,0,0,0,0,12,suspicious,2023-04-29 00:00:00
3645.2332044944587,45,6474.316839102521,27,0.20658351766602928,0.22277582916498864,0.04222321465654189,0.2971112575227492,117,5,exchange,Unknown,business,finance,0,0,0,0,1,15,suspicious,2023-04-23 20:00:00
16989.35667575167,44,3336.4988428146485,18,0.47501390442189584,0.3850060536154314,0.04626661455616685,0.0019147386704620492,116,13,withdrawal,Unknown,business,unknown,0,0,0,0,0,5,suspicious,2023-11-17 19:00:00
14037.919467646352,24,26132.955907563246,45,0.40347417214603093,0.41080121409910925,0.09545470087881915,0.012343575736425184,24,4,exchange,Saudi Arabia,charity,NGO,0,1,0,0,0,11,clean,2023-05-23 06:00:00
5249.777930852385,41,6342.085597309948,36,0.3260622543260212,0.3548649367077289,0.3327854052511085,0.2015346464549045,36,2,withdrawal,Iran,personal,NGO,0,0,1,0,0,3,suspicious,2023-04-23 15:00:00
2203.1736372103132,1,531.2787369487647,49,0.3865486476689197,0.6709224558275617,0.10547589745693547,0.004955332595258273,20,4,exchange,Kuwait,investment,NGO,0,1,0,0,0,3,suspicious,2023-08-20 17:00:00
15817.772453781427,51,8235.150262449044,27,0.5367704667480959,0.27935214746286424,0.08123843818018134,0.10648809870779283,43,9,payment,Kuwait,charity,unknown,0,0,0,0,0,10,clean,2023-05-08 22:00:00
20125.406306782064,43,7087.736426247784,9,0.07320694357113551,0.4812589731582702,0.009572066051951966,0.038528459730858826,109,10,exchange,Kuwait,investment,finance,0,0,0,0,0,10,clean,2023-09-13 13:00:00
5688.790359902651,55,18090.998029428563,39,0.024740654402524816,0.09537208288643698,0.05164730162117553,0.3733710915789539,57,2,transfer,Russia,business,real_estate,0,0,0,0,0,5,suspicious,2023-05-15 01:00:00
15527.490940207472,22,8471.760756906437,1,0.125698187079109,0.2172386107030738,0.016278346765332612,0.1914416395062351,65,10,deposit,Egypt,business,unknown,0,0,1,0,0,9,clean,2023-03-15 02:00:00
7541.1483087205115,23,3434.6093531441525,7,0.14212603032564583,0.14345939332357852,0.0578638405648369,0.1353555017240599,60,10,withdrawal,UAE,charity,construction,0,0,0,0,0,10,clean,2023-10-02 00:00:00
18734.91256249126,56,27104.447054763852,26,0.43161334040956784,0.08173139689438674,0.02394270404925143,0.0896527866090979,99,13,deposit,Jordan,investment,real_estate,0,0,1,0,0,11,suspicious,2023-01-07 10:00:00
3332.446885591065,54,12940.546436720688,7,0.3330582143916306,0.21540561622249005,0.21802242798791824,0.22818738390016172,43,6,payment,Offshore,business,real_estate,0,1,0,0,0,2,suspicious,2023-09-18 11:00:00
33138.470929094874,19,7963.052873052168,7,0.375775974937213,0.218597496663107,0.17013278800176662,0.216481778667218,84,4,payment,Saudi Arabia,investment,NGO,0,0,1,0,0,2,clean,2023-09-17 10:00:00
5082.727391019282,18,2772.9505947481307,8,0.23063654141205273,0.5315595627398809,0.3263582105323794,0.07630441350174098,104,8,deposit,UAE,business,finance,1,0,0,0,0,14,clean,2023-09-06 19:00:00
6877.909727825084,12,3741.3666116009967,16,0.1850641188515501,0.49162057964263073,0.09474554492522204,0.19841007472985064,65,13,payment,Iran,business,retail,0,0,0,0,0,17,suspicious,2023-05-17 20:00:00
897.7143426555913,55,8868.57191658789,3,0.2727026720103302,0.19626137923317413,0.00032344771618169797,0.19166666553937992,115,4,payment,Iran,business,NGO,0,0,1,0,0,8,suspicious,2023-11-18 20:00:00
1773.5156453506704,28,597.6230132016112,45,0.16510082836618412,0.2428500161175782,0.01711401279179281,0.024735056850034718,46,9,withdrawal,Kuwait,business,NGO,0,0,0,0,1,17,suspicious,2023-04-18 01:00:00
10880.776319826091,28,2373.0354922667166,10,0.37378633176864506,0.07992055909324994,0.13472555634795585,0.08907385993994633,62,10,withdrawal,Egypt,personal,unknown,0,1,0,0,0,13,suspicious,2023-09-27 02:00:00
4671.277008385869,59,10011.337131321074,7,0.37103015915458937,0.6762048745899782,0.24615964733879164,0.00648327289175559,114,3,withdrawal,Iran,charity,unknown,0,0,1,0,0,6,suspicious,2023-10-19 09:00:00
27070.867616205094,33,5231.696511162014,21,0.21882367382306425,0.441389354019119,0.11395373677569813,0.24326703069255876,70,7,transfer,Russia,investment,retail,0,1,0,0,0,2,suspicious,2023-09-18 07:00:00
222.0360854166256,19,4118.58301470955,37,0.20304737257423808,0.1964497079691518,0.06417671705847883,0.1423075142898701,105,5,transfer,UAE,business,unknown,0,0,0,0,0,18,clean,2023-07-23 14:00:00
7148.6348348206075,28,1313.8820113503964,31,0.09514108134535071,0.14014066355683333,0.028234000990417243,0.5329792481995529,26,14,transfer,Iran,business,construction,0,0,0,0,1,7,high_risk,2023-03-13 20:00:00
6172.524170124645,59,4665.006445290117,23,0.21546064989826266,0.3253214154142172,0.4702237163588495,0.1990714231310865,29,11,transfer,Kuwait,business,retail,0,0,0,0,0,5,clean,2023-02-21 23:00:00
292.7527750481567,52,11781.512587374758,27,0.47556019419531037,0.5160296733500114,0.05847791391535605,0.08218368201669879,41,1,deposit,Russia,charity,finance,0,0,0,0,0,1,clean,2023-12-01 23:00:00
1992.1473495688306,49,2452.340914460884,22,0.4695536977191336,0.40493252878405134,0.05727465835689327,0.04563572247012561,15,3,withdrawal,Egypt,investment,retail,0,1,0,0,0,18,clean,2023-07-26 13:00:00
8007.388582136182,37,100.0,39,0.2056177164123742,0.2059716740528012,0.05621797176031731,0.206226333249069,101,9,payment,Egypt,charity,real_estate,0,0,0,0,0,4,clean,2023-10-28 22:00:00
10184.65828850988,26,8833.138033877556,27,0.0407617937031796,0.09769848473507951,0.11299148282209036,0.09154337955476984,19,13,exchange,Jordan,charity,finance,0,0,1,0,0,16,clean,2023-01-05 20:00:00
7770.013248595829,35,28785.469615771068,49,0.3324952409553065,0.373788175311721,0.0016451753494173425,0.026689220327220497,73,9,transfer,Iran,business,real_estate,1,0,0,0,1,6,high_risk,2023-04-08 14:00:00
11355.294562699839,34,7468.035603514458,4,0.15526451604861916,0.5758619883226171,0.16900061515998646,0.5947399943847594,105,5,payment,Saudi Arabia,investment,finance,0,0,0,0,1,17,suspicious,2023-03-31 06:00:00
13562.900819452752,35,1021.9566302268832,24,0.44057986047190156,0.3718953395096665,0.05042847164522425,0.10837743654204407,59,14,withdrawal,Unknown,business,retail,0,1,0,0,0,16,suspicious,2023-02-02 15:00:00
149.60085687229076,40,3093.9291146594614,23,0.3175968511782659,0.07065721571967729,0.159767304231235,0.16107238983128253,81,5,deposit,Offshore,charity,real_estate,0,0,0,1,0,8,suspicious,2023-12-30 04:00:00
9356.980049499283,16,16177.935963686848,48,0.544375238193684,0.3940503944289603,0.01680494756269282,0.06187715909992862,96,11,payment,Iran,personal,finance,0,0,0,0,0,13,suspicious,2023-10-19 19:00:00
49656.33331514457,38,2117.6439964369515,19,0.3620873069539175,0.13560633984582293,0.12315098385751186,0.0781454482741414,28,4,exchange,Jordan,personal,unknown,0,0,0,0,0,4,clean,2023-08-06 10:00:00
10979.326823772384,13,7485.743868411834,42,0.27725482410004454,0.1674215650585051,0.14246728497016437,0.09621038793388526,15,14,payment,Russia,charity,real_estate,0,0,0,0,0,5,suspicious,2023-06-14 17:00:00
16976.748198358448,23,4122.300617984526,3,0.10960132519747924,0.1455273990971638,0.11058593702215323,0.08969454845380705,58,4,withdrawal,Kuwait,business,construction,0,1,1,0,0,11,clean,2023-01-29 21:00:00
5606.5286953482055,54,1863.9726815455106,27,0.20074856464238042,0.14803264667282987,0.07224543342350655,0.2171259297305385,53,4,payment,Iran,business,finance,0,0,0,1,0,3,suspicious,2023-02-22 22:00:00
22307.731960064964,22,13430.599474048138,3,0.3750281634930069,0.4144300530446089,0.06405317940705785,0.07412775615878663,42,2,deposit,Egypt,investment,NGO,0,0,0,0,0,18,clean,2023-06-05 09:00:00
22236.8913973452,16,10864.183181518933,28,0.3664380882271267,0.38670692601237655,0.42391825850734616,0.06596159535038283,28,7,withdrawal,Egypt,investment,NGO,0,0,0,0,0,12,clean,2023-01-08 09:00:00
11050.093893041349,28,8668.002006151764,17,0.2258154658995836,0.03158300392354883,0.050467089996420134,0.1622549661007737,73,3,transfer,Offshore,personal,NGO,0,0,0,0,0,3,clean,2023-06-29 10:00:00
55954.16376803767,48,2157.025200568647,31,0.16747062283118347,0.3090210687453769,0.045282865581332814,0.020576932126826895,91,1,withdrawal,Egypt,business,NGO,1,0,0,0,1,11,suspicious,2023-06-11 12:00:00
2012.4061092656234,35,823.8579032868158,10,0.5600074306069994,0.19433421819577326,0.06422565543938451,0.06849943251587763,19,12,payment,Offshore,charity,unknown,0,0,0,0,0,15,suspicious,2023-09-20 03:00:00
256.393800877008,45,6867.181378110508,49,0.06089370830660354,0.35756161968495775,0.1663768041220664,0.12411559851567164,71,11,exchange,Russia,business,unknown,0,0,0,0,1,3,high_risk,2023-12-27 13:00:00
22055.46125939674,46,6453.713931235762,22,0.09190264073487456,0.24351617774585235,0.11719458637461717,0.25399487658639724,89,10,withdrawal,Egypt,business,NGO,0,0,0,0,0,7,clean,2023-03-28 02:00:00
24688.069620989194,8,1669.8336055362183,30,0.2242230043794662,0.3313766221527055,0.24262532920706525,0.32354172037504564,94,3,withdrawal,UAE,charity,NGO,0,1,1,0,1,6,suspicious,2023-07-02 10:00:00
1921.0333031770597,44,463.12380570109644,49,0.6789118136004499,0.28910362873818984,0.005708321643876056,0.14540464376335946,77,9,withdrawal,Unknown,personal,retail,0,0,0,0,0,3,suspicious,2023-12-13 03:00:00
4630.170965220523,55,673.2157159457429,21,0.40659291901075123,0.22634642320965156,0.08181153233056077,0.3017429352754561,2,12,withdrawal,Russia,charity,NGO,0,0,0,0,0,6,suspicious,2023-05-26 05:00:00
265.62349059697505,55,39437.221593991904,36,0.3888117089859088,0.1317410003800484,0.14608709311643484,0.1885671262086028,18,9,payment,Russia,business,NGO,1,0,0,0,0,1,suspicious,2023-06-02 12:00:00
5207.418237774849,22,12244.418489799711,23,0.4119409938113838,0.30189992487972683,0.29813217048007784,0.20372515267106794,117,10,transfer,Egypt,charity,retail,0,0,1,0,1,14,suspicious,2023-10-09 08:00:00
22251.456781921683,21,20407.08720506067,38,0.7265128119416652,0.32400148388071215,0.11257752341291588,0.0949180094412643,40,7,exchange,UAE,investment,NGO,0,0,0,0,0,3,clean,2023-05-18 09:00:00
10945.93913358105,26,1735.8478544603897,12,0.35065130696585634,0.07036609439121157,0.05657807241860315,0.03502657407046656,53,1,withdrawal,Unknown,investment,NGO,0,0,0,0,0,19,clean,2023-01-01 23:00:00
6417.860146400124,40,25865.529687158443,25,0.09309033545632964,0.43599209875184536,0.21756509602202387,0.09523053745450502,8,6,exchange,Jordan,investment,real_estate,1,0,0,0,0,8,clean,2023-01-03 15:00:00
6972.000947390481,21,1231.312942898151,20,0.4939460764817255,0.30477273376278224,0.20519877372487247,0.11102430584401596,84,10,payment,Jordan,investment,real_estate,0,1,0,0,0,19,suspicious,2023-02-23 02:00:00
100.0,25,5691.822576276961,49,0.08883116287595816,0.486393860550187,0.06448531028400095,0.335628001154243,9,1,transfer,Kuwait,charity,construction,0,0,0,0,0,18,clean,2023-07-16 00:00:00
5345.850358668105,41,14161.346804576953,49,0.07049262772867472,0.13899213418054496,0.3292250369719476,0.3181231776952167,77,2,withdrawal,Saudi Arabia,personal,unknown,0,0,0,0,0,5,clean,2023-06-05 02:00:00
15596.326298407761,1,3443.8434426019203,42,0.3534065536958251,0.2600980259211277,0.06799001428627406,0.19640042985186668,116,3,transfer,Russia,personal,finance,0,0,0,0,0,19,suspicious,2023-02-05 19:00:00
54857.48181427769,6,4424.696635743257,7,0.09259216772602162,0.3254322724660955,0.09476980832450833,0.23722131222648923,21,11,withdrawal,Unknown,investment,construction,0,0,0,0,0,10,clean,2023-05-23 08:00:00
28165.72497937037,23,1097.425280490884,29,0.14771404421775688,0.3806355418498121,0.17937606470812664,0.07944611915736786,92,11,withdrawal,Kuwait,business,NGO,0,0,0,0,0,16,clean,2023-07-17 23:00:00
358.1667512327475,51,1049.2737134323372,48,0.5929285899745442,0.32201050058305214,0.1856649716124165,0.05555179448024894,44,14,deposit,Saudi Arabia,charity,construction,0,0,0,0,0,19,suspicious,2023-12-03 08:00:00
34324.40623833388,23,7731.587365786792,29,0.40885742819996324,0.27444193744550416,0.331178002358624,0.23736569418613676,60,6,exchange,Unknown,business,construction,0,0,0,0,1,8,suspicious,2023-09-04 04:00:00
22931.590360652288,43,9004.555976221014,13,0.045547283919111003,0.526302998254573,0.6538790228147682,0.18213773671569095,71,11,transfer,Jordan,investment,NGO,0,1,0,0,0,9,suspicious,2023-09-30 13:00:00
22737.58272523499,43,12016.605718790259,3,0.14268061851909966,0.5181351631623552,0.11294089830289598,0.31030499351045554,31,7,exchange,Saudi Arabia,charity,finance,0,0,0,0,0,2,clean,2023-07-21 08:00:00
9187.221792846689,23,6507.744418671027,2,0.26678591209851554,0.30050006682625535,0.2043942471241592,0.1976876371980019,117,8,exchange,Jordan,investment,NGO,0,0,0,0,1,13,suspicious,2023-11-17 20:00:00
7612.599389927936,32,8302.229052452212,16,0.14100554301178997,0.3171346063962513,0.12037448517319366,0.11292613131591327,87,9,exchange,UAE,charity,construction,1,1,0,0,0,14,suspicious,2023-01-29 09:00:00
5412.734549734695,30,108.87569384995842,30,0.34122796121358734,0.25539265156033225,0.028998573039757364,0.5723136887711082,13,7,transfer,Kuwait,investment,retail,0,1,0,0,0,17,suspicious,2023-04-13 02:00:00
1019.282859514063,13,1415.527447387665,38,0.2885988523391083,0.24155032197842918,0.0027912639526998157,0.3028398023037986,45,6,withdrawal,Offshore,personal,retail,0,0,0,0,0,10,clean,2023-11-28 11:00:00
3886.1347564954126,43,33552.31116411137,6,0.26952643939988885,0.1845576577487615,0.15449602470269552,0.1393029814776636,100,5,withdrawal,Offshore,charity,retail,0,0,1,0,0,6,suspicious,2023-08-02 10:00:00
4247.457127514,18,632.2894365474313,45,0.34498865508506427,0.18185887153852404,0.025866959832337253,0.009907410072610536,2,10,withdrawal,Egypt,personal,construction,0,0,0,0,1,13,suspicious,2023-01-28 09:00:00
9926.968268390505,23,9085.237037198343,7,0.16451543256182144,0.533847063639259,0.15211889324528105,0.3728928979243287,34,2,withdrawal,UAE,investment,construction,0,0,0,0,0,13,clean,2023-11-26 04:00:00
20641.858239100737,15,1549.4802952544235,5,0.19406878988344445,0.2155382216585564,0.01278269227372812,0.00017179769059040803,69,8,withdrawal,Russia,charity,unknown,0,1,0,0,0,17,suspicious,2023-07-03 18:00:00
9631.388829234824,33,10090.515830743134,7,0.3321122998252602,0.02898773609870051,0.06559013838360195,0.0017845495826677707,66,5,withdrawal,Russia,business,real_estate,0,0,0,0,0,5,clean,2023-02-04 10:00:00
893.7733509372613,21,9793.142953518474,34,0.7344017986658866,0.10231653560751011,0.03933970021039504,0.017569680654793564,62,10,payment,Russia,business,unknown,0,1,0,0,0,15,high_risk,2023-12-03 09:00:00
47476.40106595135,57,2134.664097507546,32,0.47021405735055877,0.4590769972518292,0.029663049102588834,0.14975854153923068,47,2,payment,Unknown,charity,NGO,0,0,0,0,0,5,suspicious,2023-01-05 14:00:00
42898.187435280655,39,2513.680377778272,49,0.32693150234897567,0.15931480014604532,0.00820385423236348,0.1876021663750716,98,3,withdrawal,Saudi Arabia,personal,retail,1,0,0,0,0,19,suspicious,2023-09-22 21:00:00
23069.988535918765,23,8508.371875548646,13,0.17419282084143226,0.05753137344533476,0.17616795981828137,0.05865319496764255,2,10,transfer,Unknown,investment,real_estate,0,0,0,0,0,2,suspicious,2023-05-12 17:00:00
71214.66725039916,27,3955.499031548378,30,0.41213394539789133,0.37055777649961036,0.049195363403272685,0.1623401688833684,84,10,exchange,Iran,personal,unknown,0,0,0,0,0,9,clean,2023-05-18 21:00:00
11794.811649694346,45,1730.813046708132,25,0.1478155536971911,0.17150492530550265,0.13700065523412439,0.18981648007086738,72,12,exchange,Jordan,personal,finance,1,0,0,0,0,11,suspicious,2023-10-12 05:00:00
49358.9411967435,44,10524.587885057004,21,0.09411774221382996,0.34669815184306585,0.1096895543602771,0.31948541693502863,87,7,transfer,Unknown,charity,finance,0,1,0,1,0,7,suspicious,2023-09-22 19:00:00
1179.2378017375474,18,1339.2825058382966,21,0.07027899839349294,0.28963263152796337,0.06076392646586022,0.4624314981615333,37,10,payment,Iran,business,finance,0,0,0,0,0,19,clean,2023-03-21 00:00:00
6828.043494694153,24,15483.763852205646,28,0.31475171688632547,0.1538181856359661,0.025745058945575466,0.045465317631032266,80,8,exchange,Unknown,investment,retail,0,0,0,0,1,1,suspicious,2023-03-04 18:00:00
3830.764940978866,51,5783.4018110429715,48,0.6441086169709259,0.056864729471338464,0.19558471677298017,0.03745361603942475,119,5,payment,Jordan,personal,real_estate,0,0,0,1,0,18,suspicious,2023-03-29 18:00:00
3269.226368284623,47,893.7173190706923,20,0.2536260710884068,0.03878048997177612,0.0904012217626469,0.23921946068563332,86,10,deposit,Offshore,business,retail,0,1,0,0,0,6,suspicious,2023-03-26 20:00:00
2276.354810566275,40,9475.252712488504,34,0.2087256832146412,0.3059862923278661,0.244012183530203,0.017803450524717653,63,8,exchange,Egypt,personal,finance,0,0,0,0,0,16,clean,2023-04-11 05:00:00
14609.339585879716,51,5857.816207604799,5,0.33872086779105137,0.5554534812385458,0.06382402370649969,0.37190014937256055,56,13,deposit,Saudi Arabia,charity,construction,1,1,0,0,0,2,suspicious,2023-10-05 17:00:00
22802.314366847397,42,2831.231115385101,18,0.15957730345964322,0.7610765512005323,0.24843156102919245,0.03446899275135168,46,14,deposit,Kuwait,charity,retail,0,1,0,0,1,9,high_risk,2023-04-08 08:00:00
12951.8598404374,7,4392.9202382008725,39,0.07183182905290642,0.3809734054264091,0.03277915348440249,0.21251594506739616,63,10,deposit,Kuwait,personal,real_estate,1,0,0,0,0,10,suspicious,2023-07-20 22:00:00
2384.2802350173774,50,2834.4248556110288,43,0.07163942544616544,0.21475381395371912,0.19276755638708104,0.1138824706077655,8,13,deposit,Saudi Arabia,business,retail,0,0,0,0,1,17,suspicious,2023-11-11 08:00:00
24999.950187219813,48,2441.619541513467,11,0.26251136451979673,0.4910878802283348,0.03612941042558189,0.0454257652886947,55,10,withdrawal,Jordan,personal,real_estate,1,0,0,0,0,4,suspicious,2023-04-02 22:00:00
15157.154823260955,20,1429.2670355255518,17,0.6343851443155609,0.04042132284310251,0.09334204053455716,0.008747094060035102,117,6,withdrawal,UAE,investment,NGO,0,0,0,0,0,14,clean,2023-09-09 07:00:00
7369.406921666713,27,3604.9609771253204,48,0.2756614392020129,0.5293118802205716,0.07361556628555672,0.015571814433981193,118,2,transfer,Saudi Arabia,personal,construction,0,0,1,0,0,17,clean,2023-11-26 04:00:00
16818.86485600602,6,2311.9937167269145,45,0.1790340546316495,0.08732109539424301,0.0031680451724303707,0.03565382169925467,107,12,exchange,Unknown,investment,unknown,0,0,0,0,0,6,clean,2023-01-31 06:00:00
4514.6504189807565,27,9201.800535096227,22,0.3816601101453013,0.07592915640376953,0.44526541502277406,0.4308371832616192,43,14,transfer,Offshore,personal,real_estate,0,0,0,0,0,9,suspicious,2023-03-29 04:00:00
6351.2030174094425,9,9212.984654711265,37,0.10840298155514187,0.2615682363174366,0.04424837023354342,0.08337143853261095,90,12,deposit,Jordan,investment,real_estate,0,0,0,1,0,11,suspicious,2023-12-09 08:00:00
37421.78102944057,53,5574.675642569114,20,0.4778770913720681,0.2436865689825008,0.011292920742499341,0.48115208486139627,104,2,transfer,Egypt,business,finance,1,0,0,0,0,8,clean,2023-07-05 23:00:00
5148.01699335696,45,12038.624416511324,48,0.3832139254780049,0.09032233416294949,0.10673885095706599,0.019785788923687604,23,8,withdrawal,Russia,personal,finance,0,0,0,0,0,15,suspicious,2023-01-10 02:00:00
9522.842056948413,57,14727.919680521203,48,0.3376969161903293,0.780450929449418,0.06649759338665939,0.1253361083363495,16,4,payment,Iran,personal,construction,0,0,0,0,0,6,suspicious,2023-02-16 12:00:00
33128.382063926256,31,6935.557348139121,48,0.4068912573641517,0.19431883626978186,0.03969865447762906,0.12147075772665678,85,8,payment,UAE,investment,NGO,0,1,0,0,0,17,suspicious,2023-07-03 04:00:00
18450.714777655983,21,7718.28593487906,46,0.17377311959932726,0.2401458634848046,0.06102177226953538,0.16555745457327875,104,9,payment,Kuwait,charity,NGO,0,0,0,0,0,7,clean,2023-07-03 02:00:00
963.3301871110913,26,2660.162635233223,6,0.22919053715853097,0.293673460799989,0.16436813928360844,0.4611315294614422,52,6,payment,Russia,business,retail,0,0,0,0,0,11,clean,2023-03-10 06:00:00
2390.2659510698363,40,18020.399972064395,34,0.20681889115117724,0.21259965350529514,0.16438513180201028,0.02110065484802649,93,9,payment,Egypt,charity,unknown,1,0,1,0,0,7,suspicious,2023-05-08 14:00:00
118.08746585960422,48,196.03060755827843,14,0.5269881654449234,0.10874830680049816,0.06750285454605451,0.044374906460478876,54,6,exchange,Saudi Arabia,charity,unknown,0,0,0,0,0,5,clean,2023-05-28 21:00:00
14951.200602022373,45,3429.0814169987725,48,0.33055952082522466,0.36604460982656384,0.03255280199993407,0.02266845150057428,84,11,deposit,Russia,personal,construction,1,0,0,0,0,16,high_risk,2023-03-07 00:00:00
8904.236805153507,13,10235.332118161636,23,0.16446815888728605,0.14087508388826558,0.0737724720364032,0.12650788696280246,76,14,withdrawal,Iran,personal,unknown,0,0,0,0,0,12,clean,2023-04-24 16:00:00
2162.8170088515526,49,667.8312543452895,20,0.0472596002895931,0.3648962124294972,0.11948062925105084,0.2926278945494377,37,3,payment,Offshore,personal,retail,0,0,0,0,0,12,clean,2023-06-26 13:00:00
47527.77514972833,23,1618.5896445236028,13,0.2313698073948104,0.23358240343896447,0.11291384265104125,0.36609535566954343,90,8,exchange,Offshore,charity,finance,0,0,0,0,0,3,clean,2023-09-07 23:00:00
11314.482819426941,20,7118.860062907014,47,0.3622282035755398,0.29298813085105113,0.03405334129366725,0.18806314881377223,67,1,withdrawal,Iran,business,NGO,0,1,0,0,0,17,suspicious,2023-11-08 16:00:00
4153.966954638071,37,6567.729353087175,44,0.3964908477699954,0.4671752171549962,0.06211910480009095,0.09229470522309727,18,6,payment,Jordan,investment,construction,0,0,0,0,0,4,clean,2023-03-06 17:00:00
10415.325780787734,54,10743.68145538015,41,0.3675442016428511,0.8818070263246572,0.17696802485670587,0.07457259566261407,59,3,deposit,Offshore,investment,unknown,0,1,0,0,0,6,high_risk,2023-07-28 19:00:00
17073.727894098844,53,13396.618847143294,32,0.3277676586845277,0.018258313453566592,0.18097954762502527,0.2531662284180753,1,10,transfer,Iran,investment,NGO,0,1,0,0,0,18,high_risk,2023-12-16 14:00:00
1189.5320215507622,28,1101.0458424817728,26,0.29726297397249934,0.3375730897985383,0.011262533358415094,0.2140609423021199,19,10,deposit,Kuwait,business,construction,0,1,0,0,1,16,suspicious,2023-08-08 20:00:00
4817.6276487763935,17,148.41615362660517,14,0.34353163077489624,0.17472358499309434,0.10750383378370508,0.19823055999977618,13,3,deposit,UAE,charity,construction,0,1,0,0,0,15,clean,2023-10-29 09:00:00
24673.29453526278,28,9360.14076170386,36,0.25131705588751,0.4251783434893634,0.12313519582593634,0.009490575063051513,107,9,payment,UAE,charity,real_estate,0,0,0,0,0,2,clean,2023-04-02 03:00:00
9233.485823360208,41,2869.3216228555857,8,0.4465343515882104,0.2164432223236678,0.18322212291813425,0.42033595409492824,33,7,transfer,Offshore,business,real_estate,1,1,0,0,0,14,high_risk,2023-09-09 12:00:00
11863.951914087053,2,7867.6517726238835,40,0.1287210556657181,0.24299185294428768,0.009583401368116045,0.07433872842932188,94,13,transfer,Russia,personal,construction,1,0,0,0,0,16,high_risk,2023-01-26 08:00:00
8506.072752034668,25,1305.2786133312727,22,0.1243410487972365,0.3004718861810968,0.09779395318361819,0.15243847012559936,22,14,withdrawal,Iran,business,NGO,0,0,0,0,0,3,clean,2023-01-03 21:00:00
673.3906335023554,58,5064.549424274091,22,0.16714434793128735,0.21172384550290757,0.12748019393982443,0.16809183780888118,27,2,exchange,Offshore,charity,real_estate,0,0,0,0,0,9,clean,2023-04-25 11:00:00
2718.3284613779047,50,5616.288495984458,16,0.29555705301355356,0.06311962552257515,0.14810796549943242,0.054402844090438815,50,6,withdrawal,Russia,investment,unknown,0,0,0,0,0,4,clean,2023-01-30 02:00:00
8846.45351133414,41,7037.3142853325,27,0.15912060190403712,0.12256992878689871,0.027988527362915152,0.11029766261227393,115,12,payment,Jordan,investment,construction,0,0,1,0,0,11,clean,2023-02-16 11:00:00
3520.37712373536,6,5758.7226108864315,10,0.41689708156611155,0.384865895334887,0.07540479624167047,0.3366733961242632,77,13,transfer,Offshore,investment,real_estate,1,1,0,0,0,7,suspicious,2023-06-29 12:00:00
769.0682930419026,11,5476.525183382456,25,0.06062187909024173,0.1910247337771487,0.12106470329260131,0.18424267258170005,72,4,deposit,Egypt,personal,unknown,0,0,0,0,1,7,clean,2023-06-13 01:00:00
27834.84069581146,57,3236.533941879887,31,0.4655086712957165,0.4140053456226966,0.27903964746699805,0.41694927279267985,53,10,deposit,Saudi Arabia,personal,finance,1,0,0,1,0,13,high_risk,2023-07-03 14:00:00
59602.51654792859,38,590.7245607803751,21,0.35350241619862255,0.07525755517556634,0.08596026441812413,0.03471166571683562,60,11,exchange,Jordan,business,finance,0,0,0,0,0,7,clean,2023-07-20 15:00:00
23635.904048516135,6,750.2684972382489,27,0.535167501763182,0.3599096998032367,0.19422110587318075,0.15205316956036424,50,7,payment,Saudi Arabia,investment,NGO,1,0,0,0,0,10,clean,2023-10-20 21:00:00
28840.149034042173,45,4550.156289275509,17,0.40369597795061435,0.34788866580674876,0.11093647256482145,0.1297263442939639,66,4,payment,Saudi Arabia,personal,construction,0,0,0,0,0,15,clean,2023-09-03 19:00:00
4155.62584063817,11,3517.882994955977,33,0.1709117744217246,0.1260712442946289,0.06596849240583279,0.2569270684786053,115,7,withdrawal,Offshore,charity,retail,1,0,0,0,1,11,high_risk,2023-11-23 07:00:00
48520.11532288182,14,5807.591464917792,31,0.23556251037032797,0.08159785085125228,0.14242508778380536,0.02837214389136542,83,6,transfer,Kuwait,business,unknown,0,0,0,0,0,13,clean,2023-06-25 11:00:00
3289.6207026206735,2,2908.8848842537095,42,0.21961190855203933,0.25355157667138173,0.1112851831517454,0.2487401668709265,24,8,transfer,Russia,charity,NGO,0,0,0,0,0,6,clean,2023-01-27 02:00:00
45371.17977303077,40,9315.711714182198,26,0.43455289422572424,0.49214991661330554,0.011554028177597722,0.1307765841338892,69,7,exchange,Offshore,charity,NGO,1,0,0,0,0,4,suspicious,2023-03-26 22:00:00
78942.20897983943,3,15958.146058422357,21,0.32368889586047966,0.17390503348652103,0.07461281626959965,0.05346808353745241,8,9,deposit,Unknown,investment,NGO,0,0,1,0,1,11,suspicious,2023-11-16 13:00:00
18657.49172527023,55,2840.417961663852,36,0.03619485112125875,0.5847827580100772,0.04519670816308449,0.009434609897484512,20,4,withdrawal,UAE,charity,construction,1,0,0,0,0,9,suspicious,2023-08-14 04:00:00
59563.64834139669,53,1715.294353826193,1,0.0943199699424694,0.5811795345892119,0.10328725023190435,0.10941986184221039,99,9,exchange,Egypt,investment,real_estate,0,0,0,0,0,5,clean,2023-03-05 13:00:00
12643.505438391094,35,988.0200538284284,4,0.28715107475269647,0.1064300253939051,0.18131719648867126,0.0997869939845836,66,5,transfer,Iran,business,finance,1,1,0,0,0,9,suspicious,2023-08-28 22:00:00
4507.291087384792,33,7662.196074487343,4,0.4479047764483488,0.21502588880997275,0.1387459378185577,0.1012748344780965,70,13,withdrawal,Jordan,charity,real_estate,0,0,0,0,0,9,clean,2023-04-04 07:00:00
8617.025144892144,24,4693.824076228356,26,0.46651001766224964,0.31933392751403894,0.05803364688316024,0.3093240901694186,59,11,payment,Iran,investment,unknown,0,0,0,0,0,12,clean,2023-01-08 10:00:00
13504.818956424268,19,1666.1943612868565,4,0.3364748732451321,0.22911738830727246,0.08657202851841479,0.319146689399487,80,9,deposit,Russia,charity,construction,0,0,0,0,0,19,suspicious,2023-03-05 19:00:00
1138.345533207658,18,8470.59696607832,49,0.4319839342293509,0.15423763518112937,0.004180894131297497,0.10022027176390429,47,14,transfer,Iran,personal,NGO,0,0,0,0,0,12,suspicious,2023-06-17 14:00:00
14606.544050924265,49,1285.888233819404,9,0.5690253761537397,0.5892633128462981,0.05960539375228378,0.21805038439805843,36,11,transfer,Unknown,personal,finance,0,0,0,0,0,3,suspicious,2023-01-09 02:00:00
59590.803118130825,52,6464.886261718935,30,0.4289132471010129,0.34013754385950185,0.18530717485155668,0.48132277701849746,2,4,exchange,UAE,charity,unknown,0,1,1,0,0,4,suspicious,2023-07-19 13:00:00
3162.8091167300054,24,5991.789143440116,45,0.4447287219533442,0.0656073133537984,0.17922594777200657,0.06310744184106397,64,3,deposit,Iran,personal,finance,0,0,0,0,0,19,suspicious,2023-05-12 21:00:00
23596.236542343675,45,10600.925860423293,4,0.32177975943000325,0.5525196012448969,0.005212071901172847,0.31370857792122836,78,14,transfer,Jordan,business,NGO,0,1,0,0,0,18,suspicious,2023-07-25 18:00:00
35773.00858426886,35,453.4910345647804,5,0.05837751843420821,0.11743413099710463,0.08370416742453424,0.41342048623892047,38,7,transfer,Saudi Arabia,personal,finance,1,1,1,0,1,12,high_risk,2023-03-16 04:00:00
43156.33553838744,1,17504.98010996904,45,0.3444678254556795,0.23441910051775694,0.14075771621354272,0.23364345045248658,116,4,transfer,Egypt,business,construction,0,1,0,0,0,14,suspicious,2023-04-20 10:00:00
48334.07541672298,36,9711.962259807598,23,0.47359198770538247,0.05745303482839897,0.06582756345796477,0.02918854439930485,26,5,exchange,Kuwait,investment,construction,0,0,0,0,0,6,clean,2023-01-23 09:00:00
11055.220830854316,25,1948.055869814872,16,0.0803571693100165,0.22147001514277578,0.0022750298787093362,0.05101592823150312,20,3,transfer,Kuwait,business,retail,0,0,1,0,0,15,clean,2023-05-02 12:00:00
56786.08177289034,45,1620.8995997667396,22,0.21818118975536877,0.32820636464199426,0.19723466632217154,0.13200255498163949,93,6,exchange,Offshore,investment,retail,0,0,0,0,0,19,suspicious,2023-12-25 04:00:00
21239.568355862604,49,4520.2865966750505,37,0.06079755340143725,0.31954610745757905,0.16671290591075508,0.16524183635880033,4,13,payment,Saudi Arabia,personal,retail,0,1,0,0,0,9,suspicious,2023-07-31 04:00:00
2645.177617212844,43,13610.905121228518,8,0.2914748598409846,0.3395313584226115,0.026671333614509192,0.021082219965182787,84,4,payment,Kuwait,investment,retail,1,0,1,0,0,16,suspicious,2023-08-04 17:00:00
9719.742482074804,34,14809.528074491524,48,0.39225021796197856,0.5930274353817457,0.09442740813326514,0.09023116976147012,88,1,payment,Unknown,personal,NGO,0,0,0,0,1,6,suspicious,2023-03-28 01:00:00
19005.349183818777,25,5879.35855004636,33,0.2760790049310858,0.3987061056153105,0.08882112663536493,0.18777560982120023,65,2,payment,Iran,investment,real_estate,0,0,1,0,0,5,suspicious,2023-05-21 15:00:00
4262.131499696939,16,15775.37256535585,38,0.24396758782911462,0.14521468780743563,0.23348798514133956,0.013789644731172414,89,8,withdrawal,Unknown,business,retail,0,1,0,0,1,11,high_risk,2023-05-22 07:00:00
15350.423286920293,34,100.0,43,0.05864700602058184,0.3352447709963075,0.04506923477437343,0.34786560022255797,14,4,withdrawal,Jordan,charity,real_estate,0,1,0,0,0,2,clean,2023-02-21 07:00:00
16476.206182784445,29,286.46527469653313,16,0.1864878792231956,0.0969005611066092,0.08423225560446929,0.15777479676688103,35,12,payment,Iran,charity,finance,0,0,0,0,0,8,suspicious,2023-06-11 23:00:00
2663.588156977644,19,19427.145374060266,5,0.5036119626139118,0.192426330558785,0.042113617052066545,0.02183182736901738,117,10,payment,Egypt,charity,real_estate,0,0,0,0,0,19,clean,2023-07-26 09:00:00
12489.080815629868,23,11945.049679670861,16,0.4621436520339426,0.16120880761200268,0.21115983638656569,2.008496375886926e-06,85,2,deposit,Unknown,investment,finance,0,0,0,0,0,10,clean,2023-05-02 16:00:00
22151.61948062094,19,4792.972541856327,7,0.3000232714288142,0.27586595078047704,0.16855143768426836,0.30147059305653634,100,13,transfer,Saudi Arabia,charity,retail,0,0,1,0,0,19,clean,2023-08-26 08:00:00
10364.11417739904,25,11206.72132943562,1,0.021873402839964425,0.2354364666710162,0.10825560330445054,0.32638449667585656,52,12,deposit,Jordan,personal,real_estate,0,0,0,0,0,3,clean,2023-02-01 04:00:00
182.654338315505,16,24923.239858363588,9,0.5574188440789108,0.5610593742183145,0.07941589518572983,0.05113993407920656,23,4,deposit,Jordan,personal,finance,1,1,0,0,0,2,suspicious,2023-04-28 01:00:00
136.19345776356428,54,11830.419005891765,18,0.3496010033480445,0.31859063580060526,0.018408857530318706,0.09921174647244967,110,7,deposit,Egypt,business,retail,0,1,0,0,0,19,suspicious,2023-08-20 07:00:00
6624.842877301601,51,14780.105808663855,45,0.18116235853052381,0.07444765505851518,0.14624482108314013,0.3312060947821454,20,11,deposit,Saudi Arabia,investment,NGO,0,0,0,0,0,11,clean,2023-01-27 22:00:00
39094.74265578602,9,11437.175819381688,47,0.2111913169558119,0.5206531109321068,0.01075285513668102,0.05161658208662361,90,2,deposit,Jordan,business,finance,0,0,1,0,1,4,suspicious,2023-11-03 13:00:00
3894.7165644587544,1,1473.4126977578837,3,0.3626253603994951,0.46943355124923697,0.03287435974440015,0.28253181747689093,115,6,deposit,Offshore,charity,construction,0,0,0,0,0,12,clean,2023-11-23 01:00:00
15091.7418758283,42,14345.641373014165,24,0.2749290400969566,0.16700385844292684,0.12895724486833712,0.03436025807676146,27,1,payment,Unknown,investment,finance,0,0,0,0,0,9,clean,2023-05-06 20:00:00
3766.894195957646,19,1736.3855268442594,28,0.30212708444139685,0.5886555861317082,0.07316387342762277,0.1531681691476952,41,12,deposit,Egypt,business,retail,0,0,1,0,0,16,clean,2023-08-17 03:00:00
5821.8205281983355,33,17850.404621933343,10,0.049666786532161965,0.24672817063816208,0.20061921374928263,0.34392061006459035,78,3,withdrawal,Saudi Arabia,personal,NGO,0,0,0,0,0,7,clean,2023-05-30 05:00:00
28262.27552631188,34,4909.512567657355,9,0.17041118590305895,0.16337675069266921,0.14997431939835956,0.031305636503611796,36,9,transfer,Iran,charity,unknown,0,0,0,0,0,4,clean,2023-01-27 06:00:00
19576.879584395956,16,9040.247872641938,13,0.14286846084844715,0.32209355614112234,0.04784817925199426,0.1222380715527988,4,5,withdrawal,Egypt,charity,construction,0,0,0,0,0,5,clean,2023-03-25 21:00:00
1503.9243455500348,44,5501.152371031952,48,0.0326400074185401,0.05892632645808868,0.13011280412874177,0.22369426327016528,26,14,exchange,Iran,charity,real_estate,0,0,0,0,0,17,suspicious,2023-07-31 08:00:00
8397.66526170268,40,789.6476904625564,35,0.14212191097805377,0.21896969887623138,0.28265271414297977,0.11600600083521292,108,11,withdrawal,Unknown,business,construction,1,0,1,0,0,11,suspicious,2023-03-11 17:00:00
444.0548970337821,55,2748.0652916794384,23,0.19960893645181027,0.2814272405328891,0.03563125221345188,0.37256236211391697,40,8,exchange,Offshore,charity,retail,1,0,0,0,0,4,suspicious,2023-05-12 07:00:00
9834.596319537086,18,32948.37052895348,47,0.10221609636935557,0.20740603312022532,0.0032845424643462334,0.35692820619093546,80,1,payment,Saudi Arabia,personal,finance,0,0,0,0,0,18,clean,2023-06-30 13:00:00
16289.914003433183,34,25895.249529019817,17,0.17262623398937033,0.6239836465087963,0.18187574258897035,0.1136024369724765,107,4,exchange,Unknown,charity,unknown,0,0,0,0,0,9,suspicious,2023-04-23 14:00:00
1891.9988015543763,25,3091.0301059603867,46,0.45530087566876204,0.3295348450229803,0.2995586930822202,0.26896078363407,103,3,deposit,Kuwait,business,retail,0,1,0,0,0,8,clean,2023-10-12 02:00:00
5113.815484905517,45,44788.472916917985,7,0.6628735219704325,0.11278999742881256,0.24420632660432137,0.17806946615065047,84,10,deposit,Kuwait,business,NGO,0,0,0,0,0,7,clean,2023-10-24 17:00:00
7608.397264242755,6,14943.140799971847,16,0.053403315619455424,0.26077641463395157,0.04302361731109281,0.0411971390624245,110,9,deposit,Kuwait,charity,finance,0,0,0,0,0,18,clean,2023-05-25 23:00:00
37798.253524456646,21,7552.574609705576,40,0.26552219105105596,0.468799996723502,0.06531676828182693,0.2646872317134539,88,7,exchange,Unknown,charity,NGO,0,0,0,0,0,2,clean,2023-02-14 06:00:00
74984.34113853527,58,327.61452574837705,36,0.4027311626329543,0.4479155359493567,0.31458630951688604,0.005101290398456525,74,12,exchange,Iran,business,NGO,0,0,0,0,0,11,suspicious,2023-05-06 16:00:00
689.2659327252411,6,18537.272598430187,20,0.46197253933736043,0.08250550261191184,0.009949636270034265,0.0006308333046540278,66,3,exchange,Kuwait,personal,retail,0,0,0,0,0,9,clean,2023-01-30 16:00:00
21469.873204508618,32,6521.2400514604315,24,0.45407197238637004,0.34743043825252573,0.03177953094900757,0.23209891199602725,109,14,transfer,Kuwait,personal,NGO,0,1,0,0,0,13,suspicious,2023-12-09 16:00:00
6971.637364582334,41,16228.536673065913,47,0.5332629667611426,0.5099557805590819,0.1216557979039307,0.0053874762816395055,73,1,transfer,Egypt,charity,unknown,0,1,0,0,0,17,suspicious,2023-10-17 09:00:00
7475.014153262597,48,14386.847178679469,5,0.26362880028417995,0.13870367777865927,0.06535935058230503,0.13856801099083157,82,13,transfer,Unknown,charity,finance,0,1,0,0,0,17,suspicious,2023-03-06 22:00:00
21052.521764930127,43,14318.38947224731,45,0.5524749337295802,0.3356799350092333,0.26027961120769866,0.07904037730219833,106,5,deposit,Unknown,charity,unknown,0,0,0,0,1,10,high_risk,2023-10-15 13:00:00
37593.749892557586,39,9583.233000930466,6,0.10061397219075925,0.3397172851446404,0.2832028110893171,0.033286387350696486,110,10,payment,Offshore,business,finance,0,0,0,0,0,6,clean,2023-12-12 07:00:00
45217.18179880809,31,2755.88360787622,28,0.18230865679415464,0.47282248742757227,0.07148707507969457,0.5145787717274322,94,3,withdrawal,Offshore,investment,construction,0,1,0,0,0,6,suspicious,2023-04-14 23:00:00
12910.094151681957,42,3277.7160852853567,5,0.1742754129389725,0.2801897623338251,0.4345631799114139,0.10355545045284392,3,11,transfer,Kuwait,investment,retail,1,0,0,0,0,15,suspicious,2023-02-19 19:00:00
6626.98500974121,10,2950.7808496914467,49,0.1156623959328977,0.13855009206210173,0.012202703805262763,0.061685427086771,64,2,withdrawal,Egypt,business,real_estate,0,0,0,1,0,11,clean,2023-11-06 16:00:00
23235.66464365648,30,161.99717374153008,39,0.14048476002770924,0.3709932564588353,0.04113198370048705,0.06131607078343343,29,3,transfer,Saudi Arabia,charity,real_estate,0,0,0,0,0,14,clean,2023-07-31 17:00:00
4335.272134181592,57,6989.086402602664,38,0.0443309716190363,0.09274308043554774,0.22384679995590429,0.33167546782072305,54,5,exchange,Saudi Arabia,investment,retail,0,0,0,0,0,5,clean,2023-05-01 19:00:00
12454.242614276603,52,9600.7406157963,2,0.07881999737262417,0.7333432805800045,0.03897449246974573,0.11039754797005119,7,5,exchange,UAE,business,NGO,0,0,0,0,0,5,clean,2023-05-16 00:00:00
6661.026178149804,18,15385.849805406377,43,0.49245857741862253,0.5913406639062027,0.13983295059020226,0.09966670117085885,25,10,deposit,UAE,business,NGO,0,0,0,0,0,1,clean,2023-05-11 09:00:00
16034.247344816908,24,1208.1221811000903,39,0.27265582292379037,0.19332336715200804,0.06852527742752425,0.2541784273355881,24,8,deposit,Offshore,personal,real_estate,0,0,0,0,0,19,suspicious,2023-08-11 19:00:00
4124.428033327645,52,6285.313541125497,21,0.45400417778268604,0.30048227044126585,0.16564269588497463,0.009379820841196164,43,4,withdrawal,Egypt,business,unknown,0,0,0,0,1,15,suspicious,2023-08-21 20:00:00
3190.343509266639,9,100.0,40,0.2539678727769239,0.34541799602735856,0.18439817900167185,0.17984578357265377,6,2,deposit,Kuwait,charity,real_estate,0,0,0,0,0,11,clean,2023-11-11 09:00:00
37559.339726845305,31,799.3905501587607,37,0.10629884246290688,0.432991050511284,0.02497379176316472,0.013576525828657548,15,8,payment,Offshore,personal,retail,0,0,0,0,0,17,clean,2023-06-26 22:00:00
1610.4992805568768,15,445.89252854987103,18,0.3388375016529793,0.1625192161814314,0.023303888744862958,0.10668554641922015,79,13,payment,Kuwait,investment,NGO,0,0,0,0,1,2,suspicious,2023-08-05 04:00:00
10577.018376147265,4,10341.791995460964,48,0.1069404590323315,0.12417846000927027,0.03110754099625973,0.18697077407210022,40,8,payment,Kuwait,business,construction,0,0,0,0,0,2,clean,2023-01-02 09:00:00
3743.329033357877,40,676.2717801756222,46,0.5436174883513567,0.3124292962456352,0.25551338663866013,0.07956003033815391,91,10,deposit,Jordan,personal,NGO,0,0,0,0,0,9,clean,2023-07-18 07:00:00
595.6199057079998,9,10083.01855748072,12,0.5165495030752474,0.21826315433599364,0.06998251086966738,0.06807692953132305,61,13,transfer,Egypt,business,retail,0,0,0,0,0,19,clean,2023-10-01 01:00:00
550.2525841699065,45,2297.4544279035713,17,0.24383563905020741,0.12648579587053713,0.12783795436730516,0.019126398522618607,21,8,withdrawal,Iran,business,retail,1,1,1,1,0,4,high_risk,2023-03-27 15:00:00
2889.6111518749026,9,16811.073732257497,37,0.07413893137860812,0.049645251704749725,0.10774234235884862,0.054613076024930936,58,12,withdrawal,Russia,personal,finance,1,0,0,0,0,11,suspicious,2023-05-02 17:00:00
30235.21472806084,26,13419.592486200796,46,0.32346725277195293,0.36191618467463893,0.04471117686074102,0.33034290013392786,109,13,withdrawal,Egypt,investment,real_estate,0,0,0,1,0,7,suspicious,2023-04-21 09:00:00
4979.290600020741,4,25328.410946765835,38,0.08065048875174113,0.36657851839398387,0.006465871226234139,0.11870549570955209,96,14,transfer,Iran,business,real_estate,0,1,0,0,0,8,suspicious,2023-11-26 18:00:00
45074.37168803639,17,17216.924789082615,15,0.29898624342114577,0.5901839858648339,0.03177533955533819,0.1041321286452837,32,11,deposit,Kuwait,charity,finance,0,0,1,0,1,13,suspicious,2023-05-21 01:00:00
13070.559737607957,16,21663.9319165678,7,0.3901534572506104,0.3189422084118939,0.004357052989852132,0.15585889694955832,12,1,transfer,Offshore,investment,unknown,0,0,0,0,0,12,clean,2023-03-23 19:00:00
8606.859147226314,15,15657.360643280701,14,0.2315219432004953,0.556466934633006,0.11986343231258015,0.05279738621923958,108,12,exchange,Kuwait,investment,unknown,0,0,0,0,0,17,clean,2023-04-10 18:00:00
13015.68151791155,35,9457.218253755542,1,0.3359751932885947,0.363488330221793,0.04305965229200974,0.07646380701381897,9,9,transfer,Kuwait,business,NGO,0,1,0,0,0,10,clean,2023-12-22 09:00:00
10906.7153849263,57,1493.1348673785476,38,0.5144892936481954,0.35902166285039705,0.1918087374818825,0.22863530449824104,20,4,deposit,Jordan,investment,finance,0,0,0,0,0,16,suspicious,2023-11-14 09:00:00
21330.455528240225,52,2536.420413228079,3,0.12984997103389048,0.3071790075842764,0.13794793517628398,0.23701889638855575,113,4,transfer,UAE,personal,real_estate,0,0,1,0,0,14,clean,2023-07-29 00:00:00
4979.652725980896,5,1913.4412862574895,37,0.12519722986352094,0.20286726787109963,0.05110800908795914,0.16230727821723429,15,8,deposit,Offshore,personal,unknown,0,0,0,0,0,3,clean,2023-10-27 00:00:00
6532.303087839398,55,7402.364989061711,44,0.3101409707272995,0.13820336717600268,0.038063139629621,0.11129756446627939,77,12,transfer,Unknown,investment,unknown,0,0,0,0,0,1,suspicious,2023-12-27 04:00:00
33678.09341070781,5,5603.307132756071,31,0.615190885810555,0.39345962434836435,0.027952084081865433,0.15536181691702072,110,8,transfer,Kuwait,business,construction,0,0,0,0,0,2,clean,2023-10-10 02:00:00
43908.91675416226,20,16144.062512941193,43,0.19492989472103517,0.3729450427731561,0.10669203455236963,0.5964800975818346,8,6,withdrawal,Saudi Arabia,charity,unknown,0,0,0,0,0,1,clean,2023-01-17 03:00:00
33462.09343795961,15,24405.372008022117,13,0.1986017543205165,0.4079145644742531,0.02071939178576958,0.01953975918576828,21,4,withdrawal,Kuwait,business,real_estate,0,0,0,0,0,10,clean,2023-02-05 22:00:00
8156.63840246241,18,4151.667372192908,48,0.5745870155945627,0.3025245152517999,0.01917528115652342,0.08375343590272628,45,13,withdrawal,Jordan,business,construction,0,1,0,0,0,3,suspicious,2023-06-11 19:00:00
22736.85737327291,47,5647.437085768295,18,0.2364894202310237,0.3380315429100721,0.09374827432900643,0.0033859331051959317,89,3,deposit,Saudi Arabia,business,construction,0,0,0,0,0,18,clean,2023-08-27 21:00:00
9703.567686175225,2,28467.402235332822,17,0.20304472775428709,0.26468569334445835,0.28319086693266493,0.05436681184229665,99,5,payment,Iran,investment,NGO,0,0,0,0,1,6,suspicious,2023-06-10 16:00:00
10323.584249210544,29,2586.351767475861,17,0.044932579440356335,0.035068782381196276,0.08053466897065639,0.15987872860824198,40,13,payment,UAE,investment,real_estate,1,0,0,0,0,6,clean,2023-10-24 04:00:00
3435.1630007406766,13,12576.781551918395,11,0.23505888922081875,0.33791716429325513,0.1345735625252591,0.3279540571380605,94,14,payment,Kuwait,business,finance,0,0,0,0,0,7,clean,2023-09-25 10:00:00
13415.381453609913,4,2041.614791600257,20,0.14579705143558533,0.15831495247948063,0.03649471973846391,0.040792369699273016,95,8,payment,Egypt,charity,retail,1,0,0,0,0,19,clean,2023-02-07 23:00:00
3089.4281621149617,42,9152.06068412638,10,0.14339441699553276,0.06621881036998829,0.16409340644214726,0.06759264508583339,6,7,deposit,Russia,business,unknown,0,0,0,0,0,6,clean,2023-03-19 04:00:00
6042.235043593775,45,2340.116536151157,29,0.23352279562170508,0.1333097181324735,0.0011991315901861872,0.010795105043941317,11,11,withdrawal,Unknown,charity,NGO,0,1,0,0,0,3,suspicious,2023-12-30 02:00:00
28968.447679355322,10,17214.954823597698,48,0.2361609939083245,0.42712735945992086,0.1650552809983873,0.2434262187755815,64,8,withdrawal,Kuwait,business,finance,0,0,0,0,0,19,clean,2023-02-12 20:00:00
3480.414898696546,31,6594.761352709088,34,0.08812185404477801,0.4224323318141331,0.016338208684720617,0.018723866562546952,42,14,withdrawal,Kuwait,charity,retail,0,0,0,1,0,6,suspicious,2023-09-24 06:00:00
1107.2540550453941,41,1645.7071522801232,17,0.2803760146819129,0.12316064321136906,0.10056558948243874,0.008788689747167906,59,12,deposit,Iran,business,real_estate,0,0,0,0,0,2,suspicious,2023-06-20 14:00:00
1072.5623560343195,8,2032.628911035864,42,0.16387719657285452,0.07063821236740385,0.056128329666145886,0.10814981966849183,8,11,transfer,Jordan,personal,unknown,1,0,0,0,0,7,suspicious,2023-12-01 20:00:00
42398.58439925319,3,5447.364975200116,13,0.4044624491994328,0.25727621988814076,0.09624772156563857,0.09807323080993705,72,1,exchange,Egypt,investment,finance,0,1,0,0,0,5,clean,2023-12-16 04:00:00
10606.271017736994,48,26078.004561004436,44,0.31895592869917666,0.5089415187383902,0.17319836894117063,0.08675668529225192,55,11,deposit,Jordan,business,retail,0,0,0,0,0,10,clean,2023-12-11 22:00:00
7899.551247024956,46,11744.9709589979,47,0.13097778829805123,0.23569807882442104,0.003619457953715686,0.5403217995070643,39,13,transfer,Russia,investment,NGO,0,0,0,0,0,13,suspicious,2023-06-06 04:00:00
24980.490624927494,9,5360.28486427753,39,0.41556167784008063,0.10784690292222009,0.05790941389878875,0.1721840949029062,51,4,withdrawal,Iran,business,real_estate,0,0,0,0,0,12,clean,2023-09-04 17:00:00
27102.419983214546,30,3296.524480702333,27,0.163215624119696,0.4287437351334164,0.10280262944946711,0.08582529997208319,55,13,withdrawal,Offshore,investment,NGO,0,0,0,0,0,5,clean,2023-06-29 15:00:00
6056.296860943314,53,6375.067565522685,26,0.37715908129805586,0.594588701032097,0.10482516711862994,0.0810644160176725,76,9,payment,Jordan,personal,construction,0,0,0,0,0,12,clean,2023-07-11 18:00:00
17743.84165749523,11,11038.072770189052,28,0.23054189686251492,0.21550407070392505,0.01834867933798749,0.22788661203240065,3,6,payment,Russia,investment,construction,0,0,0,0,0,18,suspicious,2023-08-23 11:00:00
22118.54599588893,35,12257.1705353782,13,0.10276202518145783,0.39896134080760093,0.12450936435547584,0.23274056781169797,43,14,transfer,Iran,personal,construction,0,0,0,0,0,3,clean,2023-03-15 18:00:00
15947.983085208309,37,3139.705580910437,12,0.4569302957016585,0.3533987950347267,0.11804017792666738,0.1879642883494341,45,12,exchange,Iran,investment,real_estate,0,0,0,1,0,4,suspicious,2023-09-09 19:00:00
2465.9587654207394,42,10216.9161117842,44,0.11215219445154213,0.2374350403946528,0.22454853576251443,0.23117044102822587,80,10,transfer,UAE,business,retail,0,0,0,0,0,11,clean,2023-05-06 01:00:00
31297.96924112922,13,8578.617042591433,28,0.2528084630437136,0.171540324613796,0.125375923152188,0.1880155641608124,105,8,transfer,Egypt,charity,real_estate,0,1,0,0,0,19,clean,2023-05-31 13:00:00
11618.435408563857,36,25575.40639128492,2,0.323758367115057,0.5501159616951188,0.11517740572578028,0.0775481559046423,91,14,exchange,Unknown,investment,construction,0,0,0,0,0,3,clean,2023-03-19 03:00:00
4979.158529106656,56,21399.66551505447,37,0.23158278561455975,0.2277133661740565,0.019389269469904158,0.154869720171441,16,13,transfer,Unknown,personal,real_estate,0,1,0,0,1,7,high_risk,2023-10-02 03:00:00
8306.732417816522,13,12461.572120613397,34,0.14831751616303024,0.1400814002715963,0.012295891213321412,0.13471565616410455,5,8,transfer,Russia,personal,unknown,0,0,1,0,0,9,suspicious,2023-04-09 00:00:00
574.4261355405341,12,10281.30926719242,23,0.03602624749953415,0.15704627063499035,0.12172652404219068,0.1192297612317063,40,5,deposit,Jordan,investment,retail,0,0,0,0,0,4,clean,2023-12-01 09:00:00
2052.19673769996,37,2562.100415138366,45,0.3801866446706373,0.31911308359216284,0.052880558857407105,0.04372108268622546,76,11,exchange,Offshore,personal,NGO,0,0,0,0,0,11,suspicious,2023-05-11 04:00:00
21757.486102682105,10,14964.616738118215,29,0.5076603517576309,0.1665879242350516,0.0639319523260793,0.10164682919449143,67,8,withdrawal,Russia,personal,unknown,0,0,0,0,0,19,suspicious,2023-12-20 13:00:00
100.0,56,4462.020051371826,35,0.5790791538875268,0.34005550519502303,0.0027422538992840735,0.03676720427655261,99,4,payment,Egypt,personal,NGO,0,1,0,0,0,1,suspicious,2023-01-01 03:00:00
8082.354753199066,9,2542.277607319767,11,0.3350755716524527,0.1303098638875023,0.2486011678863325,0.023755323808803522,45,6,withdrawal,Unknown,personal,construction,0,0,0,1,0,4,suspicious,2023-12-14 16:00:00
11088.186614008097,52,3878.1545616885596,48,0.09358887373802907,0.3481641605016099,0.18232332028103995,0.12766724071051508,3,7,withdrawal,Saudi Arabia,investment,retail,1,0,0,0,0,9,suspicious,2023-06-02 20:00:00
842.7535373474537,7,14459.964599546314,33,0.14415596785446286,0.13272804466929297,0.2390914689480253,0.0664842407635684,31,6,payment,Offshore,business,unknown,0,0,0,0,0,10,clean,2023-08-04 23:00:00
54222.263044181636,2,1287.2979139442366,11,0.35417285155042777,0.5899472235592629,0.007178534658065293,0.004147906656630133,24,6,payment,Egypt,business,real_estate,0,0,0,0,0,7,clean,2023-09-14 23:00:00
3845.180177746692,54,4872.78302590571,9,0.23948275948312953,0.2351347958102792,0.15894812872799166,0.0313597377075053,105,8,transfer,Jordan,personal,finance,0,0,0,0,1,16,suspicious,2023-08-12 09:00:00
5440.367642012553,56,5423.8240441217,14,0.028535165742584873,0.1289757616884019,0.01745273604880503,0.07987901596306454,29,14,exchange,Kuwait,charity,NGO,0,0,1,0,0,10,clean,2023-02-06 17:00:00
5434.845370859379,23,298.53928868095255,9,0.22017985010375066,0.13799843310322277,0.023319095482553988,0.1564720497805812,55,5,payment,Saudi Arabia,investment,real_estate,0,1,0,0,0,10,clean,2023-01-14 14:00:00
3928.59045338092,39,1742.7214082987614,39,0.21290221788683109,0.5570978764416615,0.006204752033514161,0.13722755361027716,33,8,exchange,Egypt,investment,construction,0,0,0,1,0,1,clean,2023-01-02 00:00:00
100.0,40,14023.807516505467,48,0.09803716326801976,0.18334969729994782,0.06861327879795831,0.31082161536787156,102,9,transfer,Kuwait,charity,finance,1,1,0,0,0,4,suspicious,2023-02-11 21:00:00
19603.64356612031,39,14211.848892640797,3,0.22042360177108106,0.2002494126473567,0.029028835963706985,0.2941579204302776,51,12,withdrawal,Iran,investment,NGO,0,0,0,0,0,3,clean,2023-07-12 19:00:00
51098.65228354123,21,2767.1810711076296,29,0.08981683268801341,0.16926831062844647,0.046544728662594084,0.260669942151622,80,4,payment,Jordan,charity,retail,0,0,0,1,0,3,clean,2023-01-08 13:00:00
3809.715456663165,23,16628.95804977145,19,0.35217301769796416,0.3139241888746064,0.057556757000878665,0.2868125585489814,97,3,payment,Kuwait,business,NGO,0,0,0,0,0,13,clean,2023-01-29 17:00:00
16317.185901908808,29,11819.664650262559,36,0.2071871951033195,0.2154617837268219,0.12786141636393641,0.031421818548584605,74,5,transfer,Saudi Arabia,business,finance,0,0,0,0,0,12,clean,2023-02-02 18:00:00
20315.909119209362,14,4329.007050664511,32,0.09555946288627798,0.3501485382864156,0.02825532724919021,0.13083095338045933,30,13,exchange,UAE,business,NGO,0,0,0,0,0,17,clean,2023-03-26 19:00:00
28300.158420555523,26,11039.519765680207,7,0.4466222320361455,0.3648560009887074,0.16123076631216054,0.16369391441787098,98,10,exchange,UAE,business,NGO,0,1,0,0,0,19,suspicious,2023-08-04 21:00:00
8239.058690808384,51,26022.48753992105,28,0.27834022356177635,0.03577588801867985,0.05253042530968424,0.04598516047718726,61,10,deposit,Saudi Arabia,personal,retail,0,0,0,0,0,10,clean,2023-04-21 12:00:00
5413.061130890238,5,4914.2402216075025,44,0.3380255209741634,0.389568471964817,0.0730909284266369,0.17640310354920818,60,12,withdrawal,Iran,personal,unknown,0,0,0,0,0,11,clean,2023-05-07 18:00:00
5902.19878971953,55,2178.955862342983,18,0.32192810750428363,0.45866171687679225,0.13150456136631883,0.0114547263038031,35,5,deposit,Egypt,investment,NGO,0,0,0,0,0,8,clean,2023-12-22 07:00:00
18704.318039886348,31,22753.227763652765,5,0.5143209037364992,0.1899475495453589,0.10069817346360237,0.1635974835882675,7,14,exchange,UAE,charity,unknown,1,0,0,0,0,7,suspicious,2023-03-13 00:00:00
25455.971259450795,25,7405.564321392279,23,0.21309282476888047,0.25066268054412355,0.02274601031358178,0.0667464921596253,6,7,deposit,Iran,charity,NGO,0,0,0,0,0,2,clean,2023-05-07 20:00:00
3006.3169746245976,31,889.8230042562637,22,0.20264192802556738,0.23094686661829164,0.12646545315638483,0.08867014002597408,15,3,exchange,Egypt,personal,NGO,0,1,0,0,1,12,suspicious,2023-05-08 22:00:00
6952.953599501706,50,6801.829771999942,26,0.4118862253456428,0.3168142211730872,0.1799259912448124,0.19396952320842833,96,13,payment,Egypt,charity,unknown,1,1,0,0,0,7,suspicious,2023-12-21 09:00:00
34832.66623765549,20,5554.477078758376,42,0.1588797266299858,0.1328355919846776,0.024215260143548526,0.025804812161267857,66,11,transfer,UAE,business,unknown,0,0,0,0,0,8,clean,2023-09-19 18:00:00
24652.175530940563,44,15480.729157174792,12,0.16416461202782176,0.06626588222157329,0.11457111017182449,0.07752443537510958,96,10,deposit,Iran,charity,NGO,0,0,1,0,0,8,suspicious,2023-08-19 06:00:00
62854.64308023564,55,6052.022451383346,40,0.24146831947727712,0.3862608554360585,0.04279049309127904,0.034900922587717875,92,14,payment,Kuwait,business,unknown,0,0,0,0,0,15,suspicious,2023-11-09 22:00:00
21051.50157480061,17,2357.4648135261486,19,0.2986272235420367,0.15536326608127848,0.21474841378758705,0.28516610520714986,85,9,payment,Jordan,investment,finance,1,0,0,0,0,16,suspicious,2023-12-19 11:00:00
7493.221843254966,45,9007.310382849315,47,0.24369453871850227,0.36729893019065096,0.018778652005881528,0.20871088954284606,17,14,transfer,Egypt,charity,retail,0,0,0,1,0,4,suspicious,2023-03-03 10:00:00
13397.32534949937,2,6257.146651543903,1,0.23031094842984348,0.36427687216296967,0.03150961007041402,0.496041114830259,19,13,transfer,Russia,business,unknown,0,0,0,0,0,9,clean,2023-11-09 19:00:00
16226.958306193865,25,2122.6133183404963,3,0.15272910445763344,0.3440411085603563,0.16581851333142586,0.23667046802329503,14,6,payment,UAE,investment,unknown,0,0,0,0,0,4,clean,2023-08-21 22:00:00
1225.5683318224667,13,6819.5419292122615,27,0.18880361835441944,0.47194849662402866,0.14014852233483957,0.3764544608832278,49,14,payment,Iran,investment,retail,0,0,0,0,1,18,suspicious,2023-08-14 10:00:00
11795.293295286157,58,13786.928108296835,18,0.26545368178654805,0.142669985175069,0.03265463478450447,0.009231398446134614,51,10,deposit,Egypt,investment,finance,0,0,0,0,0,1,clean,2023-06-03 08:00:00
18533.026850352417,39,231.8960880083869,30,0.06370547659247412,0.33849055290575764,0.12123677646001693,0.022306106236989354,34,9,deposit,Russia,charity,NGO,0,0,0,1,0,12,suspicious,2023-10-26 15:00:00
2746.6114546941703,28,7972.440216748608,2,0.404977497413588,0.34648991358870335,0.0023689887296661455,0.0581702177027968,112,1,withdrawal,Russia,business,unknown,0,1,0,0,0,18,suspicious,2023-04-14 03:00:00
22755.049589611677,42,3441.1596743877253,5,0.3487547324145052,0.2288153970713673,0.2159898441289816,0.122066017560579,84,2,withdrawal,Kuwait,personal,NGO,0,1,0,0,0,11,clean,2023-08-09 20:00:00
13147.859507204143,55,2770.080039937625,29,0.4780743968419868,0.14464320439067657,0.007578959562464679,0.05672802111746152,21,10,payment,Russia,personal,NGO,0,0,0,0,0,13,suspicious,2023-05-18 18:00:00
45617.78266665771,6,3988.380473915913,33,0.3296785374416458,0.2658313115337245,0.11130268099484293,0.13886701199172813,48,2,withdrawal,Offshore,business,finance,1,0,0,1,0,18,high_risk,2023-03-18 04:00:00
650.2261578316875,3,3348.6783391672147,42,0.041233169305307474,0.10821836777863011,0.013041276135975412,0.2996181499205469,67,11,payment,Russia,investment,unknown,0,0,0,0,0,4,suspicious,2023-04-01 20:00:00
4624.929042141571,58,14281.724540672869,20,0.3329624698967356,0.035349649178975213,0.33738943333998,0.12132373258376032,58,8,transfer,Offshore,personal,finance,0,0,0,0,0,1,clean,2023-02-21 01:00:00
13802.744927433656,35,2570.4382504662995,30,0.23230196220014587,0.27916646140136836,0.04828662070308267,0.0796757837248806,78,4,transfer,Iran,charity,NGO,0,0,0,0,0,13,clean,2023-02-25 10:00:00
5276.5885365695285,18,10568.639241019668,42,0.3537904528457237,0.3988332866598836,0.26468687655387724,0.008524581366713035,21,7,deposit,Jordan,investment,construction,0,0,0,0,0,2,clean,2023-06-02 07:00:00
18798.714902831383,11,790.2560148911255,5,0.1009574691628053,0.3648763658913967,0.03282811522120061,0.1744507871798897,27,4,exchange,Egypt,personal,unknown,0,0,0,0,0,15,clean,2023-01-16 15:00:00
21344.703973647716,54,24192.45688498216,21,0.23051974563755315,0.21022474146100914,0.06568232547388045,0.23059290246966205,71,4,payment,Unknown,business,unknown,0,1,0,0,1,2,high_risk,2023-03-11 00:00:00
1622.3991905789112,20,7789.592792626901,15,0.4997662881762373,0.3752400809058794,0.04642319490937762,0.04327349261468592,106,8,deposit,Jordan,personal,NGO,1,0,0,0,0,12,clean,2023-05-23 23:00:00
10818.708653176138,5,9812.981144287205,20,0.4040865283048871,0.4147438856125978,0.20557445842149988,0.0776538662330517,29,14,withdrawal,Iran,charity,NGO,0,0,0,0,0,18,clean,2023-09-20 12:00:00
10666.324124847233,19,2831.023241204496,8,0.1611010108083429,0.31428039182239825,0.05976978527603901,0.21301561504569808,9,11,payment,Egypt,business,NGO,0,0,0,0,0,8,clean,2023-05-19 09:00:00
6913.417142808851,22,4249.540616543496,49,0.35244755416419205,0.25417069083417987,0.20785217728794847,0.003482082959878039,104,10,deposit,Kuwait,personal,real_estate,0,0,0,0,0,3,clean,2023-09-27 20:00:00
40529.12750650763,59,2026.5377189449355,31,0.25690319291955976,0.07236254582163983,0.05330879265205099,0.027585737895841147,79,4,withdrawal,Saudi Arabia,personal,real_estate,0,0,0,0,1,3,suspicious,2023-02-24 16:00:00
26360.920201921228,19,21569.29942826375,12,0.1873338188142039,0.40916416236614683,0.013202015937927315,0.02089261873896424,44,3,payment,Saudi Arabia,personal,NGO,0,0,0,0,1,1,clean,2023-02-14 08:00:00
17920.706126225698,47,5357.0773839838375,21,0.18831432940644324,0.2610017113427008,0.03500308596950082,0.41539944855642724,28,11,deposit,Iran,investment,NGO,0,0,0,0,0,4,suspicious,2023-02-02 00:00:00
18793.593057383245,16,7963.713045971919,30,0.22264064395784872,0.31109956868516575,0.049409996434776615,0.061424041542248196,38,10,exchange,Kuwait,investment,NGO,0,0,0,0,0,5,clean,2023-02-15 06:00:00
9290.538663439138,24,10602.25731722797,27,0.2976983513190841,0.15363275762694406,0.05498988191257711,0.503813003758087,15,9,deposit,Jordan,charity,finance,0,0,0,0,0,13,clean,2023-04-16 16:00:00
38073.57113568057,41,3710.3416224194416,44,0.11694815893708918,0.14261340645485973,0.10919342654310865,0.07230012228165252,15,3,payment,Offshore,personal,real_estate,0,0,0,0,0,13,suspicious,2023-01-01 23:00:00
17791.768700013134,4,10186.630349261579,26,0.4520711372235525,0.5026019140904813,0.02001325013499912,0.014541871551095526,30,5,withdrawal,Saudi Arabia,charity,finance,0,1,0,0,0,3,clean,2023-06-03 05:00:00
19583.498660329245,15,9015.908669552577,33,0.610160255578011,0.5036238655101256,0.03536661534490014,0.08857372127842392,32,11,payment,Unknown,business,unknown,1,1,0,0,0,8,high_risk,2023-01-22 06:00:00
29673.964063073578,25,9784.139633048531,26,0.21278810407410906,0.4147411493273779,0.013589736755175226,0.1495592939500154,40,1,payment,Saudi Arabia,charity,unknown,0,1,0,0,0,6,clean,2023-06-01 13:00:00
4804.558153931617,44,5374.685540544082,26,0.2591560670816823,0.43999285531362625,0.05448332212396936,0.214773163228806,76,9,deposit,Kuwait,investment,NGO,0,0,0,1,0,1,suspicious,2023-08-02 13:00:00
24681.488026868985,55,3862.278182835783,36,0.3825765817590194,0.2965034741790409,0.2845854209983946,0.13934923256254755,84,6,payment,Jordan,personal,construction,0,0,0,1,0,3,clean,2023-01-31 18:00:00
3258.178978485499,35,2009.0752060442778,40,0.1664156629719465,0.2037910527272737,0.07126099141166556,0.10804002723625321,91,5,transfer,Offshore,investment,construction,1,0,1,0,0,10,suspicious,2023-05-27 09:00:00
6354.633662490217,55,13926.69163480473,1,0.2516583079729538,0.36997793840547,0.10945951360782957,0.40780483749079,2,4,exchange,UAE,business,real_estate,0,1,0,0,0,16,suspicious,2023-02-22 23:00:00
6133.299544053418,14,7499.094511825907,15,0.5871949210903505,0.28421779043539847,0.08062046983708829,0.19463612097736638,105,8,withdrawal,Iran,investment,NGO,0,0,0,1,0,4,suspicious,2023-05-01 04:00:00
57613.31433378923,49,4700.96505329513,1,0.13431994030835415,0.3791447121047916,0.06971849068270819,0.20386211922899736,22,11,exchange,Unknown,personal,NGO,0,0,0,0,0,16,suspicious,2023-11-30 18:00:00
29125.195145586636,19,23058.643971719113,11,0.30293874030153733,0.25730803576782646,0.17751367827810344,0.046288796481883755,26,2,deposit,UAE,investment,unknown,0,1,1,0,0,13,suspicious,2023-03-07 21:00:00
18118.19948977332,38,392.16755143538523,2,0.3409352246937881,0.21193473690030862,0.11970935364535375,0.27551791537512105,40,14,deposit,Kuwait,personal,finance,0,0,0,0,0,4,clean,2023-12-23 16:00:00
19477.371351303213,36,15186.135550070334,1,0.20599722824352618,0.25869480115813975,0.253438778572456,0.5160658445603005,8,10,transfer,Jordan,charity,real_estate,0,0,0,0,0,8,clean,2023-10-31 15:00:00
12385.538695261965,7,48200.47822816538,31,0.16543733466499932,0.14596291101680728,0.01806074204867494,0.006353464154064028,36,5,deposit,Unknown,personal,construction,0,0,0,0,0,18,suspicious,2023-11-13 13:00:00
44087.63295763802,30,17438.842387000986,44,0.3016983657007201,0.29831194024611324,0.06624415169982534,0.06329060504966989,26,8,deposit,Saudi Arabia,charity,retail,0,0,0,0,0,15,clean,2023-07-04 17:00:00
10285.388119815838,19,13304.253359108212,16,0.245231100156398,0.4214510873210862,0.052568429721858226,0.14690954633042758,101,1,deposit,Egypt,business,finance,1,0,1,0,0,13,suspicious,2023-03-17 14:00:00
7183.067485232563,49,3751.150677965171,22,0.022110295547311552,0.20842819651431446,0.03461701842812582,0.05526750546512421,81,12,exchange,Iran,business,NGO,0,0,0,0,0,1,suspicious,2023-01-04 15:00:00
2669.601419102276,25,2104.583619748022,42,0.06350193411307424,0.026571742797721617,0.02260149467249539,0.10714069773736686,7,3,transfer,Offshore,investment,retail,0,0,0,0,1,5,suspicious,2023-01-07 15:00:00
23141.1107682468,16,10619.692307513673,18,0.21977391166641444,0.31949121323568247,0.05333018958749452,0.14232210066847475,1,7,payment,Kuwait,business,real_estate,0,0,0,0,0,12,clean,2023-07-18 16:00:00
19888.939229583037,47,2905.861089875785,47,0.1272041314541192,0.1869818782170697,0.27892065794342746,0.17310957149396347,91,11,withdrawal,UAE,personal,real_estate,0,1,0,0,0,1,suspicious,2023-06-17 03:00:00
7276.272642736264,54,1549.0632654988672,17,0.2145381873840533,0.37021971095841294,0.0034205681837634534,0.33155364344100774,106,11,transfer,UAE,investment,retail,0,0,0,1,0,13,suspicious,2023-09-16 23:00:00
382.74301431586616,40,12353.917637885186,30,0.3766396770507548,0.2645017138555127,0.1547438568196185,0.17430210256512213,90,10,exchange,Egypt,investment,real_estate,0,1,0,0,0,18,suspicious,2023-01-28 06:00:00
27395.014741659623,51,2998.055564958043,10,0.23550552741376407,0.6140232276830834,0.25983915660362217,0.004943415478644218,32,12,payment,Iran,charity,real_estate,0,1,0,0,0,13,high_risk,2023-03-04 21:00:00
172.25503656395333,8,19668.460869673923,35,0.5169258487532344,0.01707558568226167,0.10113645784043358,0.03661431476288206,78,5,payment,Unknown,personal,unknown,0,0,0,0,0,13,suspicious,2023-07-18 22:00:00
18245.73120990357,18,14692.346653699791,21,0.3131339004927776,0.3106211120977086,0.16778903582415391,0.21761848040790455,83,10,withdrawal,Unknown,personal,NGO,0,0,0,1,1,6,suspicious,2023-02-01 02:00:00
52727.47736909718,28,15052.090400607447,16,0.3706975356908867,0.5278636074323879,0.1712745320694348,0.1375008548814084,9,9,payment,Offshore,charity,finance,0,0,1,0,0,17,suspicious,2023-09-28 23:00:00
8634.764874554383,16,11812.194096538264,6,0.17724444870820005,0.19511331456443692,0.1469629461885964,0.2043036271637099,107,12,transfer,Saudi Arabia,personal,construction,0,0,0,0,0,19,clean,2023-06-14 08:00:00
4017.6702157306036,52,17021.086744948145,3,0.1191735972306406,0.15122983403653525,0.030509874791899275,0.6098194054364146,59,14,payment,Kuwait,business,NGO,0,0,0,0,0,10,clean,2023-06-18 03:00:00
18305.14146179697,19,13108.74632623462,41,0.39540342003622253,0.1967985745527403,0.13731583019459337,0.13819305781343907,44,1,exchange,Egypt,charity,unknown,0,0,0,0,0,5,clean,2023-08-18 21:00:00
25484.54401513988,42,7380.711463246114,43,0.3368999451665458,0.03357703392049699,0.15205427340117686,0.0019223522826826518,65,11,payment,Offshore,business,real_estate,1,1,0,0,0,9,high_risk,2023-05-09 13:00:00
11859.095447833508,17,2805.8010746340897,21,0.020649720791126345,0.028271977613805004,0.0413148787705483,0.024034942013683145,118,14,exchange,Unknown,personal,construction,0,0,0,0,0,5,clean,2023-03-07 17:00:00
51184.75854604625,45,17529.007605992123,13,0.29914150080947527,0.260371790467683,0.15269918314944533,0.10916250023543209,21,7,payment,Saudi Arabia,investment,real_estate,0,1,1,0,0,14,suspicious,2023-01-16 01:00:00
795.7708206384245,13,14690.889923560799,18,0.12650399660496056,0.28748536775151934,0.05067116486753897,0.23616431379269495,20,10,withdrawal,Russia,personal,NGO,1,0,0,0,0,5,suspicious,2023-11-20 04:00:00
10541.770033928606,7,5122.606132337529,24,0.5075642005899202,0.14750088999275476,0.1195065588166658,0.04657970702004394,49,12,transfer,Kuwait,business,finance,1,0,0,0,0,16,suspicious,2023-11-19 01:00:00
19011.888710246672,27,318.9020212686021,27,0.12738290514767006,0.5290133227592758,0.09438358176098421,0.26678854383502076,119,6,exchange,Offshore,investment,real_estate,0,0,0,0,0,2,clean,2023-03-28 01:00:00
29777.302386460186,10,8140.913645606666,4,0.2871522323318603,0.18162405723034863,0.15323757087513057,0.06053316393925161,97,10,payment,Saudi Arabia,personal,retail,0,0,0,0,0,14,clean,2023-08-03 07:00:00
2963.1534023993236,34,415.3740708637006,22,0.2714972366107265,0.5204306044755781,0.012678738554138345,0.27595222241675205,33,4,deposit,Saudi Arabia,personal,retail,0,0,0,0,0,18,clean,2023-04-02 02:00:00
24141.829821060637,36,20859.84502928319,24,0.49248900947389834,0.19364586604919315,0.336998312349436,0.13201948190908658,18,11,deposit,Saudi Arabia,investment,retail,0,0,0,0,0,6,clean,2023-01-03 02:00:00
12068.123810997447,25,26084.09700370434,40,0.5797193454892594,0.15978440211984604,0.18636595011656876,0.2823077297168258,41,12,transfer,Jordan,charity,retail,0,0,0,0,0,10,clean,2023-04-24 11:00:00
7576.472902541689,6,1680.7342386339233,45,0.3071763734121097,0.12991174756320442,0.20882602651156768,0.01927750233437067,17,11,exchange,Saudi Arabia,charity,construction,1,1,0,0,0,6,suspicious,2023-06-07 23:00:00
2118.529651717391,24,9025.714160252246,10,0.22396860238027336,0.19260998179849523,0.011131541796731738,0.030031024598406786,13,10,withdrawal,Saudi Arabia,business,NGO,0,0,0,0,1,10,suspicious,2023-10-02 18:00:00
30070.105659063825,18,774.4576384507335,2,0.43069584956932044,0.2792840548670534,0.03752324215784719,0.045939699787292225,113,10,withdrawal,Russia,investment,retail,0,0,1,0,0,6,suspicious,2023-05-08 04:00:00
2566.686958144665,23,10460.366121434992,40,0.3626305615839724,0.2150347019171067,0.12078790298397113,0.23333939884380303,43,6,transfer,Iran,personal,real_estate,0,0,0,0,0,3,clean,2023-12-02 00:00:00
5561.344173336487,6,3412.9502149086,6,0.15486612863304283,0.11327187082184162,0.01592532476866921,0.30442896957692134,113,10,withdrawal,Egypt,business,unknown,0,0,0,0,1,12,suspicious,2023-08-16 10:00:00
5138.316607915813,29,9141.770228810567,48,0.36035390599540046,0.06065263194855586,0.21661439180566527,0.42155215399739604,73,11,payment,UAE,investment,real_estate,0,0,0,0,0,3,clean,2023-11-05 12:00:00
30767.36405550465,25,3732.894421774881,18,0.37954935519083616,0.16797912489188782,0.010623273750692446,0.06294555911689081,110,9,transfer,Offshore,personal,real_estate,0,0,0,0,0,1,clean,2023-12-03 13:00:00
